# Blender 4.5.0
# www.blender.org
mtllib Untitled.mtl
o Plane
v -1.801714 0.000004 2.077820
v 2.198286 0.000004 2.077820
v -1.801714 0.000004 -1.922180
v 2.198286 0.000004 -1.922180
vn -0.0000 1.0000 -0.0000
vt 0.000000 0.000000
vt 1.000000 0.000000
vt 1.000000 1.000000
vt 0.000000 1.000000
s 0
f 1/1/1 2/2/1 4/3/1 3/4/1
o Merged_Geometry_2
v 0.209824 -0.008387 -0.280322
v 0.209824 -0.004417 -0.288863
v 0.209824 0.143795 -0.227549
v 0.209824 0.139825 -0.219007
v -0.090176 0.139825 -0.219007
v -0.090176 0.143795 -0.227549
v -0.090176 -0.004417 -0.288863
v -0.090176 -0.008387 -0.280322
v -0.066395 0.131429 -0.200941
v -0.066395 -0.016783 -0.262255
v 0.186044 -0.016783 -0.262255
v 0.186044 0.131429 -0.200941
v -0.066395 0.003979 -0.306930
v -0.066395 0.152191 -0.245615
v 0.186044 0.152191 -0.245615
v 0.186044 0.003979 -0.306930
v -0.066395 -0.027535 -0.288243
v -0.066395 -0.023565 -0.296785
v 0.186044 -0.023565 -0.296785
v 0.186044 -0.027535 -0.288243
v 0.186044 0.158974 -0.211085
v 0.186044 0.162943 -0.219627
v -0.066395 0.162943 -0.219627
v -0.066395 0.158974 -0.211085
v 0.209824 -0.004417 -0.288863
v 0.209367 -0.002779 -0.292388
v 0.209367 0.145433 -0.231073
v 0.209824 0.143795 -0.227549
v 0.209367 -0.002779 -0.292388
v 0.208014 -0.001204 -0.295777
v 0.208014 0.147008 -0.234462
v 0.209367 0.145433 -0.231073
v 0.208014 -0.001204 -0.295777
v 0.205816 0.000248 -0.298901
v 0.205816 0.148460 -0.237586
v 0.208014 0.147008 -0.234462
v 0.205816 0.000248 -0.298901
v 0.202859 0.001520 -0.301638
v 0.202859 0.149732 -0.240323
v 0.205816 0.148460 -0.237586
v 0.202859 0.001520 -0.301638
v 0.199255 0.002564 -0.303885
v 0.199255 0.150776 -0.242570
v 0.202859 0.149732 -0.240323
v 0.199255 0.002564 -0.303885
v 0.195144 0.003340 -0.305555
v 0.195144 0.151552 -0.244240
v 0.199255 0.150776 -0.242570
v 0.195144 0.003340 -0.305555
v 0.190683 0.003818 -0.306583
v 0.190683 0.152030 -0.245268
v 0.195144 0.151552 -0.244240
v 0.190683 0.003818 -0.306583
v 0.186044 0.003979 -0.306930
v 0.186044 0.152191 -0.245615
v 0.190683 0.152030 -0.245268
v -0.090176 0.143795 -0.227549
v -0.089719 0.145433 -0.231073
v -0.089719 -0.002779 -0.292388
v -0.090176 -0.004417 -0.288863
v -0.089719 0.145433 -0.231073
v -0.088365 0.147008 -0.234462
v -0.088365 -0.001204 -0.295777
v -0.089719 -0.002779 -0.292388
v -0.088365 0.147008 -0.234462
v -0.086168 0.148460 -0.237586
v -0.086168 0.000248 -0.298901
v -0.088365 -0.001204 -0.295777
v -0.086168 0.148460 -0.237586
v -0.083210 0.149732 -0.240323
v -0.083210 0.001520 -0.301638
v -0.086168 0.000248 -0.298901
v -0.083210 0.149732 -0.240323
v -0.079607 0.150776 -0.242570
v -0.079607 0.002564 -0.303885
v -0.083210 0.001520 -0.301638
v -0.079607 0.150776 -0.242570
v -0.075495 0.151552 -0.244240
v -0.075495 0.003340 -0.305555
v -0.079607 0.002564 -0.303885
v -0.075495 0.151552 -0.244240
v -0.071034 0.152030 -0.245268
v -0.071034 0.003818 -0.306583
v -0.075495 0.003340 -0.305555
v -0.071034 0.152030 -0.245268
v -0.066395 0.152191 -0.245615
v -0.066395 0.003979 -0.306930
v -0.071034 0.003818 -0.306583
v -0.090176 -0.008387 -0.280322
v -0.089719 -0.010025 -0.276797
v -0.089719 0.138187 -0.215482
v -0.090176 0.139825 -0.219007
v -0.089719 -0.010025 -0.276797
v -0.088365 -0.011600 -0.273408
v -0.088365 0.136612 -0.212093
v -0.089719 0.138187 -0.215482
v -0.088365 -0.011600 -0.273408
v -0.086168 -0.013051 -0.270285
v -0.086168 0.135161 -0.208970
v -0.088365 0.136612 -0.212093
v -0.086168 -0.013051 -0.270285
v -0.083210 -0.014324 -0.267547
v -0.083210 0.133888 -0.206232
v -0.086168 0.135161 -0.208970
v -0.083210 -0.014324 -0.267547
v -0.079607 -0.015368 -0.265300
v -0.079607 0.132844 -0.203985
v -0.083210 0.133888 -0.206232
v -0.079607 -0.015368 -0.265300
v -0.075495 -0.016144 -0.263631
v -0.075495 0.132068 -0.202316
v -0.079607 0.132844 -0.203985
v -0.075495 -0.016144 -0.263631
v -0.071034 -0.016621 -0.262603
v -0.071034 0.131591 -0.201288
v -0.075495 0.132068 -0.202316
v -0.071034 -0.016621 -0.262603
v -0.066395 -0.016783 -0.262255
v -0.066395 0.131429 -0.200941
v -0.071034 0.131591 -0.201288
v 0.209824 0.139825 -0.219007
v 0.209367 0.138187 -0.215482
v 0.209367 -0.010025 -0.276797
v 0.209824 -0.008387 -0.280322
v 0.209367 0.138187 -0.215482
v 0.208014 0.136612 -0.212093
v 0.208014 -0.011600 -0.273408
v 0.209367 -0.010025 -0.276797
v 0.208014 0.136612 -0.212093
v 0.205816 0.135161 -0.208970
v 0.205816 -0.013051 -0.270285
v 0.208014 -0.011600 -0.273408
v 0.205816 0.135161 -0.208970
v 0.202859 0.133888 -0.206232
v 0.202859 -0.014324 -0.267547
v 0.205816 -0.013051 -0.270285
v 0.202859 0.133888 -0.206232
v 0.199255 0.132844 -0.203985
v 0.199255 -0.015368 -0.265300
v 0.202859 -0.014324 -0.267547
v 0.199255 0.132844 -0.203985
v 0.195144 0.132068 -0.202316
v 0.195144 -0.016144 -0.263631
v 0.199255 -0.015368 -0.265300
v 0.195144 0.132068 -0.202316
v 0.190683 0.131591 -0.201288
v 0.190683 -0.016621 -0.262603
v 0.195144 -0.016144 -0.263631
v 0.190683 0.131591 -0.201288
v 0.186044 0.131429 -0.200941
v 0.186044 -0.016783 -0.262255
v 0.190683 -0.016621 -0.262603
v 0.186044 0.162943 -0.219627
v 0.186044 0.164213 -0.223304
v -0.066395 0.164213 -0.223304
v -0.066395 0.162943 -0.219627
v 0.186044 0.164213 -0.223304
v 0.186044 0.164699 -0.227144
v -0.066395 0.164699 -0.227144
v -0.066395 0.164213 -0.223304
v 0.186044 0.164699 -0.227144
v 0.186044 0.164381 -0.230999
v -0.066395 0.164381 -0.230999
v -0.066395 0.164699 -0.227144
v 0.186044 0.164381 -0.230999
v 0.186044 0.163272 -0.234722
v -0.066395 0.163272 -0.234722
v -0.066395 0.164381 -0.230999
v 0.186044 0.163272 -0.234722
v 0.186044 0.161414 -0.238169
v -0.066395 0.161414 -0.238169
v -0.066395 0.163272 -0.234722
v 0.186044 0.161414 -0.238169
v 0.186044 0.158880 -0.241208
v -0.066395 0.158880 -0.241208
v -0.066395 0.161414 -0.238169
v 0.186044 0.158880 -0.241208
v 0.186044 0.155766 -0.243722
v -0.066395 0.155766 -0.243722
v -0.066395 0.158880 -0.241208
v 0.186044 0.155766 -0.243722
v 0.186044 0.152191 -0.245615
v -0.066395 0.152191 -0.245615
v -0.066395 0.155766 -0.243722
v -0.066395 -0.023565 -0.296785
v -0.066395 -0.021559 -0.300157
v 0.186044 -0.021559 -0.300157
v 0.186044 -0.023565 -0.296785
v -0.066395 -0.021559 -0.300157
v -0.066395 -0.018894 -0.303096
v 0.186044 -0.018894 -0.303096
v 0.186044 -0.021559 -0.300157
v -0.066395 -0.018894 -0.303096
v -0.066395 -0.015673 -0.305487
v 0.186044 -0.015673 -0.305487
v 0.186044 -0.018894 -0.303096
v -0.066395 -0.015673 -0.305487
v -0.066395 -0.012020 -0.307240
v 0.186044 -0.012020 -0.307240
v 0.186044 -0.015673 -0.305487
v -0.066395 -0.012020 -0.307240
v -0.066395 -0.008074 -0.308286
v 0.186044 -0.008074 -0.308286
v 0.186044 -0.012020 -0.307240
v -0.066395 -0.008074 -0.308286
v -0.066395 -0.003987 -0.308586
v 0.186044 -0.003987 -0.308586
v 0.186044 -0.008074 -0.308286
v -0.066395 -0.003987 -0.308586
v -0.066395 0.000082 -0.308128
v 0.186044 0.000082 -0.308128
v 0.186044 -0.003987 -0.308586
v -0.066395 0.000082 -0.308128
v -0.066395 0.003979 -0.306930
v 0.186044 0.003979 -0.306930
v 0.186044 0.000082 -0.308128
v 0.186044 -0.027535 -0.288243
v 0.186044 -0.028805 -0.284566
v -0.066395 -0.028805 -0.284566
v -0.066395 -0.027535 -0.288243
v 0.186044 -0.028805 -0.284566
v 0.186044 -0.029290 -0.280727
v -0.066395 -0.029290 -0.280727
v -0.066395 -0.028805 -0.284566
v 0.186044 -0.029290 -0.280727
v 0.186044 -0.028972 -0.276871
v -0.066395 -0.028972 -0.276871
v -0.066395 -0.029290 -0.280727
v 0.186044 -0.028972 -0.276871
v 0.186044 -0.027864 -0.273148
v -0.066395 -0.027864 -0.273148
v -0.066395 -0.028972 -0.276871
v 0.186044 -0.027864 -0.273148
v 0.186044 -0.026006 -0.269701
v -0.066395 -0.026006 -0.269701
v -0.066395 -0.027864 -0.273148
v 0.186044 -0.026006 -0.269701
v 0.186044 -0.023471 -0.266662
v -0.066395 -0.023471 -0.266662
v -0.066395 -0.026006 -0.269701
v 0.186044 -0.023471 -0.266662
v 0.186044 -0.020357 -0.264148
v -0.066395 -0.020357 -0.264148
v -0.066395 -0.023471 -0.266662
v 0.186044 -0.020357 -0.264148
v 0.186044 -0.016783 -0.262255
v -0.066395 -0.016783 -0.262255
v -0.066395 -0.020357 -0.264148
v -0.066395 0.158974 -0.211085
v -0.066395 0.156968 -0.207713
v 0.186044 0.156968 -0.207713
v 0.186044 0.158974 -0.211085
v -0.066395 0.156968 -0.207713
v -0.066395 0.154303 -0.204774
v 0.186044 0.154303 -0.204774
v 0.186044 0.156968 -0.207713
v -0.066395 0.154303 -0.204774
v -0.066395 0.151082 -0.202383
v 0.186044 0.151082 -0.202383
v 0.186044 0.154303 -0.204774
v -0.066395 0.151082 -0.202383
v -0.066395 0.147428 -0.200631
v 0.186044 0.147428 -0.200631
v 0.186044 0.151082 -0.202383
v -0.066395 0.147428 -0.200631
v -0.066395 0.143482 -0.199584
v 0.186044 0.143482 -0.199584
v 0.186044 0.147428 -0.200631
v -0.066395 0.143482 -0.199584
v -0.066395 0.139396 -0.199284
v 0.186044 0.139396 -0.199284
v 0.186044 0.143482 -0.199584
v -0.066395 0.139396 -0.199284
v -0.066395 0.135326 -0.199742
v 0.186044 0.135326 -0.199742
v 0.186044 0.139396 -0.199284
v -0.066395 0.135326 -0.199742
v -0.066395 0.131429 -0.200941
v 0.186044 0.131429 -0.200941
v 0.186044 0.135326 -0.199742
v -0.066395 -0.027535 -0.288243
v -0.071034 -0.027167 -0.288091
v -0.071034 -0.023197 -0.296633
v -0.066395 -0.023565 -0.296785
v -0.071034 -0.027167 -0.288091
v -0.075495 -0.026077 -0.287640
v -0.075495 -0.022107 -0.296182
v -0.071034 -0.023197 -0.296633
v -0.075495 -0.026077 -0.287640
v -0.079607 -0.024308 -0.286908
v -0.079607 -0.020338 -0.295450
v -0.075495 -0.022107 -0.296182
v -0.079607 -0.024308 -0.286908
v -0.083210 -0.021927 -0.285923
v -0.083210 -0.017957 -0.294465
v -0.079607 -0.020338 -0.295450
v -0.083210 -0.021927 -0.285923
v -0.086168 -0.019025 -0.284723
v -0.086168 -0.015055 -0.293265
v -0.083210 -0.017957 -0.294465
v -0.086168 -0.019025 -0.284723
v -0.088365 -0.015714 -0.283353
v -0.088365 -0.011744 -0.291895
v -0.086168 -0.015055 -0.293265
v -0.088365 -0.015714 -0.283353
v -0.089719 -0.012122 -0.281867
v -0.089719 -0.008152 -0.290409
v -0.088365 -0.011744 -0.291895
v -0.089719 -0.012122 -0.281867
v -0.090176 -0.008387 -0.280322
v -0.090176 -0.004417 -0.288863
v -0.089719 -0.008152 -0.290409
v -0.066395 0.162943 -0.219627
v -0.071034 0.162576 -0.219779
v -0.071034 0.158606 -0.211237
v -0.066395 0.158974 -0.211085
v -0.071034 0.162576 -0.219779
v -0.075495 0.161486 -0.220230
v -0.075495 0.157516 -0.211688
v -0.071034 0.158606 -0.211237
v -0.075495 0.161486 -0.220230
v -0.079607 0.159716 -0.220962
v -0.079607 0.155746 -0.212420
v -0.075495 0.157516 -0.211688
v -0.079607 0.159716 -0.220962
v -0.083210 0.157335 -0.221947
v -0.083210 0.153365 -0.213405
v -0.079607 0.155746 -0.212420
v -0.083210 0.157335 -0.221947
v -0.086168 0.154433 -0.223148
v -0.086168 0.150464 -0.214606
v -0.083210 0.153365 -0.213405
v -0.086168 0.154433 -0.223148
v -0.088365 0.151123 -0.224517
v -0.088365 0.147153 -0.215975
v -0.086168 0.150464 -0.214606
v -0.088365 0.151123 -0.224517
v -0.089719 0.147531 -0.226003
v -0.089719 0.143561 -0.217461
v -0.088365 0.147153 -0.215975
v -0.089719 0.147531 -0.226003
v -0.090176 0.143795 -0.227549
v -0.090176 0.139825 -0.219007
v -0.089719 0.143561 -0.217461
v 0.186044 -0.023565 -0.296785
v 0.190683 -0.023197 -0.296633
v 0.190683 -0.027167 -0.288091
v 0.186044 -0.027535 -0.288243
v 0.190683 -0.023197 -0.296633
v 0.195144 -0.022107 -0.296182
v 0.195144 -0.026077 -0.287640
v 0.190683 -0.027167 -0.288091
v 0.195144 -0.022107 -0.296182
v 0.199255 -0.020338 -0.295450
v 0.199255 -0.024308 -0.286908
v 0.195144 -0.026077 -0.287640
v 0.199255 -0.020338 -0.295450
v 0.202859 -0.017957 -0.294465
v 0.202859 -0.021927 -0.285923
v 0.199255 -0.024308 -0.286908
v 0.202859 -0.017957 -0.294465
v 0.205816 -0.015055 -0.293265
v 0.205816 -0.019025 -0.284723
v 0.202859 -0.021927 -0.285923
v 0.205816 -0.015055 -0.293265
v 0.208014 -0.011744 -0.291895
v 0.208014 -0.015714 -0.283353
v 0.205816 -0.019025 -0.284723
v 0.208014 -0.011744 -0.291895
v 0.209367 -0.008152 -0.290409
v 0.209367 -0.012122 -0.281867
v 0.208014 -0.015714 -0.283353
v 0.209367 -0.008152 -0.290409
v 0.209824 -0.004417 -0.288863
v 0.209824 -0.008387 -0.280322
v 0.209367 -0.012122 -0.281867
v 0.186044 0.158974 -0.211085
v 0.190683 0.158606 -0.211237
v 0.190683 0.162576 -0.219779
v 0.186044 0.162943 -0.219627
v 0.190683 0.158606 -0.211237
v 0.195144 0.157516 -0.211688
v 0.195144 0.161486 -0.220230
v 0.190683 0.162576 -0.219779
v 0.195144 0.157516 -0.211688
v 0.199255 0.155746 -0.212420
v 0.199255 0.159716 -0.220962
v 0.195144 0.161486 -0.220230
v 0.199255 0.155746 -0.212420
v 0.202859 0.153365 -0.213405
v 0.202859 0.157335 -0.221947
v 0.199255 0.159716 -0.220962
v 0.202859 0.153365 -0.213405
v 0.205816 0.150464 -0.214606
v 0.205816 0.154433 -0.223148
v 0.202859 0.157335 -0.221947
v 0.205816 0.150464 -0.214606
v 0.208014 0.147153 -0.215975
v 0.208014 0.151123 -0.224517
v 0.205816 0.154433 -0.223148
v 0.208014 0.147153 -0.215975
v 0.209367 0.143561 -0.217461
v 0.209367 0.147531 -0.226003
v 0.208014 0.151123 -0.224517
v 0.209367 0.143561 -0.217461
v 0.209824 0.139825 -0.219007
v 0.209824 0.143795 -0.227549
v 0.209367 0.147531 -0.226003
v 0.186044 -0.016783 -0.262255
v 0.186044 -0.020357 -0.264148
v 0.190683 -0.016621 -0.262603
v 0.190683 -0.016621 -0.262603
v 0.192479 -0.021325 -0.265774
v 0.195144 -0.016144 -0.263631
v 0.190683 -0.016621 -0.262603
v 0.186044 -0.020357 -0.264148
v 0.192479 -0.021325 -0.265774
v 0.186044 -0.020357 -0.264148
v 0.186044 -0.023471 -0.266662
v 0.192479 -0.021325 -0.265774
v 0.195144 -0.016144 -0.263631
v 0.197485 -0.020687 -0.267501
v 0.199255 -0.015368 -0.265300
v 0.195144 -0.016144 -0.263631
v 0.192479 -0.021325 -0.265774
v 0.197485 -0.020687 -0.267501
v 0.192479 -0.021325 -0.265774
v 0.192650 -0.024581 -0.269112
v 0.197485 -0.020687 -0.267501
v 0.192479 -0.021325 -0.265774
v 0.186044 -0.023471 -0.266662
v 0.192650 -0.024581 -0.269112
v 0.186044 -0.023471 -0.266662
v 0.186044 -0.026006 -0.269701
v 0.192650 -0.024581 -0.269112
v 0.199255 -0.015368 -0.265300
v 0.201579 -0.019505 -0.269691
v 0.202859 -0.014324 -0.267547
v 0.199255 -0.015368 -0.265300
v 0.197485 -0.020687 -0.267501
v 0.201579 -0.019505 -0.269691
v 0.197485 -0.020687 -0.267501
v 0.197934 -0.023898 -0.271508
v 0.201579 -0.019505 -0.269691
v 0.197485 -0.020687 -0.267501
v 0.192650 -0.024581 -0.269112
v 0.197934 -0.023898 -0.271508
v 0.192650 -0.024581 -0.269112
v 0.192479 -0.026833 -0.272722
v 0.197934 -0.023898 -0.271508
v 0.192650 -0.024581 -0.269112
v 0.186044 -0.026006 -0.269701
v 0.192479 -0.026833 -0.272722
v 0.186044 -0.026006 -0.269701
v 0.186044 -0.027864 -0.273148
v 0.192479 -0.026833 -0.272722
v 0.202859 -0.014324 -0.267547
v 0.204849 -0.017971 -0.272320
v 0.205816 -0.013051 -0.270285
v 0.202859 -0.014324 -0.267547
v 0.201579 -0.019505 -0.269691
v 0.204849 -0.017971 -0.272320
v 0.201579 -0.019505 -0.269691
v 0.202040 -0.022410 -0.274156
v 0.204849 -0.017971 -0.272320
v 0.201579 -0.019505 -0.269691
v 0.197934 -0.023898 -0.271508
v 0.202040 -0.022410 -0.274156
v 0.197934 -0.023898 -0.271508
v 0.197666 -0.025932 -0.275613
v 0.202040 -0.022410 -0.274156
v 0.197934 -0.023898 -0.271508
v 0.192479 -0.026833 -0.272722
v 0.197666 -0.025932 -0.275613
v 0.192479 -0.026833 -0.272722
v 0.192154 -0.028193 -0.276549
v 0.197666 -0.025932 -0.275613
v 0.192479 -0.026833 -0.272722
v 0.186044 -0.027864 -0.273148
v 0.192154 -0.028193 -0.276549
v 0.186044 -0.027864 -0.273148
v 0.186044 -0.028972 -0.276871
v 0.192154 -0.028193 -0.276549
v 0.205816 -0.013051 -0.270285
v 0.207266 -0.016178 -0.275302
v 0.208014 -0.011600 -0.273408
v 0.205816 -0.013051 -0.270285
v 0.204849 -0.017971 -0.272320
v 0.207266 -0.016178 -0.275302
v 0.204849 -0.017971 -0.272320
v 0.205071 -0.020445 -0.277067
v 0.207266 -0.016178 -0.275302
v 0.204849 -0.017971 -0.272320
v 0.202040 -0.022410 -0.274156
v 0.205071 -0.020445 -0.277067
v 0.202040 -0.022410 -0.274156
v 0.201579 -0.024109 -0.278583
v 0.205071 -0.020445 -0.277067
v 0.202040 -0.022410 -0.274156
v 0.197666 -0.025932 -0.275613
v 0.201579 -0.024109 -0.278583
v 0.197666 -0.025932 -0.275613
v 0.197029 -0.026920 -0.279746
v 0.201579 -0.024109 -0.278583
v 0.197666 -0.025932 -0.275613
v 0.192154 -0.028193 -0.276549
v 0.197029 -0.026920 -0.279746
v 0.192154 -0.028193 -0.276549
v 0.191730 -0.028688 -0.280477
v 0.197029 -0.026920 -0.279746
v 0.192154 -0.028193 -0.276549
v 0.186044 -0.028972 -0.276871
v 0.191730 -0.028688 -0.280477
v 0.186044 -0.028972 -0.276871
v 0.186044 -0.029290 -0.280727
v 0.191730 -0.028688 -0.280477
v 0.208014 -0.011600 -0.273408
v 0.208782 -0.014204 -0.278526
v 0.209367 -0.010025 -0.276797
v 0.208014 -0.011600 -0.273408
v 0.207266 -0.016178 -0.275302
v 0.208782 -0.014204 -0.278526
v 0.207266 -0.016178 -0.275302
v 0.207057 -0.018173 -0.280168
v 0.208782 -0.014204 -0.278526
v 0.207266 -0.016178 -0.275302
v 0.205071 -0.020445 -0.277067
v 0.207057 -0.018173 -0.280168
v 0.205071 -0.020445 -0.277067
v 0.204279 -0.021734 -0.281641
v 0.207057 -0.018173 -0.280168
v 0.205071 -0.020445 -0.277067
v 0.201579 -0.024109 -0.278583
v 0.204279 -0.021734 -0.281641
v 0.201579 -0.024109 -0.278583
v 0.200586 -0.024708 -0.282871
v 0.204279 -0.021734 -0.281641
v 0.201579 -0.024109 -0.278583
v 0.197029 -0.026920 -0.279746
v 0.200586 -0.024708 -0.282871
v 0.197029 -0.026920 -0.279746
v 0.196164 -0.026945 -0.283797
v 0.200586 -0.024708 -0.282871
v 0.197029 -0.026920 -0.279746
v 0.191730 -0.028688 -0.280477
v 0.196164 -0.026945 -0.283797
v 0.191730 -0.028688 -0.280477
v 0.191234 -0.028334 -0.284372
v 0.196164 -0.026945 -0.283797
v 0.191730 -0.028688 -0.280477
v 0.186044 -0.029290 -0.280727
v 0.191234 -0.028334 -0.284372
v 0.186044 -0.029290 -0.280727
v 0.186044 -0.028805 -0.284566
v 0.191234 -0.028334 -0.284372
v 0.209367 -0.010025 -0.276797
v 0.209367 -0.012122 -0.281867
v 0.209824 -0.008387 -0.280322
v 0.209367 -0.010025 -0.276797
v 0.208782 -0.014204 -0.278526
v 0.209367 -0.012122 -0.281867
v 0.208782 -0.014204 -0.278526
v 0.208014 -0.015714 -0.283353
v 0.209367 -0.012122 -0.281867
v 0.208782 -0.014204 -0.278526
v 0.207057 -0.018173 -0.280168
v 0.208014 -0.015714 -0.283353
v 0.207057 -0.018173 -0.280168
v 0.205816 -0.019025 -0.284723
v 0.208014 -0.015714 -0.283353
v 0.207057 -0.018173 -0.280168
v 0.204279 -0.021734 -0.281641
v 0.205816 -0.019025 -0.284723
v 0.204279 -0.021734 -0.281641
v 0.202859 -0.021927 -0.285923
v 0.205816 -0.019025 -0.284723
v 0.204279 -0.021734 -0.281641
v 0.200586 -0.024708 -0.282871
v 0.202859 -0.021927 -0.285923
v 0.200586 -0.024708 -0.282871
v 0.199255 -0.024308 -0.286908
v 0.202859 -0.021927 -0.285923
v 0.200586 -0.024708 -0.282871
v 0.196164 -0.026945 -0.283797
v 0.199255 -0.024308 -0.286908
v 0.196164 -0.026945 -0.283797
v 0.195144 -0.026077 -0.287640
v 0.199255 -0.024308 -0.286908
v 0.196164 -0.026945 -0.283797
v 0.191234 -0.028334 -0.284372
v 0.195144 -0.026077 -0.287640
v 0.191234 -0.028334 -0.284372
v 0.190683 -0.027167 -0.288091
v 0.195144 -0.026077 -0.287640
v 0.191234 -0.028334 -0.284372
v 0.186044 -0.028805 -0.284566
v 0.190683 -0.027167 -0.288091
v 0.186044 -0.028805 -0.284566
v 0.186044 -0.027535 -0.288243
v 0.190683 -0.027167 -0.288091
v -0.066395 -0.016783 -0.262255
v -0.071034 -0.016621 -0.262603
v -0.066395 -0.020357 -0.264148
v -0.071034 -0.016621 -0.262603
v -0.075495 -0.016144 -0.263631
v -0.072830 -0.021325 -0.265774
v -0.071034 -0.016621 -0.262603
v -0.072830 -0.021325 -0.265774
v -0.066395 -0.020357 -0.264148
v -0.066395 -0.020357 -0.264148
v -0.072830 -0.021325 -0.265774
v -0.066395 -0.023471 -0.266662
v -0.075495 -0.016144 -0.263631
v -0.079607 -0.015368 -0.265300
v -0.077837 -0.020687 -0.267501
v -0.075495 -0.016144 -0.263631
v -0.077837 -0.020687 -0.267501
v -0.072830 -0.021325 -0.265774
v -0.072830 -0.021325 -0.265774
v -0.077837 -0.020687 -0.267501
v -0.073001 -0.024581 -0.269112
v -0.072830 -0.021325 -0.265774
v -0.073001 -0.024581 -0.269112
v -0.066395 -0.023471 -0.266662
v -0.066395 -0.023471 -0.266662
v -0.073001 -0.024581 -0.269112
v -0.066395 -0.026006 -0.269701
v -0.079607 -0.015368 -0.265300
v -0.083210 -0.014324 -0.267547
v -0.081930 -0.019505 -0.269691
v -0.079607 -0.015368 -0.265300
v -0.081930 -0.019505 -0.269691
v -0.077837 -0.020687 -0.267501
v -0.077837 -0.020687 -0.267501
v -0.081930 -0.019505 -0.269691
v -0.078285 -0.023898 -0.271508
v -0.077837 -0.020687 -0.267501
v -0.078285 -0.023898 -0.271508
v -0.073001 -0.024581 -0.269112
v -0.073001 -0.024581 -0.269112
v -0.078285 -0.023898 -0.271508
v -0.072830 -0.026833 -0.272722
v -0.073001 -0.024581 -0.269112
v -0.072830 -0.026833 -0.272722
v -0.066395 -0.026006 -0.269701
v -0.066395 -0.026006 -0.269701
v -0.072830 -0.026833 -0.272722
v -0.066395 -0.027864 -0.273148
v -0.083210 -0.014324 -0.267547
v -0.086168 -0.013051 -0.270285
v -0.085200 -0.017971 -0.272320
v -0.083210 -0.014324 -0.267547
v -0.085200 -0.017971 -0.272320
v -0.081930 -0.019505 -0.269691
v -0.081930 -0.019505 -0.269691
v -0.085200 -0.017971 -0.272320
v -0.082392 -0.022410 -0.274156
v -0.081930 -0.019505 -0.269691
v -0.082392 -0.022410 -0.274156
v -0.078285 -0.023898 -0.271508
v -0.078285 -0.023898 -0.271508
v -0.082392 -0.022410 -0.274156
v -0.078017 -0.025932 -0.275613
v -0.078285 -0.023898 -0.271508
v -0.078017 -0.025932 -0.275613
v -0.072830 -0.026833 -0.272722
v -0.072830 -0.026833 -0.272722
v -0.078017 -0.025932 -0.275613
v -0.072505 -0.028193 -0.276549
v -0.072830 -0.026833 -0.272722
v -0.072505 -0.028193 -0.276549
v -0.066395 -0.027864 -0.273148
v -0.066395 -0.027864 -0.273148
v -0.072505 -0.028193 -0.276549
v -0.066395 -0.028972 -0.276871
v -0.086168 -0.013051 -0.270285
v -0.088365 -0.011600 -0.273408
v -0.087617 -0.016178 -0.275302
v -0.086168 -0.013051 -0.270285
v -0.087617 -0.016178 -0.275302
v -0.085200 -0.017971 -0.272320
v -0.085200 -0.017971 -0.272320
v -0.087617 -0.016178 -0.275302
v -0.085422 -0.020445 -0.277067
v -0.085200 -0.017971 -0.272320
v -0.085422 -0.020445 -0.277067
v -0.082392 -0.022410 -0.274156
v -0.082392 -0.022410 -0.274156
v -0.085422 -0.020445 -0.277067
v -0.081930 -0.024109 -0.278583
v -0.082392 -0.022410 -0.274156
v -0.081930 -0.024109 -0.278583
v -0.078017 -0.025932 -0.275613
v -0.078017 -0.025932 -0.275613
v -0.081930 -0.024109 -0.278583
v -0.077380 -0.026920 -0.279746
v -0.078017 -0.025932 -0.275613
v -0.077380 -0.026920 -0.279746
v -0.072505 -0.028193 -0.276549
v -0.072505 -0.028193 -0.276549
v -0.077380 -0.026920 -0.279746
v -0.072081 -0.028688 -0.280477
v -0.072505 -0.028193 -0.276549
v -0.072081 -0.028688 -0.280477
v -0.066395 -0.028972 -0.276871
v -0.066395 -0.028972 -0.276871
v -0.072081 -0.028688 -0.280477
v -0.066395 -0.029290 -0.280727
v -0.088365 -0.011600 -0.273408
v -0.089719 -0.010025 -0.276797
v -0.089134 -0.014204 -0.278526
v -0.088365 -0.011600 -0.273408
v -0.089134 -0.014204 -0.278526
v -0.087617 -0.016178 -0.275302
v -0.087617 -0.016178 -0.275302
v -0.089134 -0.014204 -0.278526
v -0.087409 -0.018173 -0.280168
v -0.087617 -0.016178 -0.275302
v -0.087409 -0.018173 -0.280168
v -0.085422 -0.020445 -0.277067
v -0.085422 -0.020445 -0.277067
v -0.087409 -0.018173 -0.280168
v -0.084630 -0.021734 -0.281641
v -0.085422 -0.020445 -0.277067
v -0.084630 -0.021734 -0.281641
v -0.081930 -0.024109 -0.278583
v -0.081930 -0.024109 -0.278583
v -0.084630 -0.021734 -0.281641
v -0.080937 -0.024708 -0.282871
v -0.081930 -0.024109 -0.278583
v -0.080937 -0.024708 -0.282871
v -0.077380 -0.026920 -0.279746
v -0.077380 -0.026920 -0.279746
v -0.080937 -0.024708 -0.282871
v -0.076515 -0.026945 -0.283797
v -0.077380 -0.026920 -0.279746
v -0.076515 -0.026945 -0.283797
v -0.072081 -0.028688 -0.280477
v -0.072081 -0.028688 -0.280477
v -0.076515 -0.026945 -0.283797
v -0.071585 -0.028334 -0.284372
v -0.072081 -0.028688 -0.280477
v -0.071585 -0.028334 -0.284372
v -0.066395 -0.029290 -0.280727
v -0.066395 -0.029290 -0.280727
v -0.071585 -0.028334 -0.284372
v -0.066395 -0.028805 -0.284566
v -0.089719 -0.010025 -0.276797
v -0.090176 -0.008387 -0.280322
v -0.089719 -0.012122 -0.281867
v -0.089719 -0.010025 -0.276797
v -0.089719 -0.012122 -0.281867
v -0.089134 -0.014204 -0.278526
v -0.089134 -0.014204 -0.278526
v -0.089719 -0.012122 -0.281867
v -0.088365 -0.015714 -0.283353
v -0.089134 -0.014204 -0.278526
v -0.088365 -0.015714 -0.283353
v -0.087409 -0.018173 -0.280168
v -0.087409 -0.018173 -0.280168
v -0.088365 -0.015714 -0.283353
v -0.086168 -0.019025 -0.284723
v -0.087409 -0.018173 -0.280168
v -0.086168 -0.019025 -0.284723
v -0.084630 -0.021734 -0.281641
v -0.084630 -0.021734 -0.281641
v -0.086168 -0.019025 -0.284723
v -0.083210 -0.021927 -0.285923
v -0.084630 -0.021734 -0.281641
v -0.083210 -0.021927 -0.285923
v -0.080937 -0.024708 -0.282871
v -0.080937 -0.024708 -0.282871
v -0.083210 -0.021927 -0.285923
v -0.079607 -0.024308 -0.286908
v -0.080937 -0.024708 -0.282871
v -0.079607 -0.024308 -0.286908
v -0.076515 -0.026945 -0.283797
v -0.076515 -0.026945 -0.283797
v -0.079607 -0.024308 -0.286908
v -0.075495 -0.026077 -0.287640
v -0.076515 -0.026945 -0.283797
v -0.075495 -0.026077 -0.287640
v -0.071585 -0.028334 -0.284372
v -0.071585 -0.028334 -0.284372
v -0.075495 -0.026077 -0.287640
v -0.071034 -0.027167 -0.288091
v -0.071585 -0.028334 -0.284372
v -0.071034 -0.027167 -0.288091
v -0.066395 -0.028805 -0.284566
v -0.066395 -0.028805 -0.284566
v -0.071034 -0.027167 -0.288091
v -0.066395 -0.027535 -0.288243
v 0.186044 0.003979 -0.306930
v 0.190683 0.003818 -0.306583
v 0.186044 0.000082 -0.308128
v 0.190683 0.003818 -0.306583
v 0.195144 0.003340 -0.305555
v 0.192479 -0.001841 -0.307698
v 0.190683 0.003818 -0.306583
v 0.192479 -0.001841 -0.307698
v 0.186044 0.000082 -0.308128
v 0.186044 0.000082 -0.308128
v 0.192479 -0.001841 -0.307698
v 0.186044 -0.003987 -0.308586
v 0.195144 0.003340 -0.305555
v 0.199255 0.002564 -0.303885
v 0.197485 -0.002755 -0.306085
v 0.195144 0.003340 -0.305555
v 0.197485 -0.002755 -0.306085
v 0.192479 -0.001841 -0.307698
v 0.192479 -0.001841 -0.307698
v 0.197485 -0.002755 -0.306085
v 0.192650 -0.006649 -0.307696
v 0.192479 -0.001841 -0.307698
v 0.192650 -0.006649 -0.307696
v 0.186044 -0.003987 -0.308586
v 0.186044 -0.003987 -0.308586
v 0.192650 -0.006649 -0.307696
v 0.186044 -0.008074 -0.308286
v 0.199255 0.002564 -0.303885
v 0.202859 0.001520 -0.301638
v 0.201579 -0.003661 -0.303782
v 0.199255 0.002564 -0.303885
v 0.201579 -0.003661 -0.303782
v 0.197485 -0.002755 -0.306085
v 0.197485 -0.002755 -0.306085
v 0.201579 -0.003661 -0.303782
v 0.197934 -0.008054 -0.305599
v 0.197485 -0.002755 -0.306085
v 0.197934 -0.008054 -0.305599
v 0.192650 -0.006649 -0.307696
v 0.192650 -0.006649 -0.307696
v 0.197934 -0.008054 -0.305599
v 0.192479 -0.010989 -0.306813
v 0.192650 -0.006649 -0.307696
v 0.192479 -0.010989 -0.306813
v 0.186044 -0.008074 -0.308286
v 0.186044 -0.008074 -0.308286
v 0.192479 -0.010989 -0.306813
v 0.186044 -0.012020 -0.307240
v 0.202859 0.001520 -0.301638
v 0.205816 0.000248 -0.298901
v 0.204849 -0.004672 -0.300936
v 0.202859 0.001520 -0.301638
v 0.204849 -0.004672 -0.300936
v 0.201579 -0.003661 -0.303782
v 0.201579 -0.003661 -0.303782
v 0.204849 -0.004672 -0.300936
v 0.202040 -0.009110 -0.302772
v 0.201579 -0.003661 -0.303782
v 0.202040 -0.009110 -0.302772
v 0.197934 -0.008054 -0.305599
v 0.197934 -0.008054 -0.305599
v 0.202040 -0.009110 -0.302772
v 0.197666 -0.012633 -0.304229
v 0.197934 -0.008054 -0.305599
v 0.197666 -0.012633 -0.304229
v 0.192479 -0.010989 -0.306813
v 0.192479 -0.010989 -0.306813
v 0.197666 -0.012633 -0.304229
v 0.192154 -0.014894 -0.305165
v 0.192479 -0.010989 -0.306813
v 0.192154 -0.014894 -0.305165
v 0.186044 -0.012020 -0.307240
v 0.186044 -0.012020 -0.307240
v 0.192154 -0.014894 -0.305165
v 0.186044 -0.015673 -0.305487
v 0.205816 0.000248 -0.298901
v 0.208014 -0.001204 -0.295777
v 0.207266 -0.005782 -0.297671
v 0.205816 0.000248 -0.298901
v 0.207266 -0.005782 -0.297671
v 0.204849 -0.004672 -0.300936
v 0.204849 -0.004672 -0.300936
v 0.207266 -0.005782 -0.297671
v 0.205071 -0.010049 -0.299436
v 0.204849 -0.004672 -0.300936
v 0.205071 -0.010049 -0.299436
v 0.202040 -0.009110 -0.302772
v 0.202040 -0.009110 -0.302772
v 0.205071 -0.010049 -0.299436
v 0.201579 -0.013713 -0.300952
v 0.202040 -0.009110 -0.302772
v 0.201579 -0.013713 -0.300952
v 0.197666 -0.012633 -0.304229
v 0.197666 -0.012633 -0.304229
v 0.201579 -0.013713 -0.300952
v 0.197029 -0.016524 -0.302115
v 0.197666 -0.012633 -0.304229
v 0.197029 -0.016524 -0.302115
v 0.192154 -0.014894 -0.305165
v 0.192154 -0.014894 -0.305165
v 0.197029 -0.016524 -0.302115
v 0.191730 -0.018292 -0.302846
v 0.192154 -0.014894 -0.305165
v 0.191730 -0.018292 -0.302846
v 0.186044 -0.015673 -0.305487
v 0.186044 -0.015673 -0.305487
v 0.191730 -0.018292 -0.302846
v 0.186044 -0.018894 -0.303096
v 0.208014 -0.001204 -0.295777
v 0.209367 -0.002779 -0.292388
v 0.208782 -0.006958 -0.294117
v 0.208014 -0.001204 -0.295777
v 0.208782 -0.006958 -0.294117
v 0.207266 -0.005782 -0.297671
v 0.207266 -0.005782 -0.297671
v 0.208782 -0.006958 -0.294117
v 0.207057 -0.010927 -0.295759
v 0.207266 -0.005782 -0.297671
v 0.207057 -0.010927 -0.295759
v 0.205071 -0.010049 -0.299436
v 0.205071 -0.010049 -0.299436
v 0.207057 -0.010927 -0.295759
v 0.204279 -0.014488 -0.297232
v 0.205071 -0.010049 -0.299436
v 0.204279 -0.014488 -0.297232
v 0.201579 -0.013713 -0.300952
v 0.201579 -0.013713 -0.300952
v 0.204279 -0.014488 -0.297232
v 0.200586 -0.017462 -0.298462
v 0.201579 -0.013713 -0.300952
v 0.200586 -0.017462 -0.298462
v 0.197029 -0.016524 -0.302115
v 0.197029 -0.016524 -0.302115
v 0.200586 -0.017462 -0.298462
v 0.196164 -0.019699 -0.299388
v 0.197029 -0.016524 -0.302115
v 0.196164 -0.019699 -0.299388
v 0.191730 -0.018292 -0.302846
v 0.191730 -0.018292 -0.302846
v 0.196164 -0.019699 -0.299388
v 0.191234 -0.021088 -0.299963
v 0.191730 -0.018292 -0.302846
v 0.191234 -0.021088 -0.299963
v 0.186044 -0.018894 -0.303096
v 0.186044 -0.018894 -0.303096
v 0.191234 -0.021088 -0.299963
v 0.186044 -0.021559 -0.300157
v 0.209367 -0.002779 -0.292388
v 0.209824 -0.004417 -0.288863
v 0.209367 -0.008152 -0.290409
v 0.209367 -0.002779 -0.292388
v 0.209367 -0.008152 -0.290409
v 0.208782 -0.006958 -0.294117
v 0.208782 -0.006958 -0.294117
v 0.209367 -0.008152 -0.290409
v 0.208014 -0.011744 -0.291895
v 0.208782 -0.006958 -0.294117
v 0.208014 -0.011744 -0.291895
v 0.207057 -0.010927 -0.295759
v 0.207057 -0.010927 -0.295759
v 0.208014 -0.011744 -0.291895
v 0.205816 -0.015055 -0.293265
v 0.207057 -0.010927 -0.295759
v 0.205816 -0.015055 -0.293265
v 0.204279 -0.014488 -0.297232
v 0.204279 -0.014488 -0.297232
v 0.205816 -0.015055 -0.293265
v 0.202859 -0.017957 -0.294465
v 0.204279 -0.014488 -0.297232
v 0.202859 -0.017957 -0.294465
v 0.200586 -0.017462 -0.298462
v 0.200586 -0.017462 -0.298462
v 0.202859 -0.017957 -0.294465
v 0.199255 -0.020338 -0.295450
v 0.200586 -0.017462 -0.298462
v 0.199255 -0.020338 -0.295450
v 0.196164 -0.019699 -0.299388
v 0.196164 -0.019699 -0.299388
v 0.199255 -0.020338 -0.295450
v 0.195144 -0.022107 -0.296182
v 0.196164 -0.019699 -0.299388
v 0.195144 -0.022107 -0.296182
v 0.191234 -0.021088 -0.299963
v 0.191234 -0.021088 -0.299963
v 0.195144 -0.022107 -0.296182
v 0.190683 -0.023197 -0.296633
v 0.191234 -0.021088 -0.299963
v 0.190683 -0.023197 -0.296633
v 0.186044 -0.021559 -0.300157
v 0.186044 -0.021559 -0.300157
v 0.190683 -0.023197 -0.296633
v 0.186044 -0.023565 -0.296785
v -0.066395 0.003979 -0.306930
v -0.066395 0.000082 -0.308128
v -0.071034 0.003818 -0.306583
v -0.071034 0.003818 -0.306583
v -0.072830 -0.001841 -0.307698
v -0.075495 0.003340 -0.305555
v -0.071034 0.003818 -0.306583
v -0.066395 0.000082 -0.308128
v -0.072830 -0.001841 -0.307698
v -0.066395 0.000082 -0.308128
v -0.066395 -0.003987 -0.308586
v -0.072830 -0.001841 -0.307698
v -0.075495 0.003340 -0.305555
v -0.077837 -0.002755 -0.306085
v -0.079607 0.002564 -0.303885
v -0.075495 0.003340 -0.305555
v -0.072830 -0.001841 -0.307698
v -0.077837 -0.002755 -0.306085
v -0.072830 -0.001841 -0.307698
v -0.073001 -0.006649 -0.307696
v -0.077837 -0.002755 -0.306085
v -0.072830 -0.001841 -0.307698
v -0.066395 -0.003987 -0.308586
v -0.073001 -0.006649 -0.307696
v -0.066395 -0.003987 -0.308586
v -0.066395 -0.008074 -0.308286
v -0.073001 -0.006649 -0.307696
v -0.079607 0.002564 -0.303885
v -0.081930 -0.003661 -0.303782
v -0.083210 0.001520 -0.301638
v -0.079607 0.002564 -0.303885
v -0.077837 -0.002755 -0.306085
v -0.081930 -0.003661 -0.303782
v -0.077837 -0.002755 -0.306085
v -0.078285 -0.008054 -0.305599
v -0.081930 -0.003661 -0.303782
v -0.077837 -0.002755 -0.306085
v -0.073001 -0.006649 -0.307696
v -0.078285 -0.008054 -0.305599
v -0.073001 -0.006649 -0.307696
v -0.072830 -0.010989 -0.306813
v -0.078285 -0.008054 -0.305599
v -0.073001 -0.006649 -0.307696
v -0.066395 -0.008074 -0.308286
v -0.072830 -0.010989 -0.306813
v -0.066395 -0.008074 -0.308286
v -0.066395 -0.012020 -0.307240
v -0.072830 -0.010989 -0.306813
v -0.083210 0.001520 -0.301638
v -0.085200 -0.004672 -0.300936
v -0.086168 0.000248 -0.298901
v -0.083210 0.001520 -0.301638
v -0.081930 -0.003661 -0.303782
v -0.085200 -0.004672 -0.300936
v -0.081930 -0.003661 -0.303782
v -0.082392 -0.009110 -0.302772
v -0.085200 -0.004672 -0.300936
v -0.081930 -0.003661 -0.303782
v -0.078285 -0.008054 -0.305599
v -0.082392 -0.009110 -0.302772
v -0.078285 -0.008054 -0.305599
v -0.078017 -0.012633 -0.304229
v -0.082392 -0.009110 -0.302772
v -0.078285 -0.008054 -0.305599
v -0.072830 -0.010989 -0.306813
v -0.078017 -0.012633 -0.304229
v -0.072830 -0.010989 -0.306813
v -0.072505 -0.014894 -0.305165
v -0.078017 -0.012633 -0.304229
v -0.072830 -0.010989 -0.306813
v -0.066395 -0.012020 -0.307240
v -0.072505 -0.014894 -0.305165
v -0.066395 -0.012020 -0.307240
v -0.066395 -0.015673 -0.305487
v -0.072505 -0.014894 -0.305165
v -0.086168 0.000248 -0.298901
v -0.087617 -0.005782 -0.297671
v -0.088365 -0.001204 -0.295777
v -0.086168 0.000248 -0.298901
v -0.085200 -0.004672 -0.300936
v -0.087617 -0.005782 -0.297671
v -0.085200 -0.004672 -0.300936
v -0.085422 -0.010049 -0.299436
v -0.087617 -0.005782 -0.297671
v -0.085200 -0.004672 -0.300936
v -0.082392 -0.009110 -0.302772
v -0.085422 -0.010049 -0.299436
v -0.082392 -0.009110 -0.302772
v -0.081930 -0.013713 -0.300952
v -0.085422 -0.010049 -0.299436
v -0.082392 -0.009110 -0.302772
v -0.078017 -0.012633 -0.304229
v -0.081930 -0.013713 -0.300952
v -0.078017 -0.012633 -0.304229
v -0.077380 -0.016524 -0.302115
v -0.081930 -0.013713 -0.300952
v -0.078017 -0.012633 -0.304229
v -0.072505 -0.014894 -0.305165
v -0.077380 -0.016524 -0.302115
v -0.072505 -0.014894 -0.305165
v -0.072081 -0.018292 -0.302846
v -0.077380 -0.016524 -0.302115
v -0.072505 -0.014894 -0.305165
v -0.066395 -0.015673 -0.305487
v -0.072081 -0.018292 -0.302846
v -0.066395 -0.015673 -0.305487
v -0.066395 -0.018894 -0.303096
v -0.072081 -0.018292 -0.302846
v -0.088365 -0.001204 -0.295777
v -0.089134 -0.006958 -0.294117
v -0.089719 -0.002779 -0.292388
v -0.088365 -0.001204 -0.295777
v -0.087617 -0.005782 -0.297671
v -0.089134 -0.006958 -0.294117
v -0.087617 -0.005782 -0.297671
v -0.087409 -0.010927 -0.295759
v -0.089134 -0.006958 -0.294117
v -0.087617 -0.005782 -0.297671
v -0.085422 -0.010049 -0.299436
v -0.087409 -0.010927 -0.295759
v -0.085422 -0.010049 -0.299436
v -0.084630 -0.014488 -0.297232
v -0.087409 -0.010927 -0.295759
v -0.085422 -0.010049 -0.299436
v -0.081930 -0.013713 -0.300952
v -0.084630 -0.014488 -0.297232
v -0.081930 -0.013713 -0.300952
v -0.080937 -0.017462 -0.298462
v -0.084630 -0.014488 -0.297232
v -0.081930 -0.013713 -0.300952
v -0.077380 -0.016524 -0.302115
v -0.080937 -0.017462 -0.298462
v -0.077380 -0.016524 -0.302115
v -0.076515 -0.019699 -0.299388
v -0.080937 -0.017462 -0.298462
v -0.077380 -0.016524 -0.302115
v -0.072081 -0.018292 -0.302846
v -0.076515 -0.019699 -0.299388
v -0.072081 -0.018292 -0.302846
v -0.071585 -0.021088 -0.299963
v -0.076515 -0.019699 -0.299388
v -0.072081 -0.018292 -0.302846
v -0.066395 -0.018894 -0.303096
v -0.071585 -0.021088 -0.299963
v -0.066395 -0.018894 -0.303096
v -0.066395 -0.021559 -0.300157
v -0.071585 -0.021088 -0.299963
v -0.089719 -0.002779 -0.292388
v -0.089719 -0.008152 -0.290409
v -0.090176 -0.004417 -0.288863
v -0.089719 -0.002779 -0.292388
v -0.089134 -0.006958 -0.294117
v -0.089719 -0.008152 -0.290409
v -0.089134 -0.006958 -0.294117
v -0.088365 -0.011744 -0.291895
v -0.089719 -0.008152 -0.290409
v -0.089134 -0.006958 -0.294117
v -0.087409 -0.010927 -0.295759
v -0.088365 -0.011744 -0.291895
v -0.087409 -0.010927 -0.295759
v -0.086168 -0.015055 -0.293265
v -0.088365 -0.011744 -0.291895
v -0.087409 -0.010927 -0.295759
v -0.084630 -0.014488 -0.297232
v -0.086168 -0.015055 -0.293265
v -0.084630 -0.014488 -0.297232
v -0.083210 -0.017957 -0.294465
v -0.086168 -0.015055 -0.293265
v -0.084630 -0.014488 -0.297232
v -0.080937 -0.017462 -0.298462
v -0.083210 -0.017957 -0.294465
v -0.080937 -0.017462 -0.298462
v -0.079607 -0.020338 -0.295450
v -0.083210 -0.017957 -0.294465
v -0.080937 -0.017462 -0.298462
v -0.076515 -0.019699 -0.299388
v -0.079607 -0.020338 -0.295450
v -0.076515 -0.019699 -0.299388
v -0.075495 -0.022107 -0.296182
v -0.079607 -0.020338 -0.295450
v -0.076515 -0.019699 -0.299388
v -0.071585 -0.021088 -0.299963
v -0.075495 -0.022107 -0.296182
v -0.071585 -0.021088 -0.299963
v -0.071034 -0.023197 -0.296633
v -0.075495 -0.022107 -0.296182
v -0.071585 -0.021088 -0.299963
v -0.066395 -0.021559 -0.300157
v -0.071034 -0.023197 -0.296633
v -0.066395 -0.021559 -0.300157
v -0.066395 -0.023565 -0.296785
v -0.071034 -0.023197 -0.296633
v 0.186044 0.131429 -0.200941
v 0.190683 0.131591 -0.201288
v 0.186044 0.135326 -0.199742
v 0.190683 0.131591 -0.201288
v 0.195144 0.132068 -0.202316
v 0.192479 0.137250 -0.200172
v 0.190683 0.131591 -0.201288
v 0.192479 0.137250 -0.200172
v 0.186044 0.135326 -0.199742
v 0.186044 0.135326 -0.199742
v 0.192479 0.137250 -0.200172
v 0.186044 0.139396 -0.199284
v 0.195144 0.132068 -0.202316
v 0.199255 0.132844 -0.203985
v 0.197485 0.138163 -0.201785
v 0.195144 0.132068 -0.202316
v 0.197485 0.138163 -0.201785
v 0.192479 0.137250 -0.200172
v 0.192479 0.137250 -0.200172
v 0.197485 0.138163 -0.201785
v 0.192650 0.142057 -0.200174
v 0.192479 0.137250 -0.200172
v 0.192650 0.142057 -0.200174
v 0.186044 0.139396 -0.199284
v 0.186044 0.139396 -0.199284
v 0.192650 0.142057 -0.200174
v 0.186044 0.143482 -0.199584
v 0.199255 0.132844 -0.203985
v 0.202859 0.133888 -0.206232
v 0.201579 0.139070 -0.204088
v 0.199255 0.132844 -0.203985
v 0.201579 0.139070 -0.204088
v 0.197485 0.138163 -0.201785
v 0.197485 0.138163 -0.201785
v 0.201579 0.139070 -0.204088
v 0.197934 0.143462 -0.202271
v 0.197485 0.138163 -0.201785
v 0.197934 0.143462 -0.202271
v 0.192650 0.142057 -0.200174
v 0.192650 0.142057 -0.200174
v 0.197934 0.143462 -0.202271
v 0.192479 0.146398 -0.201057
v 0.192650 0.142057 -0.200174
v 0.192479 0.146398 -0.201057
v 0.186044 0.143482 -0.199584
v 0.186044 0.143482 -0.199584
v 0.192479 0.146398 -0.201057
v 0.186044 0.147428 -0.200631
v 0.202859 0.133888 -0.206232
v 0.205816 0.135161 -0.208970
v 0.204849 0.140081 -0.206934
v 0.202859 0.133888 -0.206232
v 0.204849 0.140081 -0.206934
v 0.201579 0.139070 -0.204088
v 0.201579 0.139070 -0.204088
v 0.204849 0.140081 -0.206934
v 0.202040 0.144519 -0.205098
v 0.201579 0.139070 -0.204088
v 0.202040 0.144519 -0.205098
v 0.197934 0.143462 -0.202271
v 0.197934 0.143462 -0.202271
v 0.202040 0.144519 -0.205098
v 0.197666 0.148041 -0.203641
v 0.197934 0.143462 -0.202271
v 0.197666 0.148041 -0.203641
v 0.192479 0.146398 -0.201057
v 0.192479 0.146398 -0.201057
v 0.197666 0.148041 -0.203641
v 0.192154 0.150303 -0.202706
v 0.192479 0.146398 -0.201057
v 0.192154 0.150303 -0.202706
v 0.186044 0.147428 -0.200631
v 0.186044 0.147428 -0.200631
v 0.192154 0.150303 -0.202706
v 0.186044 0.151082 -0.202383
v 0.205816 0.135161 -0.208970
v 0.208014 0.136612 -0.212093
v 0.207266 0.141191 -0.210199
v 0.205816 0.135161 -0.208970
v 0.207266 0.141191 -0.210199
v 0.204849 0.140081 -0.206934
v 0.204849 0.140081 -0.206934
v 0.207266 0.141191 -0.210199
v 0.205071 0.145458 -0.208434
v 0.204849 0.140081 -0.206934
v 0.205071 0.145458 -0.208434
v 0.202040 0.144519 -0.205098
v 0.202040 0.144519 -0.205098
v 0.205071 0.145458 -0.208434
v 0.201579 0.149121 -0.206918
v 0.202040 0.144519 -0.205098
v 0.201579 0.149121 -0.206918
v 0.197666 0.148041 -0.203641
v 0.197666 0.148041 -0.203641
v 0.201579 0.149121 -0.206918
v 0.197029 0.151933 -0.205755
v 0.197666 0.148041 -0.203641
v 0.197029 0.151933 -0.205755
v 0.192154 0.150303 -0.202706
v 0.192154 0.150303 -0.202706
v 0.197029 0.151933 -0.205755
v 0.191730 0.153700 -0.205024
v 0.192154 0.150303 -0.202706
v 0.191730 0.153700 -0.205024
v 0.186044 0.151082 -0.202383
v 0.186044 0.151082 -0.202383
v 0.191730 0.153700 -0.205024
v 0.186044 0.154303 -0.204774
v 0.208014 0.136612 -0.212093
v 0.209367 0.138187 -0.215482
v 0.208782 0.142366 -0.213753
v 0.208014 0.136612 -0.212093
v 0.208782 0.142366 -0.213753
v 0.207266 0.141191 -0.210199
v 0.207266 0.141191 -0.210199
v 0.208782 0.142366 -0.213753
v 0.207057 0.146336 -0.212111
v 0.207266 0.141191 -0.210199
v 0.207057 0.146336 -0.212111
v 0.205071 0.145458 -0.208434
v 0.205071 0.145458 -0.208434
v 0.207057 0.146336 -0.212111
v 0.204279 0.149897 -0.210638
v 0.205071 0.145458 -0.208434
v 0.204279 0.149897 -0.210638
v 0.201579 0.149121 -0.206918
v 0.201579 0.149121 -0.206918
v 0.204279 0.149897 -0.210638
v 0.200586 0.152870 -0.209408
v 0.201579 0.149121 -0.206918
v 0.200586 0.152870 -0.209408
v 0.197029 0.151933 -0.205755
v 0.197029 0.151933 -0.205755
v 0.200586 0.152870 -0.209408
v 0.196164 0.155108 -0.208482
v 0.197029 0.151933 -0.205755
v 0.196164 0.155108 -0.208482
v 0.191730 0.153700 -0.205024
v 0.191730 0.153700 -0.205024
v 0.196164 0.155108 -0.208482
v 0.191234 0.156497 -0.207908
v 0.191730 0.153700 -0.205024
v 0.191234 0.156497 -0.207908
v 0.186044 0.154303 -0.204774
v 0.186044 0.154303 -0.204774
v 0.191234 0.156497 -0.207908
v 0.186044 0.156968 -0.207713
v 0.209367 0.138187 -0.215482
v 0.209824 0.139825 -0.219007
v 0.209367 0.143561 -0.217461
v 0.209367 0.138187 -0.215482
v 0.209367 0.143561 -0.217461
v 0.208782 0.142366 -0.213753
v 0.208782 0.142366 -0.213753
v 0.209367 0.143561 -0.217461
v 0.208014 0.147153 -0.215975
v 0.208782 0.142366 -0.213753
v 0.208014 0.147153 -0.215975
v 0.207057 0.146336 -0.212111
v 0.207057 0.146336 -0.212111
v 0.208014 0.147153 -0.215975
v 0.205816 0.150464 -0.214606
v 0.207057 0.146336 -0.212111
v 0.205816 0.150464 -0.214606
v 0.204279 0.149897 -0.210638
v 0.204279 0.149897 -0.210638
v 0.205816 0.150464 -0.214606
v 0.202859 0.153365 -0.213405
v 0.204279 0.149897 -0.210638
v 0.202859 0.153365 -0.213405
v 0.200586 0.152870 -0.209408
v 0.200586 0.152870 -0.209408
v 0.202859 0.153365 -0.213405
v 0.199255 0.155746 -0.212420
v 0.200586 0.152870 -0.209408
v 0.199255 0.155746 -0.212420
v 0.196164 0.155108 -0.208482
v 0.196164 0.155108 -0.208482
v 0.199255 0.155746 -0.212420
v 0.195144 0.157516 -0.211688
v 0.196164 0.155108 -0.208482
v 0.195144 0.157516 -0.211688
v 0.191234 0.156497 -0.207908
v 0.191234 0.156497 -0.207908
v 0.195144 0.157516 -0.211688
v 0.190683 0.158606 -0.211237
v 0.191234 0.156497 -0.207908
v 0.190683 0.158606 -0.211237
v 0.186044 0.156968 -0.207713
v 0.186044 0.156968 -0.207713
v 0.190683 0.158606 -0.211237
v 0.186044 0.158974 -0.211085
v -0.066395 0.131429 -0.200941
v -0.066395 0.135326 -0.199742
v -0.071034 0.131591 -0.201288
v -0.071034 0.131591 -0.201288
v -0.072830 0.137250 -0.200172
v -0.075495 0.132068 -0.202316
v -0.071034 0.131591 -0.201288
v -0.066395 0.135326 -0.199742
v -0.072830 0.137250 -0.200172
v -0.066395 0.135326 -0.199742
v -0.066395 0.139396 -0.199284
v -0.072830 0.137250 -0.200172
v -0.075495 0.132068 -0.202316
v -0.077837 0.138163 -0.201785
v -0.079607 0.132844 -0.203985
v -0.075495 0.132068 -0.202316
v -0.072830 0.137250 -0.200172
v -0.077837 0.138163 -0.201785
v -0.072830 0.137250 -0.200172
v -0.073001 0.142057 -0.200174
v -0.077837 0.138163 -0.201785
v -0.072830 0.137250 -0.200172
v -0.066395 0.139396 -0.199284
v -0.073001 0.142057 -0.200174
v -0.066395 0.139396 -0.199284
v -0.066395 0.143482 -0.199584
v -0.073001 0.142057 -0.200174
v -0.079607 0.132844 -0.203985
v -0.081930 0.139070 -0.204088
v -0.083210 0.133888 -0.206232
v -0.079607 0.132844 -0.203985
v -0.077837 0.138163 -0.201785
v -0.081930 0.139070 -0.204088
v -0.077837 0.138163 -0.201785
v -0.078285 0.143462 -0.202271
v -0.081930 0.139070 -0.204088
v -0.077837 0.138163 -0.201785
v -0.073001 0.142057 -0.200174
v -0.078285 0.143462 -0.202271
v -0.073001 0.142057 -0.200174
v -0.072830 0.146398 -0.201057
v -0.078285 0.143462 -0.202271
v -0.073001 0.142057 -0.200174
v -0.066395 0.143482 -0.199584
v -0.072830 0.146398 -0.201057
v -0.066395 0.143482 -0.199584
v -0.066395 0.147428 -0.200631
v -0.072830 0.146398 -0.201057
v -0.083210 0.133888 -0.206232
v -0.085200 0.140081 -0.206934
v -0.086168 0.135161 -0.208970
v -0.083210 0.133888 -0.206232
v -0.081930 0.139070 -0.204088
v -0.085200 0.140081 -0.206934
v -0.081930 0.139070 -0.204088
v -0.082392 0.144519 -0.205098
v -0.085200 0.140081 -0.206934
v -0.081930 0.139070 -0.204088
v -0.078285 0.143462 -0.202271
v -0.082392 0.144519 -0.205098
v -0.078285 0.143462 -0.202271
v -0.078017 0.148041 -0.203641
v -0.082392 0.144519 -0.205098
v -0.078285 0.143462 -0.202271
v -0.072830 0.146398 -0.201057
v -0.078017 0.148041 -0.203641
v -0.072830 0.146398 -0.201057
v -0.072505 0.150303 -0.202706
v -0.078017 0.148041 -0.203641
v -0.072830 0.146398 -0.201057
v -0.066395 0.147428 -0.200631
v -0.072505 0.150303 -0.202706
v -0.066395 0.147428 -0.200631
v -0.066395 0.151082 -0.202383
v -0.072505 0.150303 -0.202706
v -0.086168 0.135161 -0.208970
v -0.087617 0.141191 -0.210199
v -0.088365 0.136612 -0.212093
v -0.086168 0.135161 -0.208970
v -0.085200 0.140081 -0.206934
v -0.087617 0.141191 -0.210199
v -0.085200 0.140081 -0.206934
v -0.085422 0.145458 -0.208434
v -0.087617 0.141191 -0.210199
v -0.085200 0.140081 -0.206934
v -0.082392 0.144519 -0.205098
v -0.085422 0.145458 -0.208434
v -0.082392 0.144519 -0.205098
v -0.081930 0.149121 -0.206918
v -0.085422 0.145458 -0.208434
v -0.082392 0.144519 -0.205098
v -0.078017 0.148041 -0.203641
v -0.081930 0.149121 -0.206918
v -0.078017 0.148041 -0.203641
v -0.077380 0.151933 -0.205755
v -0.081930 0.149121 -0.206918
v -0.078017 0.148041 -0.203641
v -0.072505 0.150303 -0.202706
v -0.077380 0.151933 -0.205755
v -0.072505 0.150303 -0.202706
v -0.072081 0.153700 -0.205024
v -0.077380 0.151933 -0.205755
v -0.072505 0.150303 -0.202706
v -0.066395 0.151082 -0.202383
v -0.072081 0.153700 -0.205024
v -0.066395 0.151082 -0.202383
v -0.066395 0.154303 -0.204774
v -0.072081 0.153700 -0.205024
v -0.088365 0.136612 -0.212093
v -0.089134 0.142366 -0.213753
v -0.089719 0.138187 -0.215482
v -0.088365 0.136612 -0.212093
v -0.087617 0.141191 -0.210199
v -0.089134 0.142366 -0.213753
v -0.087617 0.141191 -0.210199
v -0.087409 0.146336 -0.212111
v -0.089134 0.142366 -0.213753
v -0.087617 0.141191 -0.210199
v -0.085422 0.145458 -0.208434
v -0.087409 0.146336 -0.212111
v -0.085422 0.145458 -0.208434
v -0.084630 0.149897 -0.210638
v -0.087409 0.146336 -0.212111
v -0.085422 0.145458 -0.208434
v -0.081930 0.149121 -0.206918
v -0.084630 0.149897 -0.210638
v -0.081930 0.149121 -0.206918
v -0.080937 0.152870 -0.209408
v -0.084630 0.149897 -0.210638
v -0.081930 0.149121 -0.206918
v -0.077380 0.151933 -0.205755
v -0.080937 0.152870 -0.209408
v -0.077380 0.151933 -0.205755
v -0.076515 0.155108 -0.208482
v -0.080937 0.152870 -0.209408
v -0.077380 0.151933 -0.205755
v -0.072081 0.153700 -0.205024
v -0.076515 0.155108 -0.208482
v -0.072081 0.153700 -0.205024
v -0.071585 0.156497 -0.207908
v -0.076515 0.155108 -0.208482
v -0.072081 0.153700 -0.205024
v -0.066395 0.154303 -0.204774
v -0.071585 0.156497 -0.207908
v -0.066395 0.154303 -0.204774
v -0.066395 0.156968 -0.207713
v -0.071585 0.156497 -0.207908
v -0.089719 0.138187 -0.215482
v -0.089719 0.143561 -0.217461
v -0.090176 0.139825 -0.219007
v -0.089719 0.138187 -0.215482
v -0.089134 0.142366 -0.213753
v -0.089719 0.143561 -0.217461
v -0.089134 0.142366 -0.213753
v -0.088365 0.147153 -0.215975
v -0.089719 0.143561 -0.217461
v -0.089134 0.142366 -0.213753
v -0.087409 0.146336 -0.212111
v -0.088365 0.147153 -0.215975
v -0.087409 0.146336 -0.212111
v -0.086168 0.150464 -0.214606
v -0.088365 0.147153 -0.215975
v -0.087409 0.146336 -0.212111
v -0.084630 0.149897 -0.210638
v -0.086168 0.150464 -0.214606
v -0.084630 0.149897 -0.210638
v -0.083210 0.153365 -0.213405
v -0.086168 0.150464 -0.214606
v -0.084630 0.149897 -0.210638
v -0.080937 0.152870 -0.209408
v -0.083210 0.153365 -0.213405
v -0.080937 0.152870 -0.209408
v -0.079607 0.155746 -0.212420
v -0.083210 0.153365 -0.213405
v -0.080937 0.152870 -0.209408
v -0.076515 0.155108 -0.208482
v -0.079607 0.155746 -0.212420
v -0.076515 0.155108 -0.208482
v -0.075495 0.157516 -0.211688
v -0.079607 0.155746 -0.212420
v -0.076515 0.155108 -0.208482
v -0.071585 0.156497 -0.207908
v -0.075495 0.157516 -0.211688
v -0.071585 0.156497 -0.207908
v -0.071034 0.158606 -0.211237
v -0.075495 0.157516 -0.211688
v -0.071585 0.156497 -0.207908
v -0.066395 0.156968 -0.207713
v -0.071034 0.158606 -0.211237
v -0.066395 0.156968 -0.207713
v -0.066395 0.158974 -0.211085
v -0.071034 0.158606 -0.211237
v 0.186044 0.152191 -0.245615
v 0.186044 0.155766 -0.243722
v 0.190683 0.152030 -0.245268
v 0.190683 0.152030 -0.245268
v 0.192479 0.156734 -0.242096
v 0.195144 0.151552 -0.244240
v 0.190683 0.152030 -0.245268
v 0.186044 0.155766 -0.243722
v 0.192479 0.156734 -0.242096
v 0.186044 0.155766 -0.243722
v 0.186044 0.158880 -0.241208
v 0.192479 0.156734 -0.242096
v 0.195144 0.151552 -0.244240
v 0.197485 0.156095 -0.240370
v 0.199255 0.150776 -0.242570
v 0.195144 0.151552 -0.244240
v 0.192479 0.156734 -0.242096
v 0.197485 0.156095 -0.240370
v 0.192479 0.156734 -0.242096
v 0.192650 0.159989 -0.238759
v 0.197485 0.156095 -0.240370
v 0.192479 0.156734 -0.242096
v 0.186044 0.158880 -0.241208
v 0.192650 0.159989 -0.238759
v 0.186044 0.158880 -0.241208
v 0.186044 0.161414 -0.238169
v 0.192650 0.159989 -0.238759
v 0.199255 0.150776 -0.242570
v 0.201579 0.154914 -0.238180
v 0.202859 0.149732 -0.240323
v 0.199255 0.150776 -0.242570
v 0.197485 0.156095 -0.240370
v 0.201579 0.154914 -0.238180
v 0.197485 0.156095 -0.240370
v 0.197934 0.159306 -0.236363
v 0.201579 0.154914 -0.238180
v 0.197485 0.156095 -0.240370
v 0.192650 0.159989 -0.238759
v 0.197934 0.159306 -0.236363
v 0.192650 0.159989 -0.238759
v 0.192479 0.162241 -0.235148
v 0.197934 0.159306 -0.236363
v 0.192650 0.159989 -0.238759
v 0.186044 0.161414 -0.238169
v 0.192479 0.162241 -0.235148
v 0.186044 0.161414 -0.238169
v 0.186044 0.163272 -0.234722
v 0.192479 0.162241 -0.235148
v 0.202859 0.149732 -0.240323
v 0.204849 0.153380 -0.235550
v 0.205816 0.148460 -0.237586
v 0.202859 0.149732 -0.240323
v 0.201579 0.154914 -0.238180
v 0.204849 0.153380 -0.235550
v 0.201579 0.154914 -0.238180
v 0.202040 0.157818 -0.233714
v 0.204849 0.153380 -0.235550
v 0.201579 0.154914 -0.238180
v 0.197934 0.159306 -0.236363
v 0.202040 0.157818 -0.233714
v 0.197934 0.159306 -0.236363
v 0.197666 0.161340 -0.232257
v 0.202040 0.157818 -0.233714
v 0.197934 0.159306 -0.236363
v 0.192479 0.162241 -0.235148
v 0.197666 0.161340 -0.232257
v 0.192479 0.162241 -0.235148
v 0.192154 0.163602 -0.231322
v 0.197666 0.161340 -0.232257
v 0.192479 0.162241 -0.235148
v 0.186044 0.163272 -0.234722
v 0.192154 0.163602 -0.231322
v 0.186044 0.163272 -0.234722
v 0.186044 0.164381 -0.230999
v 0.192154 0.163602 -0.231322
v 0.205816 0.148460 -0.237586
v 0.207266 0.151587 -0.232568
v 0.208014 0.147008 -0.234462
v 0.205816 0.148460 -0.237586
v 0.204849 0.153380 -0.235550
v 0.207266 0.151587 -0.232568
v 0.204849 0.153380 -0.235550
v 0.205071 0.155854 -0.230803
v 0.207266 0.151587 -0.232568
v 0.204849 0.153380 -0.235550
v 0.202040 0.157818 -0.233714
v 0.205071 0.155854 -0.230803
v 0.202040 0.157818 -0.233714
v 0.201579 0.159517 -0.229287
v 0.205071 0.155854 -0.230803
v 0.202040 0.157818 -0.233714
v 0.197666 0.161340 -0.232257
v 0.201579 0.159517 -0.229287
v 0.197666 0.161340 -0.232257
v 0.197029 0.162329 -0.228124
v 0.201579 0.159517 -0.229287
v 0.197666 0.161340 -0.232257
v 0.192154 0.163602 -0.231322
v 0.197029 0.162329 -0.228124
v 0.192154 0.163602 -0.231322
v 0.191730 0.164096 -0.227393
v 0.197029 0.162329 -0.228124
v 0.192154 0.163602 -0.231322
v 0.186044 0.164381 -0.230999
v 0.191730 0.164096 -0.227393
v 0.186044 0.164381 -0.230999
v 0.186044 0.164699 -0.227144
v 0.191730 0.164096 -0.227393
v 0.208014 0.147008 -0.234462
v 0.208782 0.149612 -0.229345
v 0.209367 0.145433 -0.231073
v 0.208014 0.147008 -0.234462
v 0.207266 0.151587 -0.232568
v 0.208782 0.149612 -0.229345
v 0.207266 0.151587 -0.232568
v 0.207057 0.153582 -0.227702
v 0.208782 0.149612 -0.229345
v 0.207266 0.151587 -0.232568
v 0.205071 0.155854 -0.230803
v 0.207057 0.153582 -0.227702
v 0.205071 0.155854 -0.230803
v 0.204279 0.157142 -0.226229
v 0.207057 0.153582 -0.227702
v 0.205071 0.155854 -0.230803
v 0.201579 0.159517 -0.229287
v 0.204279 0.157142 -0.226229
v 0.201579 0.159517 -0.229287
v 0.200586 0.160116 -0.224999
v 0.204279 0.157142 -0.226229
v 0.201579 0.159517 -0.229287
v 0.197029 0.162329 -0.228124
v 0.200586 0.160116 -0.224999
v 0.197029 0.162329 -0.228124
v 0.196164 0.162354 -0.224073
v 0.200586 0.160116 -0.224999
v 0.197029 0.162329 -0.228124
v 0.191730 0.164096 -0.227393
v 0.196164 0.162354 -0.224073
v 0.191730 0.164096 -0.227393
v 0.191234 0.163743 -0.223499
v 0.196164 0.162354 -0.224073
v 0.191730 0.164096 -0.227393
v 0.186044 0.164699 -0.227144
v 0.191234 0.163743 -0.223499
v 0.186044 0.164699 -0.227144
v 0.186044 0.164213 -0.223304
v 0.191234 0.163743 -0.223499
v 0.209367 0.145433 -0.231073
v 0.209367 0.147531 -0.226003
v 0.209824 0.143795 -0.227549
v 0.209367 0.145433 -0.231073
v 0.208782 0.149612 -0.229345
v 0.209367 0.147531 -0.226003
v 0.208782 0.149612 -0.229345
v 0.208014 0.151123 -0.224517
v 0.209367 0.147531 -0.226003
v 0.208782 0.149612 -0.229345
v 0.207057 0.153582 -0.227702
v 0.208014 0.151123 -0.224517
v 0.207057 0.153582 -0.227702
v 0.205816 0.154433 -0.223148
v 0.208014 0.151123 -0.224517
v 0.207057 0.153582 -0.227702
v 0.204279 0.157142 -0.226229
v 0.205816 0.154433 -0.223148
v 0.204279 0.157142 -0.226229
v 0.202859 0.157335 -0.221947
v 0.205816 0.154433 -0.223148
v 0.204279 0.157142 -0.226229
v 0.200586 0.160116 -0.224999
v 0.202859 0.157335 -0.221947
v 0.200586 0.160116 -0.224999
v 0.199255 0.159716 -0.220962
v 0.202859 0.157335 -0.221947
v 0.200586 0.160116 -0.224999
v 0.196164 0.162354 -0.224073
v 0.199255 0.159716 -0.220962
v 0.196164 0.162354 -0.224073
v 0.195144 0.161486 -0.220230
v 0.199255 0.159716 -0.220962
v 0.196164 0.162354 -0.224073
v 0.191234 0.163743 -0.223499
v 0.195144 0.161486 -0.220230
v 0.191234 0.163743 -0.223499
v 0.190683 0.162576 -0.219779
v 0.195144 0.161486 -0.220230
v 0.191234 0.163743 -0.223499
v 0.186044 0.164213 -0.223304
v 0.190683 0.162576 -0.219779
v 0.186044 0.164213 -0.223304
v 0.186044 0.162943 -0.219627
v 0.190683 0.162576 -0.219779
v -0.066395 0.152191 -0.245615
v -0.071034 0.152030 -0.245268
v -0.066395 0.155766 -0.243722
v -0.071034 0.152030 -0.245268
v -0.075495 0.151552 -0.244240
v -0.072830 0.156734 -0.242096
v -0.071034 0.152030 -0.245268
v -0.072830 0.156734 -0.242096
v -0.066395 0.155766 -0.243722
v -0.066395 0.155766 -0.243722
v -0.072830 0.156734 -0.242096
v -0.066395 0.158880 -0.241208
v -0.075495 0.151552 -0.244240
v -0.079607 0.150776 -0.242570
v -0.077837 0.156095 -0.240370
v -0.075495 0.151552 -0.244240
v -0.077837 0.156095 -0.240370
v -0.072830 0.156734 -0.242096
v -0.072830 0.156734 -0.242096
v -0.077837 0.156095 -0.240370
v -0.073001 0.159989 -0.238759
v -0.072830 0.156734 -0.242096
v -0.073001 0.159989 -0.238759
v -0.066395 0.158880 -0.241208
v -0.066395 0.158880 -0.241208
v -0.073001 0.159989 -0.238759
v -0.066395 0.161414 -0.238169
v -0.079607 0.150776 -0.242570
v -0.083210 0.149732 -0.240323
v -0.081930 0.154914 -0.238180
v -0.079607 0.150776 -0.242570
v -0.081930 0.154914 -0.238180
v -0.077837 0.156095 -0.240370
v -0.077837 0.156095 -0.240370
v -0.081930 0.154914 -0.238180
v -0.078285 0.159306 -0.236363
v -0.077837 0.156095 -0.240370
v -0.078285 0.159306 -0.236363
v -0.073001 0.159989 -0.238759
v -0.073001 0.159989 -0.238759
v -0.078285 0.159306 -0.236363
v -0.072830 0.162241 -0.235148
v -0.073001 0.159989 -0.238759
v -0.072830 0.162241 -0.235148
v -0.066395 0.161414 -0.238169
v -0.066395 0.161414 -0.238169
v -0.072830 0.162241 -0.235148
v -0.066395 0.163272 -0.234722
v -0.083210 0.149732 -0.240323
v -0.086168 0.148460 -0.237586
v -0.085200 0.153380 -0.235550
v -0.083210 0.149732 -0.240323
v -0.085200 0.153380 -0.235550
v -0.081930 0.154914 -0.238180
v -0.081930 0.154914 -0.238180
v -0.085200 0.153380 -0.235550
v -0.082392 0.157818 -0.233714
v -0.081930 0.154914 -0.238180
v -0.082392 0.157818 -0.233714
v -0.078285 0.159306 -0.236363
v -0.078285 0.159306 -0.236363
v -0.082392 0.157818 -0.233714
v -0.078017 0.161340 -0.232257
v -0.078285 0.159306 -0.236363
v -0.078017 0.161340 -0.232257
v -0.072830 0.162241 -0.235148
v -0.072830 0.162241 -0.235148
v -0.078017 0.161340 -0.232257
v -0.072505 0.163602 -0.231322
v -0.072830 0.162241 -0.235148
v -0.072505 0.163602 -0.231322
v -0.066395 0.163272 -0.234722
v -0.066395 0.163272 -0.234722
v -0.072505 0.163602 -0.231322
v -0.066395 0.164381 -0.230999
v -0.086168 0.148460 -0.237586
v -0.088365 0.147008 -0.234462
v -0.087617 0.151587 -0.232568
v -0.086168 0.148460 -0.237586
v -0.087617 0.151587 -0.232568
v -0.085200 0.153380 -0.235550
v -0.085200 0.153380 -0.235550
v -0.087617 0.151587 -0.232568
v -0.085422 0.155854 -0.230803
v -0.085200 0.153380 -0.235550
v -0.085422 0.155854 -0.230803
v -0.082392 0.157818 -0.233714
v -0.082392 0.157818 -0.233714
v -0.085422 0.155854 -0.230803
v -0.081930 0.159517 -0.229287
v -0.082392 0.157818 -0.233714
v -0.081930 0.159517 -0.229287
v -0.078017 0.161340 -0.232257
v -0.078017 0.161340 -0.232257
v -0.081930 0.159517 -0.229287
v -0.077380 0.162329 -0.228124
v -0.078017 0.161340 -0.232257
v -0.077380 0.162329 -0.228124
v -0.072505 0.163602 -0.231322
v -0.072505 0.163602 -0.231322
v -0.077380 0.162329 -0.228124
v -0.072081 0.164096 -0.227393
v -0.072505 0.163602 -0.231322
v -0.072081 0.164096 -0.227393
v -0.066395 0.164381 -0.230999
v -0.066395 0.164381 -0.230999
v -0.072081 0.164096 -0.227393
v -0.066395 0.164699 -0.227144
v -0.088365 0.147008 -0.234462
v -0.089719 0.145433 -0.231073
v -0.089134 0.149612 -0.229345
v -0.088365 0.147008 -0.234462
v -0.089134 0.149612 -0.229345
v -0.087617 0.151587 -0.232568
v -0.087617 0.151587 -0.232568
v -0.089134 0.149612 -0.229345
v -0.087409 0.153582 -0.227702
v -0.087617 0.151587 -0.232568
v -0.087409 0.153582 -0.227702
v -0.085422 0.155854 -0.230803
v -0.085422 0.155854 -0.230803
v -0.087409 0.153582 -0.227702
v -0.084630 0.157142 -0.226229
v -0.085422 0.155854 -0.230803
v -0.084630 0.157142 -0.226229
v -0.081930 0.159517 -0.229287
v -0.081930 0.159517 -0.229287
v -0.084630 0.157142 -0.226229
v -0.080937 0.160116 -0.224999
v -0.081930 0.159517 -0.229287
v -0.080937 0.160116 -0.224999
v -0.077380 0.162329 -0.228124
v -0.077380 0.162329 -0.228124
v -0.080937 0.160116 -0.224999
v -0.076515 0.162354 -0.224073
v -0.077380 0.162329 -0.228124
v -0.076515 0.162354 -0.224073
v -0.072081 0.164096 -0.227393
v -0.072081 0.164096 -0.227393
v -0.076515 0.162354 -0.224073
v -0.071585 0.163743 -0.223499
v -0.072081 0.164096 -0.227393
v -0.071585 0.163743 -0.223499
v -0.066395 0.164699 -0.227144
v -0.066395 0.164699 -0.227144
v -0.071585 0.163743 -0.223499
v -0.066395 0.164213 -0.223304
v -0.089719 0.145433 -0.231073
v -0.090176 0.143795 -0.227549
v -0.089719 0.147531 -0.226003
v -0.089719 0.145433 -0.231073
v -0.089719 0.147531 -0.226003
v -0.089134 0.149612 -0.229345
v -0.089134 0.149612 -0.229345
v -0.089719 0.147531 -0.226003
v -0.088365 0.151123 -0.224517
v -0.089134 0.149612 -0.229345
v -0.088365 0.151123 -0.224517
v -0.087409 0.153582 -0.227702
v -0.087409 0.153582 -0.227702
v -0.088365 0.151123 -0.224517
v -0.086168 0.154433 -0.223148
v -0.087409 0.153582 -0.227702
v -0.086168 0.154433 -0.223148
v -0.084630 0.157142 -0.226229
v -0.084630 0.157142 -0.226229
v -0.086168 0.154433 -0.223148
v -0.083210 0.157335 -0.221947
v -0.084630 0.157142 -0.226229
v -0.083210 0.157335 -0.221947
v -0.080937 0.160116 -0.224999
v -0.080937 0.160116 -0.224999
v -0.083210 0.157335 -0.221947
v -0.079607 0.159716 -0.220962
v -0.080937 0.160116 -0.224999
v -0.079607 0.159716 -0.220962
v -0.076515 0.162354 -0.224073
v -0.076515 0.162354 -0.224073
v -0.079607 0.159716 -0.220962
v -0.075495 0.161486 -0.220230
v -0.076515 0.162354 -0.224073
v -0.075495 0.161486 -0.220230
v -0.071585 0.163743 -0.223499
v -0.071585 0.163743 -0.223499
v -0.075495 0.161486 -0.220230
v -0.071034 0.162576 -0.219779
v -0.071585 0.163743 -0.223499
v -0.071034 0.162576 -0.219779
v -0.066395 0.164213 -0.223304
v -0.066395 0.164213 -0.223304
v -0.071034 0.162576 -0.219779
v -0.066395 0.162943 -0.219627
v 0.209111 0.154952 -0.204882
v 0.209111 0.143073 -0.226514
v 0.209111 0.337999 -0.321800
v 0.209111 0.349877 -0.300168
v -0.088147 0.349877 -0.300168
v -0.088147 0.337999 -0.321800
v -0.088147 0.143073 -0.226514
v -0.088147 0.154952 -0.204882
v -0.064366 0.359496 -0.282653
v -0.064366 0.164570 -0.187367
v 0.185330 0.164570 -0.187367
v 0.185330 0.359496 -0.282653
v -0.064366 0.133454 -0.244029
v -0.064366 0.328380 -0.339315
v 0.185330 0.328380 -0.339315
v 0.185330 0.133454 -0.244029
v -0.064366 0.136387 -0.195808
v -0.064366 0.124509 -0.217439
v 0.185330 0.124509 -0.217439
v 0.185330 0.136387 -0.195808
v 0.185330 0.368442 -0.309243
v 0.185330 0.356563 -0.330874
v -0.064366 0.356563 -0.330874
v -0.064366 0.368442 -0.309243
v 0.209111 0.143073 -0.226514
v 0.208654 0.141197 -0.229931
v 0.208654 0.336122 -0.325216
v 0.209111 0.337999 -0.321800
v 0.208654 0.141197 -0.229931
v 0.207300 0.139392 -0.233216
v 0.207300 0.334318 -0.328502
v 0.208654 0.336122 -0.325216
v 0.207300 0.139392 -0.233216
v 0.205103 0.137729 -0.236245
v 0.205103 0.332655 -0.331530
v 0.207300 0.334318 -0.328502
v 0.205103 0.137729 -0.236245
v 0.202145 0.136272 -0.238899
v 0.202145 0.331197 -0.334185
v 0.205103 0.332655 -0.331530
v 0.202145 0.136272 -0.238899
v 0.198542 0.135075 -0.241077
v 0.198542 0.330001 -0.336363
v 0.202145 0.331197 -0.334185
v 0.198542 0.135075 -0.241077
v 0.194430 0.134187 -0.242695
v 0.194430 0.329113 -0.337981
v 0.198542 0.330001 -0.336363
v 0.194430 0.134187 -0.242695
v 0.189969 0.133639 -0.243692
v 0.189969 0.328565 -0.338978
v 0.194430 0.329113 -0.337981
v 0.189969 0.133639 -0.243692
v 0.185330 0.133454 -0.244029
v 0.185330 0.328380 -0.339315
v 0.189969 0.328565 -0.338978
v -0.088147 0.337999 -0.321800
v -0.087690 0.336122 -0.325216
v -0.087690 0.141197 -0.229931
v -0.088147 0.143073 -0.226514
v -0.087690 0.336122 -0.325216
v -0.086337 0.334318 -0.328502
v -0.086337 0.139392 -0.233216
v -0.087690 0.141197 -0.229931
v -0.086337 0.334318 -0.328502
v -0.084139 0.332655 -0.331530
v -0.084139 0.137729 -0.236245
v -0.086337 0.139392 -0.233216
v -0.084139 0.332655 -0.331530
v -0.081182 0.331197 -0.334185
v -0.081182 0.136272 -0.238899
v -0.084139 0.137729 -0.236245
v -0.081182 0.331197 -0.334185
v -0.077578 0.330001 -0.336363
v -0.077578 0.135075 -0.241077
v -0.081182 0.136272 -0.238899
v -0.077578 0.330001 -0.336363
v -0.073467 0.329113 -0.337981
v -0.073467 0.134187 -0.242695
v -0.077578 0.135075 -0.241077
v -0.073467 0.329113 -0.337981
v -0.069005 0.328565 -0.338978
v -0.069005 0.133639 -0.243692
v -0.073467 0.134187 -0.242695
v -0.069005 0.328565 -0.338978
v -0.064366 0.328380 -0.339315
v -0.064366 0.133454 -0.244029
v -0.069005 0.133639 -0.243692
v -0.088147 0.154952 -0.204882
v -0.087690 0.156828 -0.201466
v -0.087690 0.351754 -0.296751
v -0.088147 0.349877 -0.300168
v -0.087690 0.156828 -0.201466
v -0.086337 0.158632 -0.198180
v -0.086337 0.353558 -0.293466
v -0.087690 0.351754 -0.296751
v -0.086337 0.158632 -0.198180
v -0.084139 0.160295 -0.195152
v -0.084139 0.355221 -0.290437
v -0.086337 0.353558 -0.293466
v -0.084139 0.160295 -0.195152
v -0.081182 0.161753 -0.192497
v -0.081182 0.356679 -0.287783
v -0.084139 0.355221 -0.290437
v -0.081182 0.161753 -0.192497
v -0.077578 0.162949 -0.190319
v -0.077578 0.357875 -0.285605
v -0.081182 0.356679 -0.287783
v -0.077578 0.162949 -0.190319
v -0.073467 0.163838 -0.188701
v -0.073467 0.358764 -0.283987
v -0.077578 0.357875 -0.285605
v -0.073467 0.163838 -0.188701
v -0.069005 0.164385 -0.187704
v -0.069005 0.359311 -0.282990
v -0.073467 0.358764 -0.283987
v -0.069005 0.164385 -0.187704
v -0.064366 0.164570 -0.187367
v -0.064366 0.359496 -0.282653
v -0.069005 0.359311 -0.282990
v 0.209111 0.349877 -0.300168
v 0.208654 0.351754 -0.296751
v 0.208654 0.156828 -0.201466
v 0.209111 0.154952 -0.204882
v 0.208654 0.351754 -0.296751
v 0.207300 0.353558 -0.293466
v 0.207300 0.158632 -0.198180
v 0.208654 0.156828 -0.201466
v 0.207300 0.353558 -0.293466
v 0.205103 0.355221 -0.290437
v 0.205103 0.160295 -0.195152
v 0.207300 0.158632 -0.198180
v 0.205103 0.355221 -0.290437
v 0.202145 0.356679 -0.287783
v 0.202145 0.161753 -0.192497
v 0.205103 0.160295 -0.195152
v 0.202145 0.356679 -0.287783
v 0.198542 0.357875 -0.285605
v 0.198542 0.162949 -0.190319
v 0.202145 0.161753 -0.192497
v 0.198542 0.357875 -0.285605
v 0.194430 0.358764 -0.283987
v 0.194430 0.163838 -0.188701
v 0.198542 0.162949 -0.190319
v 0.194430 0.358764 -0.283987
v 0.189969 0.359311 -0.282990
v 0.189969 0.164385 -0.187704
v 0.194430 0.163838 -0.188701
v 0.189969 0.359311 -0.282990
v 0.185330 0.359496 -0.282653
v 0.185330 0.164570 -0.187367
v 0.189969 0.164385 -0.187704
v 0.185330 0.356563 -0.330874
v 0.185330 0.354330 -0.334117
v -0.064366 0.354330 -0.334117
v -0.064366 0.356563 -0.330874
v 0.185330 0.354330 -0.334117
v 0.185330 0.351469 -0.336886
v -0.064366 0.351469 -0.336886
v -0.064366 0.354330 -0.334117
v 0.185330 0.351469 -0.336886
v 0.185330 0.348091 -0.339076
v -0.064366 0.348091 -0.339076
v -0.064366 0.351469 -0.336886
v 0.185330 0.348091 -0.339076
v 0.185330 0.344324 -0.340601
v -0.064366 0.344324 -0.340601
v -0.064366 0.348091 -0.339076
v 0.185330 0.344324 -0.340601
v 0.185330 0.340315 -0.341404
v -0.064366 0.340315 -0.341404
v -0.064366 0.344324 -0.340601
v 0.185330 0.340315 -0.341404
v 0.185330 0.336217 -0.341454
v -0.064366 0.336217 -0.341454
v -0.064366 0.340315 -0.341404
v 0.185330 0.336217 -0.341454
v 0.185330 0.332187 -0.340749
v -0.064366 0.332187 -0.340749
v -0.064366 0.336217 -0.341454
v 0.185330 0.332187 -0.340749
v 0.185330 0.328380 -0.339315
v -0.064366 0.328380 -0.339315
v -0.064366 0.332187 -0.340749
v -0.064366 0.124509 -0.217439
v -0.064366 0.122989 -0.221030
v 0.185330 0.122989 -0.221030
v 0.185330 0.124509 -0.217439
v -0.064366 0.122989 -0.221030
v -0.064366 0.122241 -0.224832
v 0.185330 0.122241 -0.224832
v 0.185330 0.122989 -0.221030
v -0.064366 0.122241 -0.224832
v -0.064366 0.122293 -0.228699
v 0.185330 0.122293 -0.228699
v 0.185330 0.122241 -0.224832
v -0.064366 0.122293 -0.228699
v -0.064366 0.123145 -0.232482
v 0.185330 0.123145 -0.232482
v 0.185330 0.122293 -0.228699
v -0.064366 0.123145 -0.232482
v -0.064366 0.124762 -0.236035
v 0.185330 0.124762 -0.236035
v 0.185330 0.123145 -0.232482
v -0.064366 0.124762 -0.236035
v -0.064366 0.127082 -0.239223
v 0.185330 0.127082 -0.239223
v 0.185330 0.124762 -0.236035
v -0.064366 0.127082 -0.239223
v -0.064366 0.130017 -0.241922
v 0.185330 0.130017 -0.241922
v 0.185330 0.127082 -0.239223
v -0.064366 0.130017 -0.241922
v -0.064366 0.133454 -0.244029
v 0.185330 0.133454 -0.244029
v 0.185330 0.130017 -0.241922
v 0.185330 0.136387 -0.195808
v 0.185330 0.138620 -0.192565
v -0.064366 0.138620 -0.192565
v -0.064366 0.136387 -0.195808
v 0.185330 0.138620 -0.192565
v 0.185330 0.141481 -0.189796
v -0.064366 0.141481 -0.189796
v -0.064366 0.138620 -0.192565
v 0.185330 0.141481 -0.189796
v 0.185330 0.144860 -0.187606
v -0.064366 0.144860 -0.187606
v -0.064366 0.141481 -0.189796
v 0.185330 0.144860 -0.187606
v 0.185330 0.148626 -0.186081
v -0.064366 0.148626 -0.186081
v -0.064366 0.144860 -0.187606
v 0.185330 0.148626 -0.186081
v 0.185330 0.152635 -0.185278
v -0.064366 0.152635 -0.185278
v -0.064366 0.148626 -0.186081
v 0.185330 0.152635 -0.185278
v 0.185330 0.156734 -0.185228
v -0.064366 0.156734 -0.185228
v -0.064366 0.152635 -0.185278
v 0.185330 0.156734 -0.185228
v 0.185330 0.160764 -0.185933
v -0.064366 0.160764 -0.185933
v -0.064366 0.156734 -0.185228
v 0.185330 0.160764 -0.185933
v 0.185330 0.164570 -0.187367
v -0.064366 0.164570 -0.187367
v -0.064366 0.160764 -0.185933
v -0.064366 0.368442 -0.309243
v -0.064366 0.369962 -0.305652
v 0.185330 0.369962 -0.305652
v 0.185330 0.368442 -0.309243
v -0.064366 0.369962 -0.305652
v -0.064366 0.370710 -0.301850
v 0.185330 0.370710 -0.301850
v 0.185330 0.369962 -0.305652
v -0.064366 0.370710 -0.301850
v -0.064366 0.370657 -0.297983
v 0.185330 0.370657 -0.297983
v 0.185330 0.370710 -0.301850
v -0.064366 0.370657 -0.297983
v -0.064366 0.369805 -0.294200
v 0.185330 0.369805 -0.294200
v 0.185330 0.370657 -0.297983
v -0.064366 0.369805 -0.294200
v -0.064366 0.368189 -0.290647
v 0.185330 0.368189 -0.290647
v 0.185330 0.369805 -0.294200
v -0.064366 0.368189 -0.290647
v -0.064366 0.365868 -0.287459
v 0.185330 0.365868 -0.287459
v 0.185330 0.368189 -0.290647
v -0.064366 0.365868 -0.287459
v -0.064366 0.362933 -0.284760
v 0.185330 0.362933 -0.284760
v 0.185330 0.365868 -0.287459
v -0.064366 0.362933 -0.284760
v -0.064366 0.359496 -0.282653
v 0.185330 0.359496 -0.282653
v 0.185330 0.362933 -0.284760
v -0.064366 0.136387 -0.195808
v -0.069005 0.136744 -0.195982
v -0.069005 0.124865 -0.217613
v -0.064366 0.124509 -0.217439
v -0.069005 0.136744 -0.195982
v -0.073467 0.137801 -0.196498
v -0.073467 0.125922 -0.218130
v -0.069005 0.124865 -0.217613
v -0.073467 0.137801 -0.196498
v -0.077578 0.139516 -0.197337
v -0.077578 0.127637 -0.218968
v -0.073467 0.125922 -0.218130
v -0.077578 0.139516 -0.197337
v -0.081182 0.141825 -0.198466
v -0.081182 0.129946 -0.220097
v -0.077578 0.127637 -0.218968
v -0.081182 0.141825 -0.198466
v -0.084139 0.144638 -0.199841
v -0.084139 0.132759 -0.221472
v -0.081182 0.129946 -0.220097
v -0.084139 0.144638 -0.199841
v -0.086337 0.147847 -0.201410
v -0.086337 0.135969 -0.223041
v -0.084139 0.132759 -0.221472
v -0.086337 0.147847 -0.201410
v -0.087690 0.151330 -0.203112
v -0.087690 0.139451 -0.224743
v -0.086337 0.135969 -0.223041
v -0.087690 0.151330 -0.203112
v -0.088147 0.154952 -0.204882
v -0.088147 0.143073 -0.226514
v -0.087690 0.139451 -0.224743
v -0.064366 0.356563 -0.330874
v -0.069005 0.356206 -0.330700
v -0.069005 0.368085 -0.309069
v -0.064366 0.368442 -0.309243
v -0.069005 0.356206 -0.330700
v -0.073467 0.355150 -0.330184
v -0.073467 0.367029 -0.308552
v -0.069005 0.368085 -0.309069
v -0.073467 0.355150 -0.330184
v -0.077578 0.353434 -0.329345
v -0.077578 0.365313 -0.307714
v -0.073467 0.367029 -0.308552
v -0.077578 0.353434 -0.329345
v -0.081182 0.351126 -0.328216
v -0.081182 0.363004 -0.306585
v -0.077578 0.365313 -0.307714
v -0.081182 0.351126 -0.328216
v -0.084139 0.348312 -0.326841
v -0.084139 0.360191 -0.305210
v -0.081182 0.363004 -0.306585
v -0.084139 0.348312 -0.326841
v -0.086337 0.345103 -0.325272
v -0.086337 0.356982 -0.303641
v -0.084139 0.360191 -0.305210
v -0.086337 0.345103 -0.325272
v -0.087690 0.341621 -0.323570
v -0.087690 0.353499 -0.301939
v -0.086337 0.356982 -0.303641
v -0.087690 0.341621 -0.323570
v -0.088147 0.337999 -0.321800
v -0.088147 0.349877 -0.300168
v -0.087690 0.353499 -0.301939
v 0.185330 0.124509 -0.217439
v 0.189969 0.124865 -0.217613
v 0.189969 0.136744 -0.195982
v 0.185330 0.136387 -0.195808
v 0.189969 0.124865 -0.217613
v 0.194430 0.125922 -0.218130
v 0.194430 0.137801 -0.196498
v 0.189969 0.136744 -0.195982
v 0.194430 0.125922 -0.218130
v 0.198542 0.127637 -0.218968
v 0.198542 0.139516 -0.197337
v 0.194430 0.137801 -0.196498
v 0.198542 0.127637 -0.218968
v 0.202145 0.129946 -0.220097
v 0.202145 0.141825 -0.198466
v 0.198542 0.139516 -0.197337
v 0.202145 0.129946 -0.220097
v 0.205103 0.132759 -0.221472
v 0.205103 0.144638 -0.199841
v 0.202145 0.141825 -0.198466
v 0.205103 0.132759 -0.221472
v 0.207300 0.135969 -0.223041
v 0.207300 0.147847 -0.201410
v 0.205103 0.144638 -0.199841
v 0.207300 0.135969 -0.223041
v 0.208654 0.139451 -0.224743
v 0.208654 0.151330 -0.203112
v 0.207300 0.147847 -0.201410
v 0.208654 0.139451 -0.224743
v 0.209111 0.143073 -0.226514
v 0.209111 0.154952 -0.204882
v 0.208654 0.151330 -0.203112
v 0.185330 0.368442 -0.309243
v 0.189969 0.368085 -0.309069
v 0.189969 0.356206 -0.330700
v 0.185330 0.356563 -0.330874
v 0.189969 0.368085 -0.309069
v 0.194430 0.367029 -0.308552
v 0.194430 0.355150 -0.330184
v 0.189969 0.356206 -0.330700
v 0.194430 0.367029 -0.308552
v 0.198542 0.365313 -0.307714
v 0.198542 0.353434 -0.329345
v 0.194430 0.355150 -0.330184
v 0.198542 0.365313 -0.307714
v 0.202145 0.363004 -0.306585
v 0.202145 0.351126 -0.328216
v 0.198542 0.353434 -0.329345
v 0.202145 0.363004 -0.306585
v 0.205103 0.360191 -0.305210
v 0.205103 0.348312 -0.326841
v 0.202145 0.351126 -0.328216
v 0.205103 0.360191 -0.305210
v 0.207300 0.356982 -0.303641
v 0.207300 0.345103 -0.325272
v 0.205103 0.348312 -0.326841
v 0.207300 0.356982 -0.303641
v 0.208654 0.353499 -0.301939
v 0.208654 0.341621 -0.323570
v 0.207300 0.345103 -0.325272
v 0.208654 0.353499 -0.301939
v 0.209111 0.349877 -0.300168
v 0.209111 0.337999 -0.321800
v 0.208654 0.341621 -0.323570
v 0.185330 0.164570 -0.187367
v 0.185330 0.160764 -0.185933
v 0.189969 0.164385 -0.187704
v 0.189969 0.164385 -0.187704
v 0.191765 0.158815 -0.186245
v 0.194430 0.163838 -0.188701
v 0.189969 0.164385 -0.187704
v 0.185330 0.160764 -0.185933
v 0.191765 0.158815 -0.186245
v 0.185330 0.160764 -0.185933
v 0.185330 0.156734 -0.185228
v 0.191765 0.158815 -0.186245
v 0.194430 0.163838 -0.188701
v 0.196772 0.157792 -0.187798
v 0.198542 0.162949 -0.190319
v 0.194430 0.163838 -0.188701
v 0.191765 0.158815 -0.186245
v 0.196772 0.157792 -0.187798
v 0.191765 0.158815 -0.186245
v 0.191936 0.154017 -0.185953
v 0.196772 0.157792 -0.187798
v 0.191765 0.158815 -0.186245
v 0.185330 0.156734 -0.185228
v 0.191936 0.154017 -0.185953
v 0.185330 0.156734 -0.185228
v 0.185330 0.152635 -0.185278
v 0.191936 0.154017 -0.185953
v 0.198542 0.162949 -0.190319
v 0.200865 0.156729 -0.190042
v 0.202145 0.161753 -0.192497
v 0.198542 0.162949 -0.190319
v 0.196772 0.157792 -0.187798
v 0.200865 0.156729 -0.190042
v 0.196772 0.157792 -0.187798
v 0.197220 0.152471 -0.187960
v 0.200865 0.156729 -0.190042
v 0.196772 0.157792 -0.187798
v 0.191936 0.154017 -0.185953
v 0.197220 0.152471 -0.187960
v 0.191936 0.154017 -0.185953
v 0.191765 0.149625 -0.186569
v 0.197220 0.152471 -0.187960
v 0.191936 0.154017 -0.185953
v 0.185330 0.152635 -0.185278
v 0.191765 0.149625 -0.186569
v 0.185330 0.152635 -0.185278
v 0.185330 0.148626 -0.186081
v 0.191765 0.149625 -0.186569
v 0.202145 0.161753 -0.192497
v 0.204135 0.155525 -0.192820
v 0.205103 0.160295 -0.195152
v 0.202145 0.161753 -0.192497
v 0.200865 0.156729 -0.190042
v 0.204135 0.155525 -0.192820
v 0.200865 0.156729 -0.190042
v 0.201327 0.151222 -0.190717
v 0.204135 0.155525 -0.192820
v 0.200865 0.156729 -0.190042
v 0.197220 0.152471 -0.187960
v 0.201327 0.151222 -0.190717
v 0.197220 0.152471 -0.187960
v 0.196952 0.147808 -0.189047
v 0.201327 0.151222 -0.190717
v 0.197220 0.152471 -0.187960
v 0.191765 0.149625 -0.186569
v 0.196952 0.147808 -0.189047
v 0.191765 0.149625 -0.186569
v 0.191440 0.145615 -0.187975
v 0.196952 0.147808 -0.189047
v 0.191765 0.149625 -0.186569
v 0.185330 0.148626 -0.186081
v 0.191440 0.145615 -0.187975
v 0.185330 0.148626 -0.186081
v 0.185330 0.144860 -0.187606
v 0.191440 0.145615 -0.187975
v 0.205103 0.160295 -0.195152
v 0.206552 0.154193 -0.196010
v 0.207300 0.158632 -0.198180
v 0.205103 0.160295 -0.195152
v 0.204135 0.155525 -0.192820
v 0.206552 0.154193 -0.196010
v 0.204135 0.155525 -0.192820
v 0.204357 0.150057 -0.193988
v 0.206552 0.154193 -0.196010
v 0.204135 0.155525 -0.192820
v 0.201327 0.151222 -0.190717
v 0.204357 0.150057 -0.193988
v 0.201327 0.151222 -0.190717
v 0.200865 0.146505 -0.192251
v 0.204357 0.150057 -0.193988
v 0.201327 0.151222 -0.190717
v 0.196952 0.147808 -0.189047
v 0.200865 0.146505 -0.192251
v 0.196952 0.147808 -0.189047
v 0.196315 0.143779 -0.190919
v 0.200865 0.146505 -0.192251
v 0.196952 0.147808 -0.189047
v 0.191440 0.145615 -0.187975
v 0.196315 0.143779 -0.190919
v 0.191440 0.145615 -0.187975
v 0.191016 0.142066 -0.190081
v 0.196315 0.143779 -0.190919
v 0.191440 0.145615 -0.187975
v 0.185330 0.144860 -0.187606
v 0.191016 0.142066 -0.190081
v 0.185330 0.144860 -0.187606
v 0.185330 0.141481 -0.189796
v 0.191016 0.142066 -0.190081
v 0.207300 0.158632 -0.198180
v 0.208069 0.152776 -0.199485
v 0.208654 0.156828 -0.201466
v 0.207300 0.158632 -0.198180
v 0.206552 0.154193 -0.196010
v 0.208069 0.152776 -0.199485
v 0.206552 0.154193 -0.196010
v 0.206344 0.148928 -0.197604
v 0.208069 0.152776 -0.199485
v 0.206552 0.154193 -0.196010
v 0.204357 0.150057 -0.193988
v 0.206344 0.148928 -0.197604
v 0.204357 0.150057 -0.193988
v 0.203565 0.145476 -0.195916
v 0.206344 0.148928 -0.197604
v 0.204357 0.150057 -0.193988
v 0.200865 0.146505 -0.192251
v 0.203565 0.145476 -0.195916
v 0.200865 0.146505 -0.192251
v 0.199872 0.142593 -0.194507
v 0.203565 0.145476 -0.195916
v 0.200865 0.146505 -0.192251
v 0.196315 0.143779 -0.190919
v 0.199872 0.142593 -0.194507
v 0.196315 0.143779 -0.190919
v 0.195450 0.140423 -0.193447
v 0.199872 0.142593 -0.194507
v 0.196315 0.143779 -0.190919
v 0.191016 0.142066 -0.190081
v 0.195450 0.140423 -0.193447
v 0.191016 0.142066 -0.190081
v 0.190520 0.139077 -0.192788
v 0.195450 0.140423 -0.193447
v 0.191016 0.142066 -0.190081
v 0.185330 0.141481 -0.189796
v 0.190520 0.139077 -0.192788
v 0.185330 0.141481 -0.189796
v 0.185330 0.138620 -0.192565
v 0.190520 0.139077 -0.192788
v 0.208654 0.156828 -0.201466
v 0.208654 0.151330 -0.203112
v 0.209111 0.154952 -0.204882
v 0.208654 0.156828 -0.201466
v 0.208069 0.152776 -0.199485
v 0.208654 0.151330 -0.203112
v 0.208069 0.152776 -0.199485
v 0.207300 0.147847 -0.201410
v 0.208654 0.151330 -0.203112
v 0.208069 0.152776 -0.199485
v 0.206344 0.148928 -0.197604
v 0.207300 0.147847 -0.201410
v 0.206344 0.148928 -0.197604
v 0.205103 0.144638 -0.199841
v 0.207300 0.147847 -0.201410
v 0.206344 0.148928 -0.197604
v 0.203565 0.145476 -0.195916
v 0.205103 0.144638 -0.199841
v 0.203565 0.145476 -0.195916
v 0.202145 0.141825 -0.198466
v 0.205103 0.144638 -0.199841
v 0.203565 0.145476 -0.195916
v 0.199872 0.142593 -0.194507
v 0.202145 0.141825 -0.198466
v 0.199872 0.142593 -0.194507
v 0.198542 0.139516 -0.197337
v 0.202145 0.141825 -0.198466
v 0.199872 0.142593 -0.194507
v 0.195450 0.140423 -0.193447
v 0.198542 0.139516 -0.197337
v 0.195450 0.140423 -0.193447
v 0.194430 0.137801 -0.196498
v 0.198542 0.139516 -0.197337
v 0.195450 0.140423 -0.193447
v 0.190520 0.139077 -0.192788
v 0.194430 0.137801 -0.196498
v 0.190520 0.139077 -0.192788
v 0.189969 0.136744 -0.195982
v 0.194430 0.137801 -0.196498
v 0.190520 0.139077 -0.192788
v 0.185330 0.138620 -0.192565
v 0.189969 0.136744 -0.195982
v 0.185330 0.138620 -0.192565
v 0.185330 0.136387 -0.195808
v 0.189969 0.136744 -0.195982
v -0.064366 0.164570 -0.187367
v -0.069005 0.164385 -0.187704
v -0.064366 0.160764 -0.185933
v -0.069005 0.164385 -0.187704
v -0.073467 0.163838 -0.188701
v -0.070801 0.158815 -0.186245
v -0.069005 0.164385 -0.187704
v -0.070801 0.158815 -0.186245
v -0.064366 0.160764 -0.185933
v -0.064366 0.160764 -0.185933
v -0.070801 0.158815 -0.186245
v -0.064366 0.156734 -0.185228
v -0.073467 0.163838 -0.188701
v -0.077578 0.162949 -0.190319
v -0.075808 0.157792 -0.187798
v -0.073467 0.163838 -0.188701
v -0.075808 0.157792 -0.187798
v -0.070801 0.158815 -0.186245
v -0.070801 0.158815 -0.186245
v -0.075808 0.157792 -0.187798
v -0.070972 0.154017 -0.185953
v -0.070801 0.158815 -0.186245
v -0.070972 0.154017 -0.185953
v -0.064366 0.156734 -0.185228
v -0.064366 0.156734 -0.185228
v -0.070972 0.154017 -0.185953
v -0.064366 0.152635 -0.185278
v -0.077578 0.162949 -0.190319
v -0.081182 0.161753 -0.192497
v -0.079902 0.156729 -0.190042
v -0.077578 0.162949 -0.190319
v -0.079902 0.156729 -0.190042
v -0.075808 0.157792 -0.187798
v -0.075808 0.157792 -0.187798
v -0.079902 0.156729 -0.190042
v -0.076256 0.152471 -0.187960
v -0.075808 0.157792 -0.187798
v -0.076256 0.152471 -0.187960
v -0.070972 0.154017 -0.185953
v -0.070972 0.154017 -0.185953
v -0.076256 0.152471 -0.187960
v -0.070801 0.149625 -0.186569
v -0.070972 0.154017 -0.185953
v -0.070801 0.149625 -0.186569
v -0.064366 0.152635 -0.185278
v -0.064366 0.152635 -0.185278
v -0.070801 0.149625 -0.186569
v -0.064366 0.148626 -0.186081
v -0.081182 0.161753 -0.192497
v -0.084139 0.160295 -0.195152
v -0.083171 0.155525 -0.192820
v -0.081182 0.161753 -0.192497
v -0.083171 0.155525 -0.192820
v -0.079902 0.156729 -0.190042
v -0.079902 0.156729 -0.190042
v -0.083171 0.155525 -0.192820
v -0.080363 0.151222 -0.190717
v -0.079902 0.156729 -0.190042
v -0.080363 0.151222 -0.190717
v -0.076256 0.152471 -0.187960
v -0.076256 0.152471 -0.187960
v -0.080363 0.151222 -0.190717
v -0.075988 0.147808 -0.189047
v -0.076256 0.152471 -0.187960
v -0.075988 0.147808 -0.189047
v -0.070801 0.149625 -0.186569
v -0.070801 0.149625 -0.186569
v -0.075988 0.147808 -0.189047
v -0.070476 0.145615 -0.187975
v -0.070801 0.149625 -0.186569
v -0.070476 0.145615 -0.187975
v -0.064366 0.148626 -0.186081
v -0.064366 0.148626 -0.186081
v -0.070476 0.145615 -0.187975
v -0.064366 0.144860 -0.187606
v -0.084139 0.160295 -0.195152
v -0.086337 0.158632 -0.198180
v -0.085588 0.154193 -0.196010
v -0.084139 0.160295 -0.195152
v -0.085588 0.154193 -0.196010
v -0.083171 0.155525 -0.192820
v -0.083171 0.155525 -0.192820
v -0.085588 0.154193 -0.196010
v -0.083393 0.150057 -0.193988
v -0.083171 0.155525 -0.192820
v -0.083393 0.150057 -0.193988
v -0.080363 0.151222 -0.190717
v -0.080363 0.151222 -0.190717
v -0.083393 0.150057 -0.193988
v -0.079902 0.146505 -0.192251
v -0.080363 0.151222 -0.190717
v -0.079902 0.146505 -0.192251
v -0.075988 0.147808 -0.189047
v -0.075988 0.147808 -0.189047
v -0.079902 0.146505 -0.192251
v -0.075351 0.143779 -0.190919
v -0.075988 0.147808 -0.189047
v -0.075351 0.143779 -0.190919
v -0.070476 0.145615 -0.187975
v -0.070476 0.145615 -0.187975
v -0.075351 0.143779 -0.190919
v -0.070053 0.142066 -0.190081
v -0.070476 0.145615 -0.187975
v -0.070053 0.142066 -0.190081
v -0.064366 0.144860 -0.187606
v -0.064366 0.144860 -0.187606
v -0.070053 0.142066 -0.190081
v -0.064366 0.141481 -0.189796
v -0.086337 0.158632 -0.198180
v -0.087690 0.156828 -0.201466
v -0.087105 0.152776 -0.199485
v -0.086337 0.158632 -0.198180
v -0.087105 0.152776 -0.199485
v -0.085588 0.154193 -0.196010
v -0.085588 0.154193 -0.196010
v -0.087105 0.152776 -0.199485
v -0.085380 0.148928 -0.197604
v -0.085588 0.154193 -0.196010
v -0.085380 0.148928 -0.197604
v -0.083393 0.150057 -0.193988
v -0.083393 0.150057 -0.193988
v -0.085380 0.148928 -0.197604
v -0.082601 0.145476 -0.195916
v -0.083393 0.150057 -0.193988
v -0.082601 0.145476 -0.195916
v -0.079902 0.146505 -0.192251
v -0.079902 0.146505 -0.192251
v -0.082601 0.145476 -0.195916
v -0.078908 0.142593 -0.194507
v -0.079902 0.146505 -0.192251
v -0.078908 0.142593 -0.194507
v -0.075351 0.143779 -0.190919
v -0.075351 0.143779 -0.190919
v -0.078908 0.142593 -0.194507
v -0.074486 0.140423 -0.193447
v -0.075351 0.143779 -0.190919
v -0.074486 0.140423 -0.193447
v -0.070053 0.142066 -0.190081
v -0.070053 0.142066 -0.190081
v -0.074486 0.140423 -0.193447
v -0.069556 0.139077 -0.192788
v -0.070053 0.142066 -0.190081
v -0.069556 0.139077 -0.192788
v -0.064366 0.141481 -0.189796
v -0.064366 0.141481 -0.189796
v -0.069556 0.139077 -0.192788
v -0.064366 0.138620 -0.192565
v -0.087690 0.156828 -0.201466
v -0.088147 0.154952 -0.204882
v -0.087690 0.151330 -0.203112
v -0.087690 0.156828 -0.201466
v -0.087690 0.151330 -0.203112
v -0.087105 0.152776 -0.199485
v -0.087105 0.152776 -0.199485
v -0.087690 0.151330 -0.203112
v -0.086337 0.147847 -0.201410
v -0.087105 0.152776 -0.199485
v -0.086337 0.147847 -0.201410
v -0.085380 0.148928 -0.197604
v -0.085380 0.148928 -0.197604
v -0.086337 0.147847 -0.201410
v -0.084139 0.144638 -0.199841
v -0.085380 0.148928 -0.197604
v -0.084139 0.144638 -0.199841
v -0.082601 0.145476 -0.195916
v -0.082601 0.145476 -0.195916
v -0.084139 0.144638 -0.199841
v -0.081182 0.141825 -0.198466
v -0.082601 0.145476 -0.195916
v -0.081182 0.141825 -0.198466
v -0.078908 0.142593 -0.194507
v -0.078908 0.142593 -0.194507
v -0.081182 0.141825 -0.198466
v -0.077578 0.139516 -0.197337
v -0.078908 0.142593 -0.194507
v -0.077578 0.139516 -0.197337
v -0.074486 0.140423 -0.193447
v -0.074486 0.140423 -0.193447
v -0.077578 0.139516 -0.197337
v -0.073467 0.137801 -0.196498
v -0.074486 0.140423 -0.193447
v -0.073467 0.137801 -0.196498
v -0.069556 0.139077 -0.192788
v -0.069556 0.139077 -0.192788
v -0.073467 0.137801 -0.196498
v -0.069005 0.136744 -0.195982
v -0.069556 0.139077 -0.192788
v -0.069005 0.136744 -0.195982
v -0.064366 0.138620 -0.192565
v -0.064366 0.138620 -0.192565
v -0.069005 0.136744 -0.195982
v -0.064366 0.136387 -0.195808
v 0.185330 0.133454 -0.244029
v 0.189969 0.133639 -0.243692
v 0.185330 0.130017 -0.241922
v 0.189969 0.133639 -0.243692
v 0.194430 0.134187 -0.242695
v 0.191765 0.129163 -0.240240
v 0.189969 0.133639 -0.243692
v 0.191765 0.129163 -0.240240
v 0.185330 0.130017 -0.241922
v 0.185330 0.130017 -0.241922
v 0.191765 0.129163 -0.240240
v 0.185330 0.127082 -0.239223
v 0.194430 0.134187 -0.242695
v 0.198542 0.135075 -0.241077
v 0.196772 0.129919 -0.238556
v 0.194430 0.134187 -0.242695
v 0.196772 0.129919 -0.238556
v 0.191765 0.129163 -0.240240
v 0.191765 0.129163 -0.240240
v 0.196772 0.129919 -0.238556
v 0.191936 0.126143 -0.236711
v 0.191765 0.129163 -0.240240
v 0.191936 0.126143 -0.236711
v 0.185330 0.127082 -0.239223
v 0.185330 0.127082 -0.239223
v 0.191936 0.126143 -0.236711
v 0.185330 0.124762 -0.236035
v 0.198542 0.135075 -0.241077
v 0.202145 0.136272 -0.238899
v 0.200865 0.131248 -0.236443
v 0.198542 0.135075 -0.241077
v 0.200865 0.131248 -0.236443
v 0.196772 0.129919 -0.238556
v 0.196772 0.129919 -0.238556
v 0.200865 0.131248 -0.236443
v 0.197220 0.126989 -0.234361
v 0.196772 0.129919 -0.238556
v 0.197220 0.126989 -0.234361
v 0.191936 0.126143 -0.236711
v 0.191936 0.126143 -0.236711
v 0.197220 0.126989 -0.234361
v 0.191765 0.124144 -0.232970
v 0.191936 0.126143 -0.236711
v 0.191765 0.124144 -0.232970
v 0.185330 0.124762 -0.236035
v 0.185330 0.124762 -0.236035
v 0.191765 0.124144 -0.232970
v 0.185330 0.123145 -0.232482
v 0.202145 0.136272 -0.238899
v 0.205103 0.137729 -0.236245
v 0.204135 0.132959 -0.233913
v 0.202145 0.136272 -0.238899
v 0.204135 0.132959 -0.233913
v 0.200865 0.131248 -0.236443
v 0.200865 0.131248 -0.236443
v 0.204135 0.132959 -0.233913
v 0.201327 0.128656 -0.231809
v 0.200865 0.131248 -0.236443
v 0.201327 0.128656 -0.231809
v 0.197220 0.126989 -0.234361
v 0.197220 0.126989 -0.234361
v 0.201327 0.128656 -0.231809
v 0.196952 0.125242 -0.230140
v 0.197220 0.126989 -0.234361
v 0.196952 0.125242 -0.230140
v 0.191765 0.124144 -0.232970
v 0.191765 0.124144 -0.232970
v 0.196952 0.125242 -0.230140
v 0.191440 0.123049 -0.229068
v 0.191765 0.124144 -0.232970
v 0.191440 0.123049 -0.229068
v 0.185330 0.123145 -0.232482
v 0.185330 0.123145 -0.232482
v 0.191440 0.123049 -0.229068
v 0.185330 0.122293 -0.228699
v 0.205103 0.137729 -0.236245
v 0.207300 0.139392 -0.233216
v 0.206552 0.134953 -0.231046
v 0.205103 0.137729 -0.236245
v 0.206552 0.134953 -0.231046
v 0.204135 0.132959 -0.233913
v 0.204135 0.132959 -0.233913
v 0.206552 0.134953 -0.231046
v 0.204357 0.130816 -0.229024
v 0.204135 0.132959 -0.233913
v 0.204357 0.130816 -0.229024
v 0.201327 0.128656 -0.231809
v 0.201327 0.128656 -0.231809
v 0.204357 0.130816 -0.229024
v 0.200865 0.127264 -0.227288
v 0.201327 0.128656 -0.231809
v 0.200865 0.127264 -0.227288
v 0.196952 0.125242 -0.230140
v 0.196952 0.125242 -0.230140
v 0.200865 0.127264 -0.227288
v 0.196315 0.124539 -0.225955
v 0.196952 0.125242 -0.230140
v 0.196315 0.124539 -0.225955
v 0.191440 0.123049 -0.229068
v 0.191440 0.123049 -0.229068
v 0.196315 0.124539 -0.225955
v 0.191016 0.122825 -0.225118
v 0.191440 0.123049 -0.229068
v 0.191016 0.122825 -0.225118
v 0.185330 0.122293 -0.228699
v 0.185330 0.122293 -0.228699
v 0.191016 0.122825 -0.225118
v 0.185330 0.122241 -0.224832
v 0.207300 0.139392 -0.233216
v 0.208654 0.141197 -0.229931
v 0.208069 0.137145 -0.227950
v 0.207300 0.139392 -0.233216
v 0.208069 0.137145 -0.227950
v 0.206552 0.134953 -0.231046
v 0.206552 0.134953 -0.231046
v 0.208069 0.137145 -0.227950
v 0.206344 0.133296 -0.226069
v 0.206552 0.134953 -0.231046
v 0.206344 0.133296 -0.226069
v 0.204357 0.130816 -0.229024
v 0.204357 0.130816 -0.229024
v 0.206344 0.133296 -0.226069
v 0.203565 0.129844 -0.224381
v 0.204357 0.130816 -0.229024
v 0.203565 0.129844 -0.224381
v 0.200865 0.127264 -0.227288
v 0.200865 0.127264 -0.227288
v 0.203565 0.129844 -0.224381
v 0.199872 0.126961 -0.222972
v 0.200865 0.127264 -0.227288
v 0.199872 0.126961 -0.222972
v 0.196315 0.124539 -0.225955
v 0.196315 0.124539 -0.225955
v 0.199872 0.126961 -0.222972
v 0.195450 0.124792 -0.221912
v 0.196315 0.124539 -0.225955
v 0.195450 0.124792 -0.221912
v 0.191016 0.122825 -0.225118
v 0.191016 0.122825 -0.225118
v 0.195450 0.124792 -0.221912
v 0.190520 0.123445 -0.221253
v 0.191016 0.122825 -0.225118
v 0.190520 0.123445 -0.221253
v 0.185330 0.122241 -0.224832
v 0.185330 0.122241 -0.224832
v 0.190520 0.123445 -0.221253
v 0.185330 0.122989 -0.221030
v 0.208654 0.141197 -0.229931
v 0.209111 0.143073 -0.226514
v 0.208654 0.139451 -0.224743
v 0.208654 0.141197 -0.229931
v 0.208654 0.139451 -0.224743
v 0.208069 0.137145 -0.227950
v 0.208069 0.137145 -0.227950
v 0.208654 0.139451 -0.224743
v 0.207300 0.135969 -0.223041
v 0.208069 0.137145 -0.227950
v 0.207300 0.135969 -0.223041
v 0.206344 0.133296 -0.226069
v 0.206344 0.133296 -0.226069
v 0.207300 0.135969 -0.223041
v 0.205103 0.132759 -0.221472
v 0.206344 0.133296 -0.226069
v 0.205103 0.132759 -0.221472
v 0.203565 0.129844 -0.224381
v 0.203565 0.129844 -0.224381
v 0.205103 0.132759 -0.221472
v 0.202145 0.129946 -0.220097
v 0.203565 0.129844 -0.224381
v 0.202145 0.129946 -0.220097
v 0.199872 0.126961 -0.222972
v 0.199872 0.126961 -0.222972
v 0.202145 0.129946 -0.220097
v 0.198542 0.127637 -0.218968
v 0.199872 0.126961 -0.222972
v 0.198542 0.127637 -0.218968
v 0.195450 0.124792 -0.221912
v 0.195450 0.124792 -0.221912
v 0.198542 0.127637 -0.218968
v 0.194430 0.125922 -0.218130
v 0.195450 0.124792 -0.221912
v 0.194430 0.125922 -0.218130
v 0.190520 0.123445 -0.221253
v 0.190520 0.123445 -0.221253
v 0.194430 0.125922 -0.218130
v 0.189969 0.124865 -0.217613
v 0.190520 0.123445 -0.221253
v 0.189969 0.124865 -0.217613
v 0.185330 0.122989 -0.221030
v 0.185330 0.122989 -0.221030
v 0.189969 0.124865 -0.217613
v 0.185330 0.124509 -0.217439
v -0.064366 0.133454 -0.244029
v -0.064366 0.130017 -0.241922
v -0.069005 0.133639 -0.243692
v -0.069005 0.133639 -0.243692
v -0.070801 0.129163 -0.240240
v -0.073467 0.134187 -0.242695
v -0.069005 0.133639 -0.243692
v -0.064366 0.130017 -0.241922
v -0.070801 0.129163 -0.240240
v -0.064366 0.130017 -0.241922
v -0.064366 0.127082 -0.239223
v -0.070801 0.129163 -0.240240
v -0.073467 0.134187 -0.242695
v -0.075808 0.129919 -0.238556
v -0.077578 0.135075 -0.241077
v -0.073467 0.134187 -0.242695
v -0.070801 0.129163 -0.240240
v -0.075808 0.129919 -0.238556
v -0.070801 0.129163 -0.240240
v -0.070972 0.126143 -0.236711
v -0.075808 0.129919 -0.238556
v -0.070801 0.129163 -0.240240
v -0.064366 0.127082 -0.239223
v -0.070972 0.126143 -0.236711
v -0.064366 0.127082 -0.239223
v -0.064366 0.124762 -0.236035
v -0.070972 0.126143 -0.236711
v -0.077578 0.135075 -0.241077
v -0.079902 0.131248 -0.236443
v -0.081182 0.136272 -0.238899
v -0.077578 0.135075 -0.241077
v -0.075808 0.129919 -0.238556
v -0.079902 0.131248 -0.236443
v -0.075808 0.129919 -0.238556
v -0.076256 0.126989 -0.234361
v -0.079902 0.131248 -0.236443
v -0.075808 0.129919 -0.238556
v -0.070972 0.126143 -0.236711
v -0.076256 0.126989 -0.234361
v -0.070972 0.126143 -0.236711
v -0.070801 0.124144 -0.232970
v -0.076256 0.126989 -0.234361
v -0.070972 0.126143 -0.236711
v -0.064366 0.124762 -0.236035
v -0.070801 0.124144 -0.232970
v -0.064366 0.124762 -0.236035
v -0.064366 0.123145 -0.232482
v -0.070801 0.124144 -0.232970
v -0.081182 0.136272 -0.238899
v -0.083171 0.132959 -0.233913
v -0.084139 0.137729 -0.236245
v -0.081182 0.136272 -0.238899
v -0.079902 0.131248 -0.236443
v -0.083171 0.132959 -0.233913
v -0.079902 0.131248 -0.236443
v -0.080363 0.128656 -0.231809
v -0.083171 0.132959 -0.233913
v -0.079902 0.131248 -0.236443
v -0.076256 0.126989 -0.234361
v -0.080363 0.128656 -0.231809
v -0.076256 0.126989 -0.234361
v -0.075988 0.125242 -0.230140
v -0.080363 0.128656 -0.231809
v -0.076256 0.126989 -0.234361
v -0.070801 0.124144 -0.232970
v -0.075988 0.125242 -0.230140
v -0.070801 0.124144 -0.232970
v -0.070476 0.123049 -0.229068
v -0.075988 0.125242 -0.230140
v -0.070801 0.124144 -0.232970
v -0.064366 0.123145 -0.232482
v -0.070476 0.123049 -0.229068
v -0.064366 0.123145 -0.232482
v -0.064366 0.122293 -0.228699
v -0.070476 0.123049 -0.229068
v -0.084139 0.137729 -0.236245
v -0.085588 0.134953 -0.231046
v -0.086337 0.139392 -0.233216
v -0.084139 0.137729 -0.236245
v -0.083171 0.132959 -0.233913
v -0.085588 0.134953 -0.231046
v -0.083171 0.132959 -0.233913
v -0.083393 0.130816 -0.229024
v -0.085588 0.134953 -0.231046
v -0.083171 0.132959 -0.233913
v -0.080363 0.128656 -0.231809
v -0.083393 0.130816 -0.229024
v -0.080363 0.128656 -0.231809
v -0.079902 0.127264 -0.227288
v -0.083393 0.130816 -0.229024
v -0.080363 0.128656 -0.231809
v -0.075988 0.125242 -0.230140
v -0.079902 0.127264 -0.227288
v -0.075988 0.125242 -0.230140
v -0.075351 0.124539 -0.225955
v -0.079902 0.127264 -0.227288
v -0.075988 0.125242 -0.230140
v -0.070476 0.123049 -0.229068
v -0.075351 0.124539 -0.225955
v -0.070476 0.123049 -0.229068
v -0.070053 0.122825 -0.225118
v -0.075351 0.124539 -0.225955
v -0.070476 0.123049 -0.229068
v -0.064366 0.122293 -0.228699
v -0.070053 0.122825 -0.225118
v -0.064366 0.122293 -0.228699
v -0.064366 0.122241 -0.224832
v -0.070053 0.122825 -0.225118
v -0.086337 0.139392 -0.233216
v -0.087105 0.137145 -0.227950
v -0.087690 0.141197 -0.229931
v -0.086337 0.139392 -0.233216
v -0.085588 0.134953 -0.231046
v -0.087105 0.137145 -0.227950
v -0.085588 0.134953 -0.231046
v -0.085380 0.133296 -0.226069
v -0.087105 0.137145 -0.227950
v -0.085588 0.134953 -0.231046
v -0.083393 0.130816 -0.229024
v -0.085380 0.133296 -0.226069
v -0.083393 0.130816 -0.229024
v -0.082601 0.129844 -0.224381
v -0.085380 0.133296 -0.226069
v -0.083393 0.130816 -0.229024
v -0.079902 0.127264 -0.227288
v -0.082601 0.129844 -0.224381
v -0.079902 0.127264 -0.227288
v -0.078908 0.126961 -0.222972
v -0.082601 0.129844 -0.224381
v -0.079902 0.127264 -0.227288
v -0.075351 0.124539 -0.225955
v -0.078908 0.126961 -0.222972
v -0.075351 0.124539 -0.225955
v -0.074486 0.124792 -0.221912
v -0.078908 0.126961 -0.222972
v -0.075351 0.124539 -0.225955
v -0.070053 0.122825 -0.225118
v -0.074486 0.124792 -0.221912
v -0.070053 0.122825 -0.225118
v -0.069556 0.123445 -0.221253
v -0.074486 0.124792 -0.221912
v -0.070053 0.122825 -0.225118
v -0.064366 0.122241 -0.224832
v -0.069556 0.123445 -0.221253
v -0.064366 0.122241 -0.224832
v -0.064366 0.122989 -0.221030
v -0.069556 0.123445 -0.221253
v -0.087690 0.141197 -0.229931
v -0.087690 0.139451 -0.224743
v -0.088147 0.143073 -0.226514
v -0.087690 0.141197 -0.229931
v -0.087105 0.137145 -0.227950
v -0.087690 0.139451 -0.224743
v -0.087105 0.137145 -0.227950
v -0.086337 0.135969 -0.223041
v -0.087690 0.139451 -0.224743
v -0.087105 0.137145 -0.227950
v -0.085380 0.133296 -0.226069
v -0.086337 0.135969 -0.223041
v -0.085380 0.133296 -0.226069
v -0.084139 0.132759 -0.221472
v -0.086337 0.135969 -0.223041
v -0.085380 0.133296 -0.226069
v -0.082601 0.129844 -0.224381
v -0.084139 0.132759 -0.221472
v -0.082601 0.129844 -0.224381
v -0.081182 0.129946 -0.220097
v -0.084139 0.132759 -0.221472
v -0.082601 0.129844 -0.224381
v -0.078908 0.126961 -0.222972
v -0.081182 0.129946 -0.220097
v -0.078908 0.126961 -0.222972
v -0.077578 0.127637 -0.218968
v -0.081182 0.129946 -0.220097
v -0.078908 0.126961 -0.222972
v -0.074486 0.124792 -0.221912
v -0.077578 0.127637 -0.218968
v -0.074486 0.124792 -0.221912
v -0.073467 0.125922 -0.218130
v -0.077578 0.127637 -0.218968
v -0.074486 0.124792 -0.221912
v -0.069556 0.123445 -0.221253
v -0.073467 0.125922 -0.218130
v -0.069556 0.123445 -0.221253
v -0.069005 0.124865 -0.217613
v -0.073467 0.125922 -0.218130
v -0.069556 0.123445 -0.221253
v -0.064366 0.122989 -0.221030
v -0.069005 0.124865 -0.217613
v -0.064366 0.122989 -0.221030
v -0.064366 0.124509 -0.217439
v -0.069005 0.124865 -0.217613
v 0.185330 0.359496 -0.282653
v 0.189969 0.359311 -0.282990
v 0.185330 0.362933 -0.284760
v 0.189969 0.359311 -0.282990
v 0.194430 0.358764 -0.283987
v 0.191765 0.363787 -0.286442
v 0.189969 0.359311 -0.282990
v 0.191765 0.363787 -0.286442
v 0.185330 0.362933 -0.284760
v 0.185330 0.362933 -0.284760
v 0.191765 0.363787 -0.286442
v 0.185330 0.365868 -0.287459
v 0.194430 0.358764 -0.283987
v 0.198542 0.357875 -0.285605
v 0.196772 0.363032 -0.288126
v 0.194430 0.358764 -0.283987
v 0.196772 0.363032 -0.288126
v 0.191765 0.363787 -0.286442
v 0.191765 0.363787 -0.286442
v 0.196772 0.363032 -0.288126
v 0.191936 0.366807 -0.289971
v 0.191765 0.363787 -0.286442
v 0.191936 0.366807 -0.289971
v 0.185330 0.365868 -0.287459
v 0.185330 0.365868 -0.287459
v 0.191936 0.366807 -0.289971
v 0.185330 0.368189 -0.290647
v 0.198542 0.357875 -0.285605
v 0.202145 0.356679 -0.287783
v 0.200865 0.361702 -0.290239
v 0.198542 0.357875 -0.285605
v 0.200865 0.361702 -0.290239
v 0.196772 0.363032 -0.288126
v 0.196772 0.363032 -0.288126
v 0.200865 0.361702 -0.290239
v 0.197220 0.365961 -0.292321
v 0.196772 0.363032 -0.288126
v 0.197220 0.365961 -0.292321
v 0.191936 0.366807 -0.289971
v 0.191936 0.366807 -0.289971
v 0.197220 0.365961 -0.292321
v 0.191765 0.368806 -0.293712
v 0.191936 0.366807 -0.289971
v 0.191765 0.368806 -0.293712
v 0.185330 0.368189 -0.290647
v 0.185330 0.368189 -0.290647
v 0.191765 0.368806 -0.293712
v 0.185330 0.369805 -0.294200
v 0.202145 0.356679 -0.287783
v 0.205103 0.355221 -0.290437
v 0.204135 0.359991 -0.292769
v 0.202145 0.356679 -0.287783
v 0.204135 0.359991 -0.292769
v 0.200865 0.361702 -0.290239
v 0.200865 0.361702 -0.290239
v 0.204135 0.359991 -0.292769
v 0.201327 0.364294 -0.294873
v 0.200865 0.361702 -0.290239
v 0.201327 0.364294 -0.294873
v 0.197220 0.365961 -0.292321
v 0.197220 0.365961 -0.292321
v 0.201327 0.364294 -0.294873
v 0.196952 0.367709 -0.296542
v 0.197220 0.365961 -0.292321
v 0.196952 0.367709 -0.296542
v 0.191765 0.368806 -0.293712
v 0.191765 0.368806 -0.293712
v 0.196952 0.367709 -0.296542
v 0.191440 0.369901 -0.297614
v 0.191765 0.368806 -0.293712
v 0.191440 0.369901 -0.297614
v 0.185330 0.369805 -0.294200
v 0.185330 0.369805 -0.294200
v 0.191440 0.369901 -0.297614
v 0.185330 0.370657 -0.297983
v 0.205103 0.355221 -0.290437
v 0.207300 0.353558 -0.293466
v 0.206552 0.357997 -0.295636
v 0.205103 0.355221 -0.290437
v 0.206552 0.357997 -0.295636
v 0.204135 0.359991 -0.292769
v 0.204135 0.359991 -0.292769
v 0.206552 0.357997 -0.295636
v 0.204357 0.362134 -0.297658
v 0.204135 0.359991 -0.292769
v 0.204357 0.362134 -0.297658
v 0.201327 0.364294 -0.294873
v 0.201327 0.364294 -0.294873
v 0.204357 0.362134 -0.297658
v 0.200865 0.365686 -0.299394
v 0.201327 0.364294 -0.294873
v 0.200865 0.365686 -0.299394
v 0.196952 0.367709 -0.296542
v 0.196952 0.367709 -0.296542
v 0.200865 0.365686 -0.299394
v 0.196315 0.368412 -0.300727
v 0.196952 0.367709 -0.296542
v 0.196315 0.368412 -0.300727
v 0.191440 0.369901 -0.297614
v 0.191440 0.369901 -0.297614
v 0.196315 0.368412 -0.300727
v 0.191016 0.370125 -0.301564
v 0.191440 0.369901 -0.297614
v 0.191016 0.370125 -0.301564
v 0.185330 0.370657 -0.297983
v 0.185330 0.370657 -0.297983
v 0.191016 0.370125 -0.301564
v 0.185330 0.370710 -0.301850
v 0.207300 0.353558 -0.293466
v 0.208654 0.351754 -0.296751
v 0.208069 0.355805 -0.298732
v 0.207300 0.353558 -0.293466
v 0.208069 0.355805 -0.298732
v 0.206552 0.357997 -0.295636
v 0.206552 0.357997 -0.295636
v 0.208069 0.355805 -0.298732
v 0.206344 0.359654 -0.300613
v 0.206552 0.357997 -0.295636
v 0.206344 0.359654 -0.300613
v 0.204357 0.362134 -0.297658
v 0.204357 0.362134 -0.297658
v 0.206344 0.359654 -0.300613
v 0.203565 0.363106 -0.302301
v 0.204357 0.362134 -0.297658
v 0.203565 0.363106 -0.302301
v 0.200865 0.365686 -0.299394
v 0.200865 0.365686 -0.299394
v 0.203565 0.363106 -0.302301
v 0.199872 0.365989 -0.303710
v 0.200865 0.365686 -0.299394
v 0.199872 0.365989 -0.303710
v 0.196315 0.368412 -0.300727
v 0.196315 0.368412 -0.300727
v 0.199872 0.365989 -0.303710
v 0.195450 0.368158 -0.304770
v 0.196315 0.368412 -0.300727
v 0.195450 0.368158 -0.304770
v 0.191016 0.370125 -0.301564
v 0.191016 0.370125 -0.301564
v 0.195450 0.368158 -0.304770
v 0.190520 0.369505 -0.305429
v 0.191016 0.370125 -0.301564
v 0.190520 0.369505 -0.305429
v 0.185330 0.370710 -0.301850
v 0.185330 0.370710 -0.301850
v 0.190520 0.369505 -0.305429
v 0.185330 0.369962 -0.305652
v 0.208654 0.351754 -0.296751
v 0.209111 0.349877 -0.300168
v 0.208654 0.353499 -0.301939
v 0.208654 0.351754 -0.296751
v 0.208654 0.353499 -0.301939
v 0.208069 0.355805 -0.298732
v 0.208069 0.355805 -0.298732
v 0.208654 0.353499 -0.301939
v 0.207300 0.356982 -0.303641
v 0.208069 0.355805 -0.298732
v 0.207300 0.356982 -0.303641
v 0.206344 0.359654 -0.300613
v 0.206344 0.359654 -0.300613
v 0.207300 0.356982 -0.303641
v 0.205103 0.360191 -0.305210
v 0.206344 0.359654 -0.300613
v 0.205103 0.360191 -0.305210
v 0.203565 0.363106 -0.302301
v 0.203565 0.363106 -0.302301
v 0.205103 0.360191 -0.305210
v 0.202145 0.363004 -0.306585
v 0.203565 0.363106 -0.302301
v 0.202145 0.363004 -0.306585
v 0.199872 0.365989 -0.303710
v 0.199872 0.365989 -0.303710
v 0.202145 0.363004 -0.306585
v 0.198542 0.365313 -0.307714
v 0.199872 0.365989 -0.303710
v 0.198542 0.365313 -0.307714
v 0.195450 0.368158 -0.304770
v 0.195450 0.368158 -0.304770
v 0.198542 0.365313 -0.307714
v 0.194430 0.367029 -0.308552
v 0.195450 0.368158 -0.304770
v 0.194430 0.367029 -0.308552
v 0.190520 0.369505 -0.305429
v 0.190520 0.369505 -0.305429
v 0.194430 0.367029 -0.308552
v 0.189969 0.368085 -0.309069
v 0.190520 0.369505 -0.305429
v 0.189969 0.368085 -0.309069
v 0.185330 0.369962 -0.305652
v 0.185330 0.369962 -0.305652
v 0.189969 0.368085 -0.309069
v 0.185330 0.368442 -0.309243
v -0.064366 0.359496 -0.282653
v -0.064366 0.362933 -0.284760
v -0.069005 0.359311 -0.282990
v -0.069005 0.359311 -0.282990
v -0.070801 0.363787 -0.286442
v -0.073467 0.358764 -0.283987
v -0.069005 0.359311 -0.282990
v -0.064366 0.362933 -0.284760
v -0.070801 0.363787 -0.286442
v -0.064366 0.362933 -0.284760
v -0.064366 0.365868 -0.287459
v -0.070801 0.363787 -0.286442
v -0.073467 0.358764 -0.283987
v -0.075808 0.363032 -0.288126
v -0.077578 0.357875 -0.285605
v -0.073467 0.358764 -0.283987
v -0.070801 0.363787 -0.286442
v -0.075808 0.363032 -0.288126
v -0.070801 0.363787 -0.286442
v -0.070972 0.366807 -0.289971
v -0.075808 0.363032 -0.288126
v -0.070801 0.363787 -0.286442
v -0.064366 0.365868 -0.287459
v -0.070972 0.366807 -0.289971
v -0.064366 0.365868 -0.287459
v -0.064366 0.368189 -0.290647
v -0.070972 0.366807 -0.289971
v -0.077578 0.357875 -0.285605
v -0.079902 0.361702 -0.290239
v -0.081182 0.356679 -0.287783
v -0.077578 0.357875 -0.285605
v -0.075808 0.363032 -0.288126
v -0.079902 0.361702 -0.290239
v -0.075808 0.363032 -0.288126
v -0.076256 0.365961 -0.292321
v -0.079902 0.361702 -0.290239
v -0.075808 0.363032 -0.288126
v -0.070972 0.366807 -0.289971
v -0.076256 0.365961 -0.292321
v -0.070972 0.366807 -0.289971
v -0.070801 0.368806 -0.293712
v -0.076256 0.365961 -0.292321
v -0.070972 0.366807 -0.289971
v -0.064366 0.368189 -0.290647
v -0.070801 0.368806 -0.293712
v -0.064366 0.368189 -0.290647
v -0.064366 0.369805 -0.294200
v -0.070801 0.368806 -0.293712
v -0.081182 0.356679 -0.287783
v -0.083171 0.359991 -0.292769
v -0.084139 0.355221 -0.290437
v -0.081182 0.356679 -0.287783
v -0.079902 0.361702 -0.290239
v -0.083171 0.359991 -0.292769
v -0.079902 0.361702 -0.290239
v -0.080363 0.364294 -0.294873
v -0.083171 0.359991 -0.292769
v -0.079902 0.361702 -0.290239
v -0.076256 0.365961 -0.292321
v -0.080363 0.364294 -0.294873
v -0.076256 0.365961 -0.292321
v -0.075988 0.367709 -0.296542
v -0.080363 0.364294 -0.294873
v -0.076256 0.365961 -0.292321
v -0.070801 0.368806 -0.293712
v -0.075988 0.367709 -0.296542
v -0.070801 0.368806 -0.293712
v -0.070476 0.369901 -0.297614
v -0.075988 0.367709 -0.296542
v -0.070801 0.368806 -0.293712
v -0.064366 0.369805 -0.294200
v -0.070476 0.369901 -0.297614
v -0.064366 0.369805 -0.294200
v -0.064366 0.370657 -0.297983
v -0.070476 0.369901 -0.297614
v -0.084139 0.355221 -0.290437
v -0.085588 0.357997 -0.295636
v -0.086337 0.353558 -0.293466
v -0.084139 0.355221 -0.290437
v -0.083171 0.359991 -0.292769
v -0.085588 0.357997 -0.295636
v -0.083171 0.359991 -0.292769
v -0.083393 0.362134 -0.297658
v -0.085588 0.357997 -0.295636
v -0.083171 0.359991 -0.292769
v -0.080363 0.364294 -0.294873
v -0.083393 0.362134 -0.297658
v -0.080363 0.364294 -0.294873
v -0.079902 0.365686 -0.299394
v -0.083393 0.362134 -0.297658
v -0.080363 0.364294 -0.294873
v -0.075988 0.367709 -0.296542
v -0.079902 0.365686 -0.299394
v -0.075988 0.367709 -0.296542
v -0.075351 0.368412 -0.300727
v -0.079902 0.365686 -0.299394
v -0.075988 0.367709 -0.296542
v -0.070476 0.369901 -0.297614
v -0.075351 0.368412 -0.300727
v -0.070476 0.369901 -0.297614
v -0.070053 0.370125 -0.301564
v -0.075351 0.368412 -0.300727
v -0.070476 0.369901 -0.297614
v -0.064366 0.370657 -0.297983
v -0.070053 0.370125 -0.301564
v -0.064366 0.370657 -0.297983
v -0.064366 0.370710 -0.301850
v -0.070053 0.370125 -0.301564
v -0.086337 0.353558 -0.293466
v -0.087105 0.355805 -0.298732
v -0.087690 0.351754 -0.296751
v -0.086337 0.353558 -0.293466
v -0.085588 0.357997 -0.295636
v -0.087105 0.355805 -0.298732
v -0.085588 0.357997 -0.295636
v -0.085380 0.359654 -0.300613
v -0.087105 0.355805 -0.298732
v -0.085588 0.357997 -0.295636
v -0.083393 0.362134 -0.297658
v -0.085380 0.359654 -0.300613
v -0.083393 0.362134 -0.297658
v -0.082601 0.363106 -0.302301
v -0.085380 0.359654 -0.300613
v -0.083393 0.362134 -0.297658
v -0.079902 0.365686 -0.299394
v -0.082601 0.363106 -0.302301
v -0.079902 0.365686 -0.299394
v -0.078908 0.365989 -0.303710
v -0.082601 0.363106 -0.302301
v -0.079902 0.365686 -0.299394
v -0.075351 0.368412 -0.300727
v -0.078908 0.365989 -0.303710
v -0.075351 0.368412 -0.300727
v -0.074486 0.368158 -0.304770
v -0.078908 0.365989 -0.303710
v -0.075351 0.368412 -0.300727
v -0.070053 0.370125 -0.301564
v -0.074486 0.368158 -0.304770
v -0.070053 0.370125 -0.301564
v -0.069556 0.369505 -0.305429
v -0.074486 0.368158 -0.304770
v -0.070053 0.370125 -0.301564
v -0.064366 0.370710 -0.301850
v -0.069556 0.369505 -0.305429
v -0.064366 0.370710 -0.301850
v -0.064366 0.369962 -0.305652
v -0.069556 0.369505 -0.305429
v -0.087690 0.351754 -0.296751
v -0.087690 0.353499 -0.301939
v -0.088147 0.349877 -0.300168
v -0.087690 0.351754 -0.296751
v -0.087105 0.355805 -0.298732
v -0.087690 0.353499 -0.301939
v -0.087105 0.355805 -0.298732
v -0.086337 0.356982 -0.303641
v -0.087690 0.353499 -0.301939
v -0.087105 0.355805 -0.298732
v -0.085380 0.359654 -0.300613
v -0.086337 0.356982 -0.303641
v -0.085380 0.359654 -0.300613
v -0.084139 0.360191 -0.305210
v -0.086337 0.356982 -0.303641
v -0.085380 0.359654 -0.300613
v -0.082601 0.363106 -0.302301
v -0.084139 0.360191 -0.305210
v -0.082601 0.363106 -0.302301
v -0.081182 0.363004 -0.306585
v -0.084139 0.360191 -0.305210
v -0.082601 0.363106 -0.302301
v -0.078908 0.365989 -0.303710
v -0.081182 0.363004 -0.306585
v -0.078908 0.365989 -0.303710
v -0.077578 0.365313 -0.307714
v -0.081182 0.363004 -0.306585
v -0.078908 0.365989 -0.303710
v -0.074486 0.368158 -0.304770
v -0.077578 0.365313 -0.307714
v -0.074486 0.368158 -0.304770
v -0.073467 0.367029 -0.308552
v -0.077578 0.365313 -0.307714
v -0.074486 0.368158 -0.304770
v -0.069556 0.369505 -0.305429
v -0.073467 0.367029 -0.308552
v -0.069556 0.369505 -0.305429
v -0.069005 0.368085 -0.309069
v -0.073467 0.367029 -0.308552
v -0.069556 0.369505 -0.305429
v -0.064366 0.369962 -0.305652
v -0.069005 0.368085 -0.309069
v -0.064366 0.369962 -0.305652
v -0.064366 0.368442 -0.309243
v -0.069005 0.368085 -0.309069
v 0.185330 0.328380 -0.339315
v 0.185330 0.332187 -0.340749
v 0.189969 0.328565 -0.338978
v 0.189969 0.328565 -0.338978
v 0.191765 0.334136 -0.340437
v 0.194430 0.329113 -0.337981
v 0.189969 0.328565 -0.338978
v 0.185330 0.332187 -0.340749
v 0.191765 0.334136 -0.340437
v 0.185330 0.332187 -0.340749
v 0.185330 0.336217 -0.341454
v 0.191765 0.334136 -0.340437
v 0.194430 0.329113 -0.337981
v 0.196772 0.335158 -0.338884
v 0.198542 0.330001 -0.336363
v 0.194430 0.329113 -0.337981
v 0.191765 0.334136 -0.340437
v 0.196772 0.335158 -0.338884
v 0.191765 0.334136 -0.340437
v 0.191936 0.338933 -0.340729
v 0.196772 0.335158 -0.338884
v 0.191765 0.334136 -0.340437
v 0.185330 0.336217 -0.341454
v 0.191936 0.338933 -0.340729
v 0.185330 0.336217 -0.341454
v 0.185330 0.340315 -0.341404
v 0.191936 0.338933 -0.340729
v 0.198542 0.330001 -0.336363
v 0.200865 0.336221 -0.336640
v 0.202145 0.331197 -0.334185
v 0.198542 0.330001 -0.336363
v 0.196772 0.335158 -0.338884
v 0.200865 0.336221 -0.336640
v 0.196772 0.335158 -0.338884
v 0.197220 0.340479 -0.338722
v 0.200865 0.336221 -0.336640
v 0.196772 0.335158 -0.338884
v 0.191936 0.338933 -0.340729
v 0.197220 0.340479 -0.338722
v 0.191936 0.338933 -0.340729
v 0.191765 0.343325 -0.340113
v 0.197220 0.340479 -0.338722
v 0.191936 0.338933 -0.340729
v 0.185330 0.340315 -0.341404
v 0.191765 0.343325 -0.340113
v 0.185330 0.340315 -0.341404
v 0.185330 0.344324 -0.340601
v 0.191765 0.343325 -0.340113
v 0.202145 0.331197 -0.334185
v 0.204135 0.337425 -0.333862
v 0.205103 0.332655 -0.331530
v 0.202145 0.331197 -0.334185
v 0.200865 0.336221 -0.336640
v 0.204135 0.337425 -0.333862
v 0.200865 0.336221 -0.336640
v 0.201327 0.341728 -0.335965
v 0.204135 0.337425 -0.333862
v 0.200865 0.336221 -0.336640
v 0.197220 0.340479 -0.338722
v 0.201327 0.341728 -0.335965
v 0.197220 0.340479 -0.338722
v 0.196952 0.345143 -0.337635
v 0.201327 0.341728 -0.335965
v 0.197220 0.340479 -0.338722
v 0.191765 0.343325 -0.340113
v 0.196952 0.345143 -0.337635
v 0.191765 0.343325 -0.340113
v 0.191440 0.347335 -0.338707
v 0.196952 0.345143 -0.337635
v 0.191765 0.343325 -0.340113
v 0.185330 0.344324 -0.340601
v 0.191440 0.347335 -0.338707
v 0.185330 0.344324 -0.340601
v 0.185330 0.348091 -0.339076
v 0.191440 0.347335 -0.338707
v 0.205103 0.332655 -0.331530
v 0.206552 0.338757 -0.330672
v 0.207300 0.334318 -0.328502
v 0.205103 0.332655 -0.331530
v 0.204135 0.337425 -0.333862
v 0.206552 0.338757 -0.330672
v 0.204135 0.337425 -0.333862
v 0.204357 0.342894 -0.332694
v 0.206552 0.338757 -0.330672
v 0.204135 0.337425 -0.333862
v 0.201327 0.341728 -0.335965
v 0.204357 0.342894 -0.332694
v 0.201327 0.341728 -0.335965
v 0.200865 0.346446 -0.334431
v 0.204357 0.342894 -0.332694
v 0.201327 0.341728 -0.335965
v 0.196952 0.345143 -0.337635
v 0.200865 0.346446 -0.334431
v 0.196952 0.345143 -0.337635
v 0.196315 0.349171 -0.335763
v 0.200865 0.346446 -0.334431
v 0.196952 0.345143 -0.337635
v 0.191440 0.347335 -0.338707
v 0.196315 0.349171 -0.335763
v 0.191440 0.347335 -0.338707
v 0.191016 0.350885 -0.336601
v 0.196315 0.349171 -0.335763
v 0.191440 0.347335 -0.338707
v 0.185330 0.348091 -0.339076
v 0.191016 0.350885 -0.336601
v 0.185330 0.348091 -0.339076
v 0.185330 0.351469 -0.336886
v 0.191016 0.350885 -0.336601
v 0.207300 0.334318 -0.328502
v 0.208069 0.340174 -0.327197
v 0.208654 0.336122 -0.325216
v 0.207300 0.334318 -0.328502
v 0.206552 0.338757 -0.330672
v 0.208069 0.340174 -0.327197
v 0.206552 0.338757 -0.330672
v 0.206344 0.344022 -0.329078
v 0.208069 0.340174 -0.327197
v 0.206552 0.338757 -0.330672
v 0.204357 0.342894 -0.332694
v 0.206344 0.344022 -0.329078
v 0.204357 0.342894 -0.332694
v 0.203565 0.347475 -0.330766
v 0.206344 0.344022 -0.329078
v 0.204357 0.342894 -0.332694
v 0.200865 0.346446 -0.334431
v 0.203565 0.347475 -0.330766
v 0.200865 0.346446 -0.334431
v 0.199872 0.350358 -0.332175
v 0.203565 0.347475 -0.330766
v 0.200865 0.346446 -0.334431
v 0.196315 0.349171 -0.335763
v 0.199872 0.350358 -0.332175
v 0.196315 0.349171 -0.335763
v 0.195450 0.352527 -0.333236
v 0.199872 0.350358 -0.332175
v 0.196315 0.349171 -0.335763
v 0.191016 0.350885 -0.336601
v 0.195450 0.352527 -0.333236
v 0.191016 0.350885 -0.336601
v 0.190520 0.353873 -0.333894
v 0.195450 0.352527 -0.333236
v 0.191016 0.350885 -0.336601
v 0.185330 0.351469 -0.336886
v 0.190520 0.353873 -0.333894
v 0.185330 0.351469 -0.336886
v 0.185330 0.354330 -0.334117
v 0.190520 0.353873 -0.333894
v 0.208654 0.336122 -0.325216
v 0.208654 0.341621 -0.323570
v 0.209111 0.337999 -0.321800
v 0.208654 0.336122 -0.325216
v 0.208069 0.340174 -0.327197
v 0.208654 0.341621 -0.323570
v 0.208069 0.340174 -0.327197
v 0.207300 0.345103 -0.325272
v 0.208654 0.341621 -0.323570
v 0.208069 0.340174 -0.327197
v 0.206344 0.344022 -0.329078
v 0.207300 0.345103 -0.325272
v 0.206344 0.344022 -0.329078
v 0.205103 0.348312 -0.326841
v 0.207300 0.345103 -0.325272
v 0.206344 0.344022 -0.329078
v 0.203565 0.347475 -0.330766
v 0.205103 0.348312 -0.326841
v 0.203565 0.347475 -0.330766
v 0.202145 0.351126 -0.328216
v 0.205103 0.348312 -0.326841
v 0.203565 0.347475 -0.330766
v 0.199872 0.350358 -0.332175
v 0.202145 0.351126 -0.328216
v 0.199872 0.350358 -0.332175
v 0.198542 0.353434 -0.329345
v 0.202145 0.351126 -0.328216
v 0.199872 0.350358 -0.332175
v 0.195450 0.352527 -0.333236
v 0.198542 0.353434 -0.329345
v 0.195450 0.352527 -0.333236
v 0.194430 0.355150 -0.330184
v 0.198542 0.353434 -0.329345
v 0.195450 0.352527 -0.333236
v 0.190520 0.353873 -0.333894
v 0.194430 0.355150 -0.330184
v 0.190520 0.353873 -0.333894
v 0.189969 0.356206 -0.330700
v 0.194430 0.355150 -0.330184
v 0.190520 0.353873 -0.333894
v 0.185330 0.354330 -0.334117
v 0.189969 0.356206 -0.330700
v 0.185330 0.354330 -0.334117
v 0.185330 0.356563 -0.330874
v 0.189969 0.356206 -0.330700
v -0.064366 0.328380 -0.339315
v -0.069005 0.328565 -0.338978
v -0.064366 0.332187 -0.340749
v -0.069005 0.328565 -0.338978
v -0.073467 0.329113 -0.337981
v -0.070801 0.334136 -0.340437
v -0.069005 0.328565 -0.338978
v -0.070801 0.334136 -0.340437
v -0.064366 0.332187 -0.340749
v -0.064366 0.332187 -0.340749
v -0.070801 0.334136 -0.340437
v -0.064366 0.336217 -0.341454
v -0.073467 0.329113 -0.337981
v -0.077578 0.330001 -0.336363
v -0.075808 0.335158 -0.338884
v -0.073467 0.329113 -0.337981
v -0.075808 0.335158 -0.338884
v -0.070801 0.334136 -0.340437
v -0.070801 0.334136 -0.340437
v -0.075808 0.335158 -0.338884
v -0.070972 0.338933 -0.340729
v -0.070801 0.334136 -0.340437
v -0.070972 0.338933 -0.340729
v -0.064366 0.336217 -0.341454
v -0.064366 0.336217 -0.341454
v -0.070972 0.338933 -0.340729
v -0.064366 0.340315 -0.341404
v -0.077578 0.330001 -0.336363
v -0.081182 0.331197 -0.334185
v -0.079902 0.336221 -0.336640
v -0.077578 0.330001 -0.336363
v -0.079902 0.336221 -0.336640
v -0.075808 0.335158 -0.338884
v -0.075808 0.335158 -0.338884
v -0.079902 0.336221 -0.336640
v -0.076256 0.340479 -0.338722
v -0.075808 0.335158 -0.338884
v -0.076256 0.340479 -0.338722
v -0.070972 0.338933 -0.340729
v -0.070972 0.338933 -0.340729
v -0.076256 0.340479 -0.338722
v -0.070801 0.343325 -0.340113
v -0.070972 0.338933 -0.340729
v -0.070801 0.343325 -0.340113
v -0.064366 0.340315 -0.341404
v -0.064366 0.340315 -0.341404
v -0.070801 0.343325 -0.340113
v -0.064366 0.344324 -0.340601
v -0.081182 0.331197 -0.334185
v -0.084139 0.332655 -0.331530
v -0.083171 0.337425 -0.333862
v -0.081182 0.331197 -0.334185
v -0.083171 0.337425 -0.333862
v -0.079902 0.336221 -0.336640
v -0.079902 0.336221 -0.336640
v -0.083171 0.337425 -0.333862
v -0.080363 0.341728 -0.335965
v -0.079902 0.336221 -0.336640
v -0.080363 0.341728 -0.335965
v -0.076256 0.340479 -0.338722
v -0.076256 0.340479 -0.338722
v -0.080363 0.341728 -0.335965
v -0.075988 0.345143 -0.337635
v -0.076256 0.340479 -0.338722
v -0.075988 0.345143 -0.337635
v -0.070801 0.343325 -0.340113
v -0.070801 0.343325 -0.340113
v -0.075988 0.345143 -0.337635
v -0.070476 0.347335 -0.338707
v -0.070801 0.343325 -0.340113
v -0.070476 0.347335 -0.338707
v -0.064366 0.344324 -0.340601
v -0.064366 0.344324 -0.340601
v -0.070476 0.347335 -0.338707
v -0.064366 0.348091 -0.339076
v -0.084139 0.332655 -0.331530
v -0.086337 0.334318 -0.328502
v -0.085588 0.338757 -0.330672
v -0.084139 0.332655 -0.331530
v -0.085588 0.338757 -0.330672
v -0.083171 0.337425 -0.333862
v -0.083171 0.337425 -0.333862
v -0.085588 0.338757 -0.330672
v -0.083393 0.342894 -0.332694
v -0.083171 0.337425 -0.333862
v -0.083393 0.342894 -0.332694
v -0.080363 0.341728 -0.335965
v -0.080363 0.341728 -0.335965
v -0.083393 0.342894 -0.332694
v -0.079902 0.346446 -0.334431
v -0.080363 0.341728 -0.335965
v -0.079902 0.346446 -0.334431
v -0.075988 0.345143 -0.337635
v -0.075988 0.345143 -0.337635
v -0.079902 0.346446 -0.334431
v -0.075351 0.349171 -0.335763
v -0.075988 0.345143 -0.337635
v -0.075351 0.349171 -0.335763
v -0.070476 0.347335 -0.338707
v -0.070476 0.347335 -0.338707
v -0.075351 0.349171 -0.335763
v -0.070053 0.350885 -0.336601
v -0.070476 0.347335 -0.338707
v -0.070053 0.350885 -0.336601
v -0.064366 0.348091 -0.339076
v -0.064366 0.348091 -0.339076
v -0.070053 0.350885 -0.336601
v -0.064366 0.351469 -0.336886
v -0.086337 0.334318 -0.328502
v -0.087690 0.336122 -0.325216
v -0.087105 0.340174 -0.327197
v -0.086337 0.334318 -0.328502
v -0.087105 0.340174 -0.327197
v -0.085588 0.338757 -0.330672
v -0.085588 0.338757 -0.330672
v -0.087105 0.340174 -0.327197
v -0.085380 0.344022 -0.329078
v -0.085588 0.338757 -0.330672
v -0.085380 0.344022 -0.329078
v -0.083393 0.342894 -0.332694
v -0.083393 0.342894 -0.332694
v -0.085380 0.344022 -0.329078
v -0.082601 0.347475 -0.330766
v -0.083393 0.342894 -0.332694
v -0.082601 0.347475 -0.330766
v -0.079902 0.346446 -0.334431
v -0.079902 0.346446 -0.334431
v -0.082601 0.347475 -0.330766
v -0.078908 0.350358 -0.332175
v -0.079902 0.346446 -0.334431
v -0.078908 0.350358 -0.332175
v -0.075351 0.349171 -0.335763
v -0.075351 0.349171 -0.335763
v -0.078908 0.350358 -0.332175
v -0.074486 0.352527 -0.333236
v -0.075351 0.349171 -0.335763
v -0.074486 0.352527 -0.333236
v -0.070053 0.350885 -0.336601
v -0.070053 0.350885 -0.336601
v -0.074486 0.352527 -0.333236
v -0.069556 0.353873 -0.333894
v -0.070053 0.350885 -0.336601
v -0.069556 0.353873 -0.333894
v -0.064366 0.351469 -0.336886
v -0.064366 0.351469 -0.336886
v -0.069556 0.353873 -0.333894
v -0.064366 0.354330 -0.334117
v -0.087690 0.336122 -0.325216
v -0.088147 0.337999 -0.321800
v -0.087690 0.341621 -0.323570
v -0.087690 0.336122 -0.325216
v -0.087690 0.341621 -0.323570
v -0.087105 0.340174 -0.327197
v -0.087105 0.340174 -0.327197
v -0.087690 0.341621 -0.323570
v -0.086337 0.345103 -0.325272
v -0.087105 0.340174 -0.327197
v -0.086337 0.345103 -0.325272
v -0.085380 0.344022 -0.329078
v -0.085380 0.344022 -0.329078
v -0.086337 0.345103 -0.325272
v -0.084139 0.348312 -0.326841
v -0.085380 0.344022 -0.329078
v -0.084139 0.348312 -0.326841
v -0.082601 0.347475 -0.330766
v -0.082601 0.347475 -0.330766
v -0.084139 0.348312 -0.326841
v -0.081182 0.351126 -0.328216
v -0.082601 0.347475 -0.330766
v -0.081182 0.351126 -0.328216
v -0.078908 0.350358 -0.332175
v -0.078908 0.350358 -0.332175
v -0.081182 0.351126 -0.328216
v -0.077578 0.353434 -0.329345
v -0.078908 0.350358 -0.332175
v -0.077578 0.353434 -0.329345
v -0.074486 0.352527 -0.333236
v -0.074486 0.352527 -0.333236
v -0.077578 0.353434 -0.329345
v -0.073467 0.355150 -0.330184
v -0.074486 0.352527 -0.333236
v -0.073467 0.355150 -0.330184
v -0.069556 0.353873 -0.333894
v -0.069556 0.353873 -0.333894
v -0.073467 0.355150 -0.330184
v -0.069005 0.356206 -0.330700
v -0.069556 0.353873 -0.333894
v -0.069005 0.356206 -0.330700
v -0.064366 0.354330 -0.334117
v -0.064366 0.354330 -0.334117
v -0.069005 0.356206 -0.330700
v -0.064366 0.356563 -0.330874
v 0.209111 0.157707 -0.009843
v 0.209111 0.131886 -0.009843
v 0.209111 0.131886 -0.216971
v 0.209111 0.157707 -0.216971
v -0.088147 0.157707 -0.216971
v -0.088147 0.131886 -0.216971
v -0.088147 0.131886 -0.009843
v -0.088147 0.157707 -0.009843
v -0.064366 0.178615 -0.216971
v -0.064366 0.178615 -0.009843
v 0.185330 0.178615 -0.009843
v 0.185330 0.178615 -0.216971
v -0.064366 0.110977 -0.009843
v -0.064366 0.110977 -0.216971
v 0.185330 0.110977 -0.216971
v 0.185330 0.110977 -0.009843
v -0.064366 0.157707 0.009883
v -0.064366 0.131886 0.009883
v 0.185330 0.131886 0.009883
v 0.185330 0.157707 0.009883
v 0.185330 0.157707 -0.236698
v 0.185330 0.131886 -0.236698
v -0.064366 0.131886 -0.236698
v -0.064366 0.157707 -0.236698
v 0.209111 0.131886 -0.009843
v 0.208654 0.127807 -0.009843
v 0.208654 0.127807 -0.216971
v 0.209111 0.131886 -0.216971
v 0.208654 0.127807 -0.009843
v 0.207300 0.123885 -0.009843
v 0.207300 0.123885 -0.216971
v 0.208654 0.127807 -0.216971
v 0.207300 0.123885 -0.009843
v 0.205103 0.120270 -0.009843
v 0.205103 0.120270 -0.216971
v 0.207300 0.123885 -0.216971
v 0.205103 0.120270 -0.009843
v 0.202145 0.117101 -0.009843
v 0.202145 0.117101 -0.216971
v 0.205103 0.120270 -0.216971
v 0.202145 0.117101 -0.009843
v 0.198542 0.114501 -0.009843
v 0.198542 0.114501 -0.216971
v 0.202145 0.117101 -0.216971
v 0.198542 0.114501 -0.009843
v 0.194430 0.112569 -0.009843
v 0.194430 0.112569 -0.216971
v 0.198542 0.114501 -0.216971
v 0.194430 0.112569 -0.009843
v 0.189969 0.111379 -0.009843
v 0.189969 0.111379 -0.216971
v 0.194430 0.112569 -0.216971
v 0.189969 0.111379 -0.009843
v 0.185330 0.110977 -0.009843
v 0.185330 0.110977 -0.216971
v 0.189969 0.111379 -0.216971
v -0.088147 0.131886 -0.216971
v -0.087690 0.127807 -0.216971
v -0.087690 0.127807 -0.009843
v -0.088147 0.131886 -0.009843
v -0.087690 0.127807 -0.216971
v -0.086337 0.123885 -0.216971
v -0.086337 0.123885 -0.009843
v -0.087690 0.127807 -0.009843
v -0.086337 0.123885 -0.216971
v -0.084139 0.120270 -0.216971
v -0.084139 0.120270 -0.009843
v -0.086337 0.123885 -0.009843
v -0.084139 0.120270 -0.216971
v -0.081182 0.117101 -0.216971
v -0.081182 0.117101 -0.009843
v -0.084139 0.120270 -0.009843
v -0.081182 0.117101 -0.216971
v -0.077578 0.114501 -0.216971
v -0.077578 0.114501 -0.009843
v -0.081182 0.117101 -0.009843
v -0.077578 0.114501 -0.216971
v -0.073467 0.112569 -0.216971
v -0.073467 0.112569 -0.009843
v -0.077578 0.114501 -0.009843
v -0.073467 0.112569 -0.216971
v -0.069005 0.111379 -0.216971
v -0.069005 0.111379 -0.009843
v -0.073467 0.112569 -0.009843
v -0.069005 0.111379 -0.216971
v -0.064366 0.110977 -0.216971
v -0.064366 0.110977 -0.009843
v -0.069005 0.111379 -0.009843
v -0.088147 0.157707 -0.009843
v -0.087690 0.161786 -0.009843
v -0.087690 0.161786 -0.216971
v -0.088147 0.157707 -0.216971
v -0.087690 0.161786 -0.009843
v -0.086337 0.165708 -0.009843
v -0.086337 0.165708 -0.216971
v -0.087690 0.161786 -0.216971
v -0.086337 0.165708 -0.009843
v -0.084139 0.169323 -0.009843
v -0.084139 0.169323 -0.216971
v -0.086337 0.165708 -0.216971
v -0.084139 0.169323 -0.009843
v -0.081182 0.172491 -0.009843
v -0.081182 0.172491 -0.216971
v -0.084139 0.169323 -0.216971
v -0.081182 0.172491 -0.009843
v -0.077578 0.175091 -0.009843
v -0.077578 0.175091 -0.216971
v -0.081182 0.172491 -0.216971
v -0.077578 0.175091 -0.009843
v -0.073467 0.177024 -0.009843
v -0.073467 0.177024 -0.216971
v -0.077578 0.175091 -0.216971
v -0.073467 0.177024 -0.009843
v -0.069005 0.178214 -0.009843
v -0.069005 0.178214 -0.216971
v -0.073467 0.177024 -0.216971
v -0.069005 0.178214 -0.009843
v -0.064366 0.178615 -0.009843
v -0.064366 0.178615 -0.216971
v -0.069005 0.178214 -0.216971
v 0.209111 0.157707 -0.216971
v 0.208654 0.161786 -0.216971
v 0.208654 0.161786 -0.009843
v 0.209111 0.157707 -0.009843
v 0.208654 0.161786 -0.216971
v 0.207300 0.165708 -0.216971
v 0.207300 0.165708 -0.009843
v 0.208654 0.161786 -0.009843
v 0.207300 0.165708 -0.216971
v 0.205103 0.169323 -0.216971
v 0.205103 0.169323 -0.009843
v 0.207300 0.165708 -0.009843
v 0.205103 0.169323 -0.216971
v 0.202145 0.172491 -0.216971
v 0.202145 0.172491 -0.009843
v 0.205103 0.169323 -0.009843
v 0.202145 0.172491 -0.216971
v 0.198542 0.175091 -0.216971
v 0.198542 0.175091 -0.009843
v 0.202145 0.172491 -0.009843
v 0.198542 0.175091 -0.216971
v 0.194430 0.177024 -0.216971
v 0.194430 0.177024 -0.009843
v 0.198542 0.175091 -0.009843
v 0.194430 0.177024 -0.216971
v 0.189969 0.178214 -0.216971
v 0.189969 0.178214 -0.009843
v 0.194430 0.177024 -0.009843
v 0.189969 0.178214 -0.216971
v 0.185330 0.178615 -0.216971
v 0.185330 0.178615 -0.009843
v 0.189969 0.178214 -0.009843
v 0.185330 0.131886 -0.236698
v 0.185330 0.127807 -0.236319
v -0.064366 0.127807 -0.236319
v -0.064366 0.131886 -0.236698
v 0.185330 0.127807 -0.236319
v 0.185330 0.123885 -0.235196
v -0.064366 0.123885 -0.235196
v -0.064366 0.127807 -0.236319
v 0.185330 0.123885 -0.235196
v 0.185330 0.120270 -0.233373
v -0.064366 0.120270 -0.233373
v -0.064366 0.123885 -0.235196
v 0.185330 0.120270 -0.233373
v 0.185330 0.117101 -0.230920
v -0.064366 0.117101 -0.230920
v -0.064366 0.120270 -0.233373
v 0.185330 0.117101 -0.230920
v 0.185330 0.114501 -0.227931
v -0.064366 0.114501 -0.227931
v -0.064366 0.117101 -0.230920
v 0.185330 0.114501 -0.227931
v 0.185330 0.112569 -0.224520
v -0.064366 0.112569 -0.224520
v -0.064366 0.114501 -0.227931
v 0.185330 0.112569 -0.224520
v 0.185330 0.111379 -0.220820
v -0.064366 0.111379 -0.220820
v -0.064366 0.112569 -0.224520
v 0.185330 0.111379 -0.220820
v 0.185330 0.110977 -0.216971
v -0.064366 0.110977 -0.216971
v -0.064366 0.111379 -0.220820
v -0.064366 0.131886 0.009883
v -0.064366 0.127807 0.009504
v 0.185330 0.127807 0.009504
v 0.185330 0.131886 0.009883
v -0.064366 0.127807 0.009504
v -0.064366 0.123885 0.008382
v 0.185330 0.123885 0.008382
v 0.185330 0.127807 0.009504
v -0.064366 0.123885 0.008382
v -0.064366 0.120270 0.006559
v 0.185330 0.120270 0.006559
v 0.185330 0.123885 0.008382
v -0.064366 0.120270 0.006559
v -0.064366 0.117101 0.004105
v 0.185330 0.117101 0.004105
v 0.185330 0.120270 0.006559
v -0.064366 0.117101 0.004105
v -0.064366 0.114501 0.001116
v 0.185330 0.114501 0.001116
v 0.185330 0.117101 0.004105
v -0.064366 0.114501 0.001116
v -0.064366 0.112569 -0.002294
v 0.185330 0.112569 -0.002294
v 0.185330 0.114501 0.001116
v -0.064366 0.112569 -0.002294
v -0.064366 0.111379 -0.005995
v 0.185330 0.111379 -0.005995
v 0.185330 0.112569 -0.002294
v -0.064366 0.111379 -0.005995
v -0.064366 0.110977 -0.009843
v 0.185330 0.110977 -0.009843
v 0.185330 0.111379 -0.005995
v 0.185330 0.157707 0.009883
v 0.185330 0.161786 0.009504
v -0.064366 0.161786 0.009504
v -0.064366 0.157707 0.009883
v 0.185330 0.161786 0.009504
v 0.185330 0.165708 0.008382
v -0.064366 0.165708 0.008382
v -0.064366 0.161786 0.009504
v 0.185330 0.165708 0.008382
v 0.185330 0.169323 0.006559
v -0.064366 0.169323 0.006559
v -0.064366 0.165708 0.008382
v 0.185330 0.169323 0.006559
v 0.185330 0.172491 0.004105
v -0.064366 0.172491 0.004105
v -0.064366 0.169323 0.006559
v 0.185330 0.172491 0.004105
v 0.185330 0.175091 0.001116
v -0.064366 0.175091 0.001116
v -0.064366 0.172491 0.004105
v 0.185330 0.175091 0.001116
v 0.185330 0.177024 -0.002294
v -0.064366 0.177024 -0.002294
v -0.064366 0.175091 0.001116
v 0.185330 0.177024 -0.002294
v 0.185330 0.178214 -0.005995
v -0.064366 0.178214 -0.005995
v -0.064366 0.177024 -0.002294
v 0.185330 0.178214 -0.005995
v 0.185330 0.178615 -0.009843
v -0.064366 0.178615 -0.009843
v -0.064366 0.178214 -0.005995
v -0.064366 0.157707 -0.236698
v -0.064366 0.161786 -0.236319
v 0.185330 0.161786 -0.236319
v 0.185330 0.157707 -0.236698
v -0.064366 0.161786 -0.236319
v -0.064366 0.165708 -0.235196
v 0.185330 0.165708 -0.235196
v 0.185330 0.161786 -0.236319
v -0.064366 0.165708 -0.235196
v -0.064366 0.169323 -0.233373
v 0.185330 0.169323 -0.233373
v 0.185330 0.165708 -0.235196
v -0.064366 0.169323 -0.233373
v -0.064366 0.172491 -0.230920
v 0.185330 0.172491 -0.230920
v 0.185330 0.169323 -0.233373
v -0.064366 0.172491 -0.230920
v -0.064366 0.175091 -0.227931
v 0.185330 0.175091 -0.227931
v 0.185330 0.172491 -0.230920
v -0.064366 0.175091 -0.227931
v -0.064366 0.177024 -0.224520
v 0.185330 0.177024 -0.224520
v 0.185330 0.175091 -0.227931
v -0.064366 0.177024 -0.224520
v -0.064366 0.178214 -0.220820
v 0.185330 0.178214 -0.220820
v 0.185330 0.177024 -0.224520
v -0.064366 0.178214 -0.220820
v -0.064366 0.178615 -0.216971
v 0.185330 0.178615 -0.216971
v 0.185330 0.178214 -0.220820
v -0.064366 0.157707 0.009883
v -0.069005 0.157707 0.009504
v -0.069005 0.131886 0.009504
v -0.064366 0.131886 0.009883
v -0.069005 0.157707 0.009504
v -0.073467 0.157707 0.008382
v -0.073467 0.131886 0.008382
v -0.069005 0.131886 0.009504
v -0.073467 0.157707 0.008382
v -0.077578 0.157707 0.006559
v -0.077578 0.131886 0.006559
v -0.073467 0.131886 0.008382
v -0.077578 0.157707 0.006559
v -0.081182 0.157707 0.004105
v -0.081182 0.131886 0.004105
v -0.077578 0.131886 0.006559
v -0.081182 0.157707 0.004105
v -0.084139 0.157707 0.001116
v -0.084139 0.131886 0.001116
v -0.081182 0.131886 0.004105
v -0.084139 0.157707 0.001116
v -0.086337 0.157707 -0.002294
v -0.086337 0.131886 -0.002294
v -0.084139 0.131886 0.001116
v -0.086337 0.157707 -0.002294
v -0.087690 0.157707 -0.005995
v -0.087690 0.131886 -0.005995
v -0.086337 0.131886 -0.002294
v -0.087690 0.157707 -0.005995
v -0.088147 0.157707 -0.009843
v -0.088147 0.131886 -0.009843
v -0.087690 0.131886 -0.005995
v -0.064366 0.131886 -0.236698
v -0.069005 0.131886 -0.236319
v -0.069005 0.157707 -0.236319
v -0.064366 0.157707 -0.236698
v -0.069005 0.131886 -0.236319
v -0.073467 0.131886 -0.235196
v -0.073467 0.157707 -0.235196
v -0.069005 0.157707 -0.236319
v -0.073467 0.131886 -0.235196
v -0.077578 0.131886 -0.233373
v -0.077578 0.157707 -0.233373
v -0.073467 0.157707 -0.235196
v -0.077578 0.131886 -0.233373
v -0.081182 0.131886 -0.230920
v -0.081182 0.157707 -0.230920
v -0.077578 0.157707 -0.233373
v -0.081182 0.131886 -0.230920
v -0.084139 0.131886 -0.227931
v -0.084139 0.157707 -0.227931
v -0.081182 0.157707 -0.230920
v -0.084139 0.131886 -0.227931
v -0.086337 0.131886 -0.224520
v -0.086337 0.157707 -0.224520
v -0.084139 0.157707 -0.227931
v -0.086337 0.131886 -0.224520
v -0.087690 0.131886 -0.220820
v -0.087690 0.157707 -0.220820
v -0.086337 0.157707 -0.224520
v -0.087690 0.131886 -0.220820
v -0.088147 0.131886 -0.216971
v -0.088147 0.157707 -0.216971
v -0.087690 0.157707 -0.220820
v 0.185330 0.131886 0.009883
v 0.189969 0.131886 0.009504
v 0.189969 0.157707 0.009504
v 0.185330 0.157707 0.009883
v 0.189969 0.131886 0.009504
v 0.194430 0.131886 0.008382
v 0.194430 0.157707 0.008382
v 0.189969 0.157707 0.009504
v 0.194430 0.131886 0.008382
v 0.198542 0.131886 0.006559
v 0.198542 0.157707 0.006559
v 0.194430 0.157707 0.008382
v 0.198542 0.131886 0.006559
v 0.202145 0.131886 0.004105
v 0.202145 0.157707 0.004105
v 0.198542 0.157707 0.006559
v 0.202145 0.131886 0.004105
v 0.205103 0.131886 0.001116
v 0.205103 0.157707 0.001116
v 0.202145 0.157707 0.004105
v 0.205103 0.131886 0.001116
v 0.207300 0.131886 -0.002294
v 0.207300 0.157707 -0.002294
v 0.205103 0.157707 0.001116
v 0.207300 0.131886 -0.002294
v 0.208654 0.131886 -0.005995
v 0.208654 0.157707 -0.005995
v 0.207300 0.157707 -0.002294
v 0.208654 0.131886 -0.005995
v 0.209111 0.131886 -0.009843
v 0.209111 0.157707 -0.009843
v 0.208654 0.157707 -0.005995
v 0.185330 0.157707 -0.236698
v 0.189969 0.157707 -0.236319
v 0.189969 0.131886 -0.236319
v 0.185330 0.131886 -0.236698
v 0.189969 0.157707 -0.236319
v 0.194430 0.157707 -0.235196
v 0.194430 0.131886 -0.235196
v 0.189969 0.131886 -0.236319
v 0.194430 0.157707 -0.235196
v 0.198542 0.157707 -0.233373
v 0.198542 0.131886 -0.233373
v 0.194430 0.131886 -0.235196
v 0.198542 0.157707 -0.233373
v 0.202145 0.157707 -0.230920
v 0.202145 0.131886 -0.230920
v 0.198542 0.131886 -0.233373
v 0.202145 0.157707 -0.230920
v 0.205103 0.157707 -0.227931
v 0.205103 0.131886 -0.227931
v 0.202145 0.131886 -0.230920
v 0.205103 0.157707 -0.227931
v 0.207300 0.157707 -0.224520
v 0.207300 0.131886 -0.224520
v 0.205103 0.131886 -0.227931
v 0.207300 0.157707 -0.224520
v 0.208654 0.157707 -0.220820
v 0.208654 0.131886 -0.220820
v 0.207300 0.131886 -0.224520
v 0.208654 0.157707 -0.220820
v 0.209111 0.157707 -0.216971
v 0.209111 0.131886 -0.216971
v 0.208654 0.131886 -0.220820
v 0.185330 0.178615 -0.009843
v 0.185330 0.178214 -0.005995
v 0.189969 0.178214 -0.009843
v 0.189969 0.178214 -0.009843
v 0.191765 0.177024 -0.004506
v 0.194430 0.177024 -0.009843
v 0.189969 0.178214 -0.009843
v 0.185330 0.178214 -0.005995
v 0.191765 0.177024 -0.004506
v 0.185330 0.178214 -0.005995
v 0.185330 0.177024 -0.002294
v 0.191765 0.177024 -0.004506
v 0.194430 0.177024 -0.009843
v 0.196772 0.175091 -0.004364
v 0.198542 0.175091 -0.009843
v 0.194430 0.177024 -0.009843
v 0.191765 0.177024 -0.004506
v 0.196772 0.175091 -0.004364
v 0.191765 0.177024 -0.004506
v 0.191936 0.175091 -0.000352
v 0.196772 0.175091 -0.004364
v 0.191765 0.177024 -0.004506
v 0.185330 0.177024 -0.002294
v 0.191936 0.175091 -0.000352
v 0.185330 0.177024 -0.002294
v 0.185330 0.175091 0.001116
v 0.191936 0.175091 -0.000352
v 0.198542 0.175091 -0.009843
v 0.200865 0.172491 -0.004506
v 0.202145 0.172491 -0.009843
v 0.198542 0.175091 -0.009843
v 0.196772 0.175091 -0.004364
v 0.200865 0.172491 -0.004506
v 0.196772 0.175091 -0.004364
v 0.197220 0.172491 0.000020
v 0.200865 0.172491 -0.004506
v 0.196772 0.175091 -0.004364
v 0.191936 0.175091 -0.000352
v 0.197220 0.172491 0.000020
v 0.191936 0.175091 -0.000352
v 0.191765 0.172491 0.003044
v 0.197220 0.172491 0.000020
v 0.191936 0.175091 -0.000352
v 0.185330 0.175091 0.001116
v 0.191765 0.172491 0.003044
v 0.185330 0.175091 0.001116
v 0.185330 0.172491 0.004105
v 0.191765 0.172491 0.003044
v 0.202145 0.172491 -0.009843
v 0.204135 0.169323 -0.004775
v 0.205103 0.169323 -0.009843
v 0.202145 0.172491 -0.009843
v 0.200865 0.172491 -0.004506
v 0.204135 0.169323 -0.004775
v 0.200865 0.172491 -0.004506
v 0.201327 0.169323 -0.000202
v 0.204135 0.169323 -0.004775
v 0.200865 0.172491 -0.004506
v 0.197220 0.172491 0.000020
v 0.201327 0.169323 -0.000202
v 0.197220 0.172491 0.000020
v 0.196952 0.169323 0.003426
v 0.201327 0.169323 -0.000202
v 0.197220 0.172491 0.000020
v 0.191765 0.172491 0.003044
v 0.196952 0.169323 0.003426
v 0.191765 0.172491 0.003044
v 0.191440 0.169323 0.005756
v 0.196952 0.169323 0.003426
v 0.191765 0.172491 0.003044
v 0.185330 0.172491 0.004105
v 0.191440 0.169323 0.005756
v 0.185330 0.172491 0.004105
v 0.185330 0.169323 0.006559
v 0.191440 0.169323 0.005756
v 0.205103 0.169323 -0.009843
v 0.206552 0.165708 -0.005126
v 0.207300 0.165708 -0.009843
v 0.205103 0.169323 -0.009843
v 0.204135 0.169323 -0.004775
v 0.206552 0.165708 -0.005126
v 0.204135 0.169323 -0.004775
v 0.204357 0.165708 -0.000731
v 0.206552 0.165708 -0.005126
v 0.204135 0.169323 -0.004775
v 0.201327 0.169323 -0.000202
v 0.204357 0.165708 -0.000731
v 0.201327 0.169323 -0.000202
v 0.200865 0.165708 0.003044
v 0.204357 0.165708 -0.000731
v 0.201327 0.169323 -0.000202
v 0.196952 0.169323 0.003426
v 0.200865 0.165708 0.003044
v 0.196952 0.169323 0.003426
v 0.196315 0.165708 0.005940
v 0.200865 0.165708 0.003044
v 0.196952 0.169323 0.003426
v 0.191440 0.169323 0.005756
v 0.196315 0.165708 0.005940
v 0.191440 0.169323 0.005756
v 0.191016 0.165708 0.007761
v 0.196315 0.165708 0.005940
v 0.191440 0.169323 0.005756
v 0.185330 0.169323 0.006559
v 0.191016 0.165708 0.007761
v 0.185330 0.169323 0.006559
v 0.185330 0.165708 0.008382
v 0.191016 0.165708 0.007761
v 0.207300 0.165708 -0.009843
v 0.208069 0.161786 -0.005538
v 0.208654 0.161786 -0.009843
v 0.207300 0.165708 -0.009843
v 0.206552 0.165708 -0.005126
v 0.208069 0.161786 -0.005538
v 0.206552 0.165708 -0.005126
v 0.206344 0.161786 -0.001449
v 0.208069 0.161786 -0.005538
v 0.206552 0.165708 -0.005126
v 0.204357 0.165708 -0.000731
v 0.206344 0.161786 -0.001449
v 0.204357 0.165708 -0.000731
v 0.203565 0.161786 0.002219
v 0.206344 0.161786 -0.001449
v 0.204357 0.165708 -0.000731
v 0.200865 0.165708 0.003044
v 0.203565 0.161786 0.002219
v 0.200865 0.165708 0.003044
v 0.199872 0.161786 0.005283
v 0.203565 0.161786 0.002219
v 0.200865 0.165708 0.003044
v 0.196315 0.165708 0.005940
v 0.199872 0.161786 0.005283
v 0.196315 0.165708 0.005940
v 0.195450 0.161786 0.007588
v 0.199872 0.161786 0.005283
v 0.196315 0.165708 0.005940
v 0.191016 0.165708 0.007761
v 0.195450 0.161786 0.007588
v 0.191016 0.165708 0.007761
v 0.190520 0.161786 0.009019
v 0.195450 0.161786 0.007588
v 0.191016 0.165708 0.007761
v 0.185330 0.165708 0.008382
v 0.190520 0.161786 0.009019
v 0.185330 0.165708 0.008382
v 0.185330 0.161786 0.009504
v 0.190520 0.161786 0.009019
v 0.208654 0.161786 -0.009843
v 0.208654 0.157707 -0.005995
v 0.209111 0.157707 -0.009843
v 0.208654 0.161786 -0.009843
v 0.208069 0.161786 -0.005538
v 0.208654 0.157707 -0.005995
v 0.208069 0.161786 -0.005538
v 0.207300 0.157707 -0.002294
v 0.208654 0.157707 -0.005995
v 0.208069 0.161786 -0.005538
v 0.206344 0.161786 -0.001449
v 0.207300 0.157707 -0.002294
v 0.206344 0.161786 -0.001449
v 0.205103 0.157707 0.001116
v 0.207300 0.157707 -0.002294
v 0.206344 0.161786 -0.001449
v 0.203565 0.161786 0.002219
v 0.205103 0.157707 0.001116
v 0.203565 0.161786 0.002219
v 0.202145 0.157707 0.004105
v 0.205103 0.157707 0.001116
v 0.203565 0.161786 0.002219
v 0.199872 0.161786 0.005283
v 0.202145 0.157707 0.004105
v 0.199872 0.161786 0.005283
v 0.198542 0.157707 0.006559
v 0.202145 0.157707 0.004105
v 0.199872 0.161786 0.005283
v 0.195450 0.161786 0.007588
v 0.198542 0.157707 0.006559
v 0.195450 0.161786 0.007588
v 0.194430 0.157707 0.008382
v 0.198542 0.157707 0.006559
v 0.195450 0.161786 0.007588
v 0.190520 0.161786 0.009019
v 0.194430 0.157707 0.008382
v 0.190520 0.161786 0.009019
v 0.189969 0.157707 0.009504
v 0.194430 0.157707 0.008382
v 0.190520 0.161786 0.009019
v 0.185330 0.161786 0.009504
v 0.189969 0.157707 0.009504
v 0.185330 0.161786 0.009504
v 0.185330 0.157707 0.009883
v 0.189969 0.157707 0.009504
v -0.064366 0.178615 -0.009843
v -0.069005 0.178214 -0.009843
v -0.064366 0.178214 -0.005995
v -0.069005 0.178214 -0.009843
v -0.073467 0.177024 -0.009843
v -0.070801 0.177024 -0.004506
v -0.069005 0.178214 -0.009843
v -0.070801 0.177024 -0.004506
v -0.064366 0.178214 -0.005995
v -0.064366 0.178214 -0.005995
v -0.070801 0.177024 -0.004506
v -0.064366 0.177024 -0.002294
v -0.073467 0.177024 -0.009843
v -0.077578 0.175091 -0.009843
v -0.075808 0.175091 -0.004364
v -0.073467 0.177024 -0.009843
v -0.075808 0.175091 -0.004364
v -0.070801 0.177024 -0.004506
v -0.070801 0.177024 -0.004506
v -0.075808 0.175091 -0.004364
v -0.070972 0.175091 -0.000352
v -0.070801 0.177024 -0.004506
v -0.070972 0.175091 -0.000352
v -0.064366 0.177024 -0.002294
v -0.064366 0.177024 -0.002294
v -0.070972 0.175091 -0.000352
v -0.064366 0.175091 0.001116
v -0.077578 0.175091 -0.009843
v -0.081182 0.172491 -0.009843
v -0.079902 0.172491 -0.004506
v -0.077578 0.175091 -0.009843
v -0.079902 0.172491 -0.004506
v -0.075808 0.175091 -0.004364
v -0.075808 0.175091 -0.004364
v -0.079902 0.172491 -0.004506
v -0.076256 0.172491 0.000020
v -0.075808 0.175091 -0.004364
v -0.076256 0.172491 0.000020
v -0.070972 0.175091 -0.000352
v -0.070972 0.175091 -0.000352
v -0.076256 0.172491 0.000020
v -0.070801 0.172491 0.003044
v -0.070972 0.175091 -0.000352
v -0.070801 0.172491 0.003044
v -0.064366 0.175091 0.001116
v -0.064366 0.175091 0.001116
v -0.070801 0.172491 0.003044
v -0.064366 0.172491 0.004105
v -0.081182 0.172491 -0.009843
v -0.084139 0.169323 -0.009843
v -0.083171 0.169323 -0.004775
v -0.081182 0.172491 -0.009843
v -0.083171 0.169323 -0.004775
v -0.079902 0.172491 -0.004506
v -0.079902 0.172491 -0.004506
v -0.083171 0.169323 -0.004775
v -0.080363 0.169323 -0.000202
v -0.079902 0.172491 -0.004506
v -0.080363 0.169323 -0.000202
v -0.076256 0.172491 0.000020
v -0.076256 0.172491 0.000020
v -0.080363 0.169323 -0.000202
v -0.075988 0.169323 0.003426
v -0.076256 0.172491 0.000020
v -0.075988 0.169323 0.003426
v -0.070801 0.172491 0.003044
v -0.070801 0.172491 0.003044
v -0.075988 0.169323 0.003426
v -0.070476 0.169323 0.005756
v -0.070801 0.172491 0.003044
v -0.070476 0.169323 0.005756
v -0.064366 0.172491 0.004105
v -0.064366 0.172491 0.004105
v -0.070476 0.169323 0.005756
v -0.064366 0.169323 0.006559
v -0.084139 0.169323 -0.009843
v -0.086337 0.165708 -0.009843
v -0.085588 0.165708 -0.005126
v -0.084139 0.169323 -0.009843
v -0.085588 0.165708 -0.005126
v -0.083171 0.169323 -0.004775
v -0.083171 0.169323 -0.004775
v -0.085588 0.165708 -0.005126
v -0.083393 0.165708 -0.000731
v -0.083171 0.169323 -0.004775
v -0.083393 0.165708 -0.000731
v -0.080363 0.169323 -0.000202
v -0.080363 0.169323 -0.000202
v -0.083393 0.165708 -0.000731
v -0.079902 0.165708 0.003044
v -0.080363 0.169323 -0.000202
v -0.079902 0.165708 0.003044
v -0.075988 0.169323 0.003426
v -0.075988 0.169323 0.003426
v -0.079902 0.165708 0.003044
v -0.075351 0.165708 0.005940
v -0.075988 0.169323 0.003426
v -0.075351 0.165708 0.005940
v -0.070476 0.169323 0.005756
v -0.070476 0.169323 0.005756
v -0.075351 0.165708 0.005940
v -0.070053 0.165708 0.007761
v -0.070476 0.169323 0.005756
v -0.070053 0.165708 0.007761
v -0.064366 0.169323 0.006559
v -0.064366 0.169323 0.006559
v -0.070053 0.165708 0.007761
v -0.064366 0.165708 0.008382
v -0.086337 0.165708 -0.009843
v -0.087690 0.161786 -0.009843
v -0.087105 0.161786 -0.005538
v -0.086337 0.165708 -0.009843
v -0.087105 0.161786 -0.005538
v -0.085588 0.165708 -0.005126
v -0.085588 0.165708 -0.005126
v -0.087105 0.161786 -0.005538
v -0.085380 0.161786 -0.001449
v -0.085588 0.165708 -0.005126
v -0.085380 0.161786 -0.001449
v -0.083393 0.165708 -0.000731
v -0.083393 0.165708 -0.000731
v -0.085380 0.161786 -0.001449
v -0.082601 0.161786 0.002219
v -0.083393 0.165708 -0.000731
v -0.082601 0.161786 0.002219
v -0.079902 0.165708 0.003044
v -0.079902 0.165708 0.003044
v -0.082601 0.161786 0.002219
v -0.078908 0.161786 0.005283
v -0.079902 0.165708 0.003044
v -0.078908 0.161786 0.005283
v -0.075351 0.165708 0.005940
v -0.075351 0.165708 0.005940
v -0.078908 0.161786 0.005283
v -0.074486 0.161786 0.007588
v -0.075351 0.165708 0.005940
v -0.074486 0.161786 0.007588
v -0.070053 0.165708 0.007761
v -0.070053 0.165708 0.007761
v -0.074486 0.161786 0.007588
v -0.069556 0.161786 0.009019
v -0.070053 0.165708 0.007761
v -0.069556 0.161786 0.009019
v -0.064366 0.165708 0.008382
v -0.064366 0.165708 0.008382
v -0.069556 0.161786 0.009019
v -0.064366 0.161786 0.009504
v -0.087690 0.161786 -0.009843
v -0.088147 0.157707 -0.009843
v -0.087690 0.157707 -0.005995
v -0.087690 0.161786 -0.009843
v -0.087690 0.157707 -0.005995
v -0.087105 0.161786 -0.005538
v -0.087105 0.161786 -0.005538
v -0.087690 0.157707 -0.005995
v -0.086337 0.157707 -0.002294
v -0.087105 0.161786 -0.005538
v -0.086337 0.157707 -0.002294
v -0.085380 0.161786 -0.001449
v -0.085380 0.161786 -0.001449
v -0.086337 0.157707 -0.002294
v -0.084139 0.157707 0.001116
v -0.085380 0.161786 -0.001449
v -0.084139 0.157707 0.001116
v -0.082601 0.161786 0.002219
v -0.082601 0.161786 0.002219
v -0.084139 0.157707 0.001116
v -0.081182 0.157707 0.004105
v -0.082601 0.161786 0.002219
v -0.081182 0.157707 0.004105
v -0.078908 0.161786 0.005283
v -0.078908 0.161786 0.005283
v -0.081182 0.157707 0.004105
v -0.077578 0.157707 0.006559
v -0.078908 0.161786 0.005283
v -0.077578 0.157707 0.006559
v -0.074486 0.161786 0.007588
v -0.074486 0.161786 0.007588
v -0.077578 0.157707 0.006559
v -0.073467 0.157707 0.008382
v -0.074486 0.161786 0.007588
v -0.073467 0.157707 0.008382
v -0.069556 0.161786 0.009019
v -0.069556 0.161786 0.009019
v -0.073467 0.157707 0.008382
v -0.069005 0.157707 0.009504
v -0.069556 0.161786 0.009019
v -0.069005 0.157707 0.009504
v -0.064366 0.161786 0.009504
v -0.064366 0.161786 0.009504
v -0.069005 0.157707 0.009504
v -0.064366 0.157707 0.009883
v 0.185330 0.110977 -0.009843
v 0.189969 0.111379 -0.009843
v 0.185330 0.111379 -0.005995
v 0.189969 0.111379 -0.009843
v 0.194430 0.112569 -0.009843
v 0.191765 0.112569 -0.004506
v 0.189969 0.111379 -0.009843
v 0.191765 0.112569 -0.004506
v 0.185330 0.111379 -0.005995
v 0.185330 0.111379 -0.005995
v 0.191765 0.112569 -0.004506
v 0.185330 0.112569 -0.002294
v 0.194430 0.112569 -0.009843
v 0.198542 0.114501 -0.009843
v 0.196772 0.114501 -0.004364
v 0.194430 0.112569 -0.009843
v 0.196772 0.114501 -0.004364
v 0.191765 0.112569 -0.004506
v 0.191765 0.112569 -0.004506
v 0.196772 0.114501 -0.004364
v 0.191936 0.114501 -0.000352
v 0.191765 0.112569 -0.004506
v 0.191936 0.114501 -0.000352
v 0.185330 0.112569 -0.002294
v 0.185330 0.112569 -0.002294
v 0.191936 0.114501 -0.000352
v 0.185330 0.114501 0.001116
v 0.198542 0.114501 -0.009843
v 0.202145 0.117101 -0.009843
v 0.200865 0.117101 -0.004506
v 0.198542 0.114501 -0.009843
v 0.200865 0.117101 -0.004506
v 0.196772 0.114501 -0.004364
v 0.196772 0.114501 -0.004364
v 0.200865 0.117101 -0.004506
v 0.197220 0.117101 0.000020
v 0.196772 0.114501 -0.004364
v 0.197220 0.117101 0.000020
v 0.191936 0.114501 -0.000352
v 0.191936 0.114501 -0.000352
v 0.197220 0.117101 0.000020
v 0.191765 0.117101 0.003044
v 0.191936 0.114501 -0.000352
v 0.191765 0.117101 0.003044
v 0.185330 0.114501 0.001116
v 0.185330 0.114501 0.001116
v 0.191765 0.117101 0.003044
v 0.185330 0.117101 0.004105
v 0.202145 0.117101 -0.009843
v 0.205103 0.120270 -0.009843
v 0.204135 0.120270 -0.004775
v 0.202145 0.117101 -0.009843
v 0.204135 0.120270 -0.004775
v 0.200865 0.117101 -0.004506
v 0.200865 0.117101 -0.004506
v 0.204135 0.120270 -0.004775
v 0.201327 0.120270 -0.000202
v 0.200865 0.117101 -0.004506
v 0.201327 0.120270 -0.000202
v 0.197220 0.117101 0.000020
v 0.197220 0.117101 0.000020
v 0.201327 0.120270 -0.000202
v 0.196952 0.120270 0.003426
v 0.197220 0.117101 0.000020
v 0.196952 0.120270 0.003426
v 0.191765 0.117101 0.003044
v 0.191765 0.117101 0.003044
v 0.196952 0.120270 0.003426
v 0.191440 0.120270 0.005756
v 0.191765 0.117101 0.003044
v 0.191440 0.120270 0.005756
v 0.185330 0.117101 0.004105
v 0.185330 0.117101 0.004105
v 0.191440 0.120270 0.005756
v 0.185330 0.120270 0.006559
v 0.205103 0.120270 -0.009843
v 0.207300 0.123885 -0.009843
v 0.206552 0.123885 -0.005126
v 0.205103 0.120270 -0.009843
v 0.206552 0.123885 -0.005126
v 0.204135 0.120270 -0.004775
v 0.204135 0.120270 -0.004775
v 0.206552 0.123885 -0.005126
v 0.204357 0.123885 -0.000731
v 0.204135 0.120270 -0.004775
v 0.204357 0.123885 -0.000731
v 0.201327 0.120270 -0.000202
v 0.201327 0.120270 -0.000202
v 0.204357 0.123885 -0.000731
v 0.200865 0.123885 0.003044
v 0.201327 0.120270 -0.000202
v 0.200865 0.123885 0.003044
v 0.196952 0.120270 0.003426
v 0.196952 0.120270 0.003426
v 0.200865 0.123885 0.003044
v 0.196315 0.123885 0.005940
v 0.196952 0.120270 0.003426
v 0.196315 0.123885 0.005940
v 0.191440 0.120270 0.005756
v 0.191440 0.120270 0.005756
v 0.196315 0.123885 0.005940
v 0.191016 0.123885 0.007761
v 0.191440 0.120270 0.005756
v 0.191016 0.123885 0.007761
v 0.185330 0.120270 0.006559
v 0.185330 0.120270 0.006559
v 0.191016 0.123885 0.007761
v 0.185330 0.123885 0.008382
v 0.207300 0.123885 -0.009843
v 0.208654 0.127807 -0.009843
v 0.208069 0.127807 -0.005538
v 0.207300 0.123885 -0.009843
v 0.208069 0.127807 -0.005538
v 0.206552 0.123885 -0.005126
v 0.206552 0.123885 -0.005126
v 0.208069 0.127807 -0.005538
v 0.206344 0.127807 -0.001449
v 0.206552 0.123885 -0.005126
v 0.206344 0.127807 -0.001449
v 0.204357 0.123885 -0.000731
v 0.204357 0.123885 -0.000731
v 0.206344 0.127807 -0.001449
v 0.203565 0.127807 0.002219
v 0.204357 0.123885 -0.000731
v 0.203565 0.127807 0.002219
v 0.200865 0.123885 0.003044
v 0.200865 0.123885 0.003044
v 0.203565 0.127807 0.002219
v 0.199872 0.127807 0.005283
v 0.200865 0.123885 0.003044
v 0.199872 0.127807 0.005283
v 0.196315 0.123885 0.005940
v 0.196315 0.123885 0.005940
v 0.199872 0.127807 0.005283
v 0.195450 0.127807 0.007588
v 0.196315 0.123885 0.005940
v 0.195450 0.127807 0.007588
v 0.191016 0.123885 0.007761
v 0.191016 0.123885 0.007761
v 0.195450 0.127807 0.007588
v 0.190520 0.127807 0.009019
v 0.191016 0.123885 0.007761
v 0.190520 0.127807 0.009019
v 0.185330 0.123885 0.008382
v 0.185330 0.123885 0.008382
v 0.190520 0.127807 0.009019
v 0.185330 0.127807 0.009504
v 0.208654 0.127807 -0.009843
v 0.209111 0.131886 -0.009843
v 0.208654 0.131886 -0.005995
v 0.208654 0.127807 -0.009843
v 0.208654 0.131886 -0.005995
v 0.208069 0.127807 -0.005538
v 0.208069 0.127807 -0.005538
v 0.208654 0.131886 -0.005995
v 0.207300 0.131886 -0.002294
v 0.208069 0.127807 -0.005538
v 0.207300 0.131886 -0.002294
v 0.206344 0.127807 -0.001449
v 0.206344 0.127807 -0.001449
v 0.207300 0.131886 -0.002294
v 0.205103 0.131886 0.001116
v 0.206344 0.127807 -0.001449
v 0.205103 0.131886 0.001116
v 0.203565 0.127807 0.002219
v 0.203565 0.127807 0.002219
v 0.205103 0.131886 0.001116
v 0.202145 0.131886 0.004105
v 0.203565 0.127807 0.002219
v 0.202145 0.131886 0.004105
v 0.199872 0.127807 0.005283
v 0.199872 0.127807 0.005283
v 0.202145 0.131886 0.004105
v 0.198542 0.131886 0.006559
v 0.199872 0.127807 0.005283
v 0.198542 0.131886 0.006559
v 0.195450 0.127807 0.007588
v 0.195450 0.127807 0.007588
v 0.198542 0.131886 0.006559
v 0.194430 0.131886 0.008382
v 0.195450 0.127807 0.007588
v 0.194430 0.131886 0.008382
v 0.190520 0.127807 0.009019
v 0.190520 0.127807 0.009019
v 0.194430 0.131886 0.008382
v 0.189969 0.131886 0.009504
v 0.190520 0.127807 0.009019
v 0.189969 0.131886 0.009504
v 0.185330 0.127807 0.009504
v 0.185330 0.127807 0.009504
v 0.189969 0.131886 0.009504
v 0.185330 0.131886 0.009883
v -0.064366 0.110977 -0.009843
v -0.064366 0.111379 -0.005995
v -0.069005 0.111379 -0.009843
v -0.069005 0.111379 -0.009843
v -0.070801 0.112569 -0.004506
v -0.073467 0.112569 -0.009843
v -0.069005 0.111379 -0.009843
v -0.064366 0.111379 -0.005995
v -0.070801 0.112569 -0.004506
v -0.064366 0.111379 -0.005995
v -0.064366 0.112569 -0.002294
v -0.070801 0.112569 -0.004506
v -0.073467 0.112569 -0.009843
v -0.075808 0.114501 -0.004364
v -0.077578 0.114501 -0.009843
v -0.073467 0.112569 -0.009843
v -0.070801 0.112569 -0.004506
v -0.075808 0.114501 -0.004364
v -0.070801 0.112569 -0.004506
v -0.070972 0.114501 -0.000352
v -0.075808 0.114501 -0.004364
v -0.070801 0.112569 -0.004506
v -0.064366 0.112569 -0.002294
v -0.070972 0.114501 -0.000352
v -0.064366 0.112569 -0.002294
v -0.064366 0.114501 0.001116
v -0.070972 0.114501 -0.000352
v -0.077578 0.114501 -0.009843
v -0.079902 0.117101 -0.004506
v -0.081182 0.117101 -0.009843
v -0.077578 0.114501 -0.009843
v -0.075808 0.114501 -0.004364
v -0.079902 0.117101 -0.004506
v -0.075808 0.114501 -0.004364
v -0.076256 0.117101 0.000020
v -0.079902 0.117101 -0.004506
v -0.075808 0.114501 -0.004364
v -0.070972 0.114501 -0.000352
v -0.076256 0.117101 0.000020
v -0.070972 0.114501 -0.000352
v -0.070801 0.117101 0.003044
v -0.076256 0.117101 0.000020
v -0.070972 0.114501 -0.000352
v -0.064366 0.114501 0.001116
v -0.070801 0.117101 0.003044
v -0.064366 0.114501 0.001116
v -0.064366 0.117101 0.004105
v -0.070801 0.117101 0.003044
v -0.081182 0.117101 -0.009843
v -0.083171 0.120270 -0.004775
v -0.084139 0.120270 -0.009843
v -0.081182 0.117101 -0.009843
v -0.079902 0.117101 -0.004506
v -0.083171 0.120270 -0.004775
v -0.079902 0.117101 -0.004506
v -0.080363 0.120270 -0.000202
v -0.083171 0.120270 -0.004775
v -0.079902 0.117101 -0.004506
v -0.076256 0.117101 0.000020
v -0.080363 0.120270 -0.000202
v -0.076256 0.117101 0.000020
v -0.075988 0.120270 0.003426
v -0.080363 0.120270 -0.000202
v -0.076256 0.117101 0.000020
v -0.070801 0.117101 0.003044
v -0.075988 0.120270 0.003426
v -0.070801 0.117101 0.003044
v -0.070476 0.120270 0.005756
v -0.075988 0.120270 0.003426
v -0.070801 0.117101 0.003044
v -0.064366 0.117101 0.004105
v -0.070476 0.120270 0.005756
v -0.064366 0.117101 0.004105
v -0.064366 0.120270 0.006559
v -0.070476 0.120270 0.005756
v -0.084139 0.120270 -0.009843
v -0.085588 0.123885 -0.005126
v -0.086337 0.123885 -0.009843
v -0.084139 0.120270 -0.009843
v -0.083171 0.120270 -0.004775
v -0.085588 0.123885 -0.005126
v -0.083171 0.120270 -0.004775
v -0.083393 0.123885 -0.000731
v -0.085588 0.123885 -0.005126
v -0.083171 0.120270 -0.004775
v -0.080363 0.120270 -0.000202
v -0.083393 0.123885 -0.000731
v -0.080363 0.120270 -0.000202
v -0.079902 0.123885 0.003044
v -0.083393 0.123885 -0.000731
v -0.080363 0.120270 -0.000202
v -0.075988 0.120270 0.003426
v -0.079902 0.123885 0.003044
v -0.075988 0.120270 0.003426
v -0.075351 0.123885 0.005940
v -0.079902 0.123885 0.003044
v -0.075988 0.120270 0.003426
v -0.070476 0.120270 0.005756
v -0.075351 0.123885 0.005940
v -0.070476 0.120270 0.005756
v -0.070053 0.123885 0.007761
v -0.075351 0.123885 0.005940
v -0.070476 0.120270 0.005756
v -0.064366 0.120270 0.006559
v -0.070053 0.123885 0.007761
v -0.064366 0.120270 0.006559
v -0.064366 0.123885 0.008382
v -0.070053 0.123885 0.007761
v -0.086337 0.123885 -0.009843
v -0.087105 0.127807 -0.005538
v -0.087690 0.127807 -0.009843
v -0.086337 0.123885 -0.009843
v -0.085588 0.123885 -0.005126
v -0.087105 0.127807 -0.005538
v -0.085588 0.123885 -0.005126
v -0.085380 0.127807 -0.001449
v -0.087105 0.127807 -0.005538
v -0.085588 0.123885 -0.005126
v -0.083393 0.123885 -0.000731
v -0.085380 0.127807 -0.001449
v -0.083393 0.123885 -0.000731
v -0.082601 0.127807 0.002219
v -0.085380 0.127807 -0.001449
v -0.083393 0.123885 -0.000731
v -0.079902 0.123885 0.003044
v -0.082601 0.127807 0.002219
v -0.079902 0.123885 0.003044
v -0.078908 0.127807 0.005283
v -0.082601 0.127807 0.002219
v -0.079902 0.123885 0.003044
v -0.075351 0.123885 0.005940
v -0.078908 0.127807 0.005283
v -0.075351 0.123885 0.005940
v -0.074486 0.127807 0.007588
v -0.078908 0.127807 0.005283
v -0.075351 0.123885 0.005940
v -0.070053 0.123885 0.007761
v -0.074486 0.127807 0.007588
v -0.070053 0.123885 0.007761
v -0.069556 0.127807 0.009019
v -0.074486 0.127807 0.007588
v -0.070053 0.123885 0.007761
v -0.064366 0.123885 0.008382
v -0.069556 0.127807 0.009019
v -0.064366 0.123885 0.008382
v -0.064366 0.127807 0.009504
v -0.069556 0.127807 0.009019
v -0.087690 0.127807 -0.009843
v -0.087690 0.131886 -0.005995
v -0.088147 0.131886 -0.009843
v -0.087690 0.127807 -0.009843
v -0.087105 0.127807 -0.005538
v -0.087690 0.131886 -0.005995
v -0.087105 0.127807 -0.005538
v -0.086337 0.131886 -0.002294
v -0.087690 0.131886 -0.005995
v -0.087105 0.127807 -0.005538
v -0.085380 0.127807 -0.001449
v -0.086337 0.131886 -0.002294
v -0.085380 0.127807 -0.001449
v -0.084139 0.131886 0.001116
v -0.086337 0.131886 -0.002294
v -0.085380 0.127807 -0.001449
v -0.082601 0.127807 0.002219
v -0.084139 0.131886 0.001116
v -0.082601 0.127807 0.002219
v -0.081182 0.131886 0.004105
v -0.084139 0.131886 0.001116
v -0.082601 0.127807 0.002219
v -0.078908 0.127807 0.005283
v -0.081182 0.131886 0.004105
v -0.078908 0.127807 0.005283
v -0.077578 0.131886 0.006559
v -0.081182 0.131886 0.004105
v -0.078908 0.127807 0.005283
v -0.074486 0.127807 0.007588
v -0.077578 0.131886 0.006559
v -0.074486 0.127807 0.007588
v -0.073467 0.131886 0.008382
v -0.077578 0.131886 0.006559
v -0.074486 0.127807 0.007588
v -0.069556 0.127807 0.009019
v -0.073467 0.131886 0.008382
v -0.069556 0.127807 0.009019
v -0.069005 0.131886 0.009504
v -0.073467 0.131886 0.008382
v -0.069556 0.127807 0.009019
v -0.064366 0.127807 0.009504
v -0.069005 0.131886 0.009504
v -0.064366 0.127807 0.009504
v -0.064366 0.131886 0.009883
v -0.069005 0.131886 0.009504
v 0.185330 0.178615 -0.216971
v 0.189969 0.178214 -0.216971
v 0.185330 0.178214 -0.220820
v 0.189969 0.178214 -0.216971
v 0.194430 0.177024 -0.216971
v 0.191765 0.177024 -0.222309
v 0.189969 0.178214 -0.216971
v 0.191765 0.177024 -0.222309
v 0.185330 0.178214 -0.220820
v 0.185330 0.178214 -0.220820
v 0.191765 0.177024 -0.222309
v 0.185330 0.177024 -0.224520
v 0.194430 0.177024 -0.216971
v 0.198542 0.175091 -0.216971
v 0.196772 0.175091 -0.222451
v 0.194430 0.177024 -0.216971
v 0.196772 0.175091 -0.222451
v 0.191765 0.177024 -0.222309
v 0.191765 0.177024 -0.222309
v 0.196772 0.175091 -0.222451
v 0.191936 0.175091 -0.226462
v 0.191765 0.177024 -0.222309
v 0.191936 0.175091 -0.226462
v 0.185330 0.177024 -0.224520
v 0.185330 0.177024 -0.224520
v 0.191936 0.175091 -0.226462
v 0.185330 0.175091 -0.227931
v 0.198542 0.175091 -0.216971
v 0.202145 0.172491 -0.216971
v 0.200865 0.172491 -0.222309
v 0.198542 0.175091 -0.216971
v 0.200865 0.172491 -0.222309
v 0.196772 0.175091 -0.222451
v 0.196772 0.175091 -0.222451
v 0.200865 0.172491 -0.222309
v 0.197220 0.172491 -0.226835
v 0.196772 0.175091 -0.222451
v 0.197220 0.172491 -0.226835
v 0.191936 0.175091 -0.226462
v 0.191936 0.175091 -0.226462
v 0.197220 0.172491 -0.226835
v 0.191765 0.172491 -0.229858
v 0.191936 0.175091 -0.226462
v 0.191765 0.172491 -0.229858
v 0.185330 0.175091 -0.227931
v 0.185330 0.175091 -0.227931
v 0.191765 0.172491 -0.229858
v 0.185330 0.172491 -0.230920
v 0.202145 0.172491 -0.216971
v 0.205103 0.169323 -0.216971
v 0.204135 0.169323 -0.222040
v 0.202145 0.172491 -0.216971
v 0.204135 0.169323 -0.222040
v 0.200865 0.172491 -0.222309
v 0.200865 0.172491 -0.222309
v 0.204135 0.169323 -0.222040
v 0.201327 0.169323 -0.226612
v 0.200865 0.172491 -0.222309
v 0.201327 0.169323 -0.226612
v 0.197220 0.172491 -0.226835
v 0.197220 0.172491 -0.226835
v 0.201327 0.169323 -0.226612
v 0.196952 0.169323 -0.230241
v 0.197220 0.172491 -0.226835
v 0.196952 0.169323 -0.230241
v 0.191765 0.172491 -0.229858
v 0.191765 0.172491 -0.229858
v 0.196952 0.169323 -0.230241
v 0.191440 0.169323 -0.232571
v 0.191765 0.172491 -0.229858
v 0.191440 0.169323 -0.232571
v 0.185330 0.172491 -0.230920
v 0.185330 0.172491 -0.230920
v 0.191440 0.169323 -0.232571
v 0.185330 0.169323 -0.233373
v 0.205103 0.169323 -0.216971
v 0.207300 0.165708 -0.216971
v 0.206552 0.165708 -0.221688
v 0.205103 0.169323 -0.216971
v 0.206552 0.165708 -0.221688
v 0.204135 0.169323 -0.222040
v 0.204135 0.169323 -0.222040
v 0.206552 0.165708 -0.221688
v 0.204357 0.165708 -0.226084
v 0.204135 0.169323 -0.222040
v 0.204357 0.165708 -0.226084
v 0.201327 0.169323 -0.226612
v 0.201327 0.169323 -0.226612
v 0.204357 0.165708 -0.226084
v 0.200865 0.165708 -0.229858
v 0.201327 0.169323 -0.226612
v 0.200865 0.165708 -0.229858
v 0.196952 0.169323 -0.230241
v 0.196952 0.169323 -0.230241
v 0.200865 0.165708 -0.229858
v 0.196315 0.165708 -0.232755
v 0.196952 0.169323 -0.230241
v 0.196315 0.165708 -0.232755
v 0.191440 0.169323 -0.232571
v 0.191440 0.169323 -0.232571
v 0.196315 0.165708 -0.232755
v 0.191016 0.165708 -0.234575
v 0.191440 0.169323 -0.232571
v 0.191016 0.165708 -0.234575
v 0.185330 0.169323 -0.233373
v 0.185330 0.169323 -0.233373
v 0.191016 0.165708 -0.234575
v 0.185330 0.165708 -0.235196
v 0.207300 0.165708 -0.216971
v 0.208654 0.161786 -0.216971
v 0.208069 0.161786 -0.221277
v 0.207300 0.165708 -0.216971
v 0.208069 0.161786 -0.221277
v 0.206552 0.165708 -0.221688
v 0.206552 0.165708 -0.221688
v 0.208069 0.161786 -0.221277
v 0.206344 0.161786 -0.225366
v 0.206552 0.165708 -0.221688
v 0.206344 0.161786 -0.225366
v 0.204357 0.165708 -0.226084
v 0.204357 0.165708 -0.226084
v 0.206344 0.161786 -0.225366
v 0.203565 0.161786 -0.229034
v 0.204357 0.165708 -0.226084
v 0.203565 0.161786 -0.229034
v 0.200865 0.165708 -0.229858
v 0.200865 0.165708 -0.229858
v 0.203565 0.161786 -0.229034
v 0.199872 0.161786 -0.232098
v 0.200865 0.165708 -0.229858
v 0.199872 0.161786 -0.232098
v 0.196315 0.165708 -0.232755
v 0.196315 0.165708 -0.232755
v 0.199872 0.161786 -0.232098
v 0.195450 0.161786 -0.234403
v 0.196315 0.165708 -0.232755
v 0.195450 0.161786 -0.234403
v 0.191016 0.165708 -0.234575
v 0.191016 0.165708 -0.234575
v 0.195450 0.161786 -0.234403
v 0.190520 0.161786 -0.235834
v 0.191016 0.165708 -0.234575
v 0.190520 0.161786 -0.235834
v 0.185330 0.165708 -0.235196
v 0.185330 0.165708 -0.235196
v 0.190520 0.161786 -0.235834
v 0.185330 0.161786 -0.236319
v 0.208654 0.161786 -0.216971
v 0.209111 0.157707 -0.216971
v 0.208654 0.157707 -0.220820
v 0.208654 0.161786 -0.216971
v 0.208654 0.157707 -0.220820
v 0.208069 0.161786 -0.221277
v 0.208069 0.161786 -0.221277
v 0.208654 0.157707 -0.220820
v 0.207300 0.157707 -0.224520
v 0.208069 0.161786 -0.221277
v 0.207300 0.157707 -0.224520
v 0.206344 0.161786 -0.225366
v 0.206344 0.161786 -0.225366
v 0.207300 0.157707 -0.224520
v 0.205103 0.157707 -0.227931
v 0.206344 0.161786 -0.225366
v 0.205103 0.157707 -0.227931
v 0.203565 0.161786 -0.229034
v 0.203565 0.161786 -0.229034
v 0.205103 0.157707 -0.227931
v 0.202145 0.157707 -0.230920
v 0.203565 0.161786 -0.229034
v 0.202145 0.157707 -0.230920
v 0.199872 0.161786 -0.232098
v 0.199872 0.161786 -0.232098
v 0.202145 0.157707 -0.230920
v 0.198542 0.157707 -0.233373
v 0.199872 0.161786 -0.232098
v 0.198542 0.157707 -0.233373
v 0.195450 0.161786 -0.234403
v 0.195450 0.161786 -0.234403
v 0.198542 0.157707 -0.233373
v 0.194430 0.157707 -0.235196
v 0.195450 0.161786 -0.234403
v 0.194430 0.157707 -0.235196
v 0.190520 0.161786 -0.235834
v 0.190520 0.161786 -0.235834
v 0.194430 0.157707 -0.235196
v 0.189969 0.157707 -0.236319
v 0.190520 0.161786 -0.235834
v 0.189969 0.157707 -0.236319
v 0.185330 0.161786 -0.236319
v 0.185330 0.161786 -0.236319
v 0.189969 0.157707 -0.236319
v 0.185330 0.157707 -0.236698
v -0.064366 0.178615 -0.216971
v -0.064366 0.178214 -0.220820
v -0.069005 0.178214 -0.216971
v -0.069005 0.178214 -0.216971
v -0.070801 0.177024 -0.222309
v -0.073467 0.177024 -0.216971
v -0.069005 0.178214 -0.216971
v -0.064366 0.178214 -0.220820
v -0.070801 0.177024 -0.222309
v -0.064366 0.178214 -0.220820
v -0.064366 0.177024 -0.224520
v -0.070801 0.177024 -0.222309
v -0.073467 0.177024 -0.216971
v -0.075808 0.175091 -0.222451
v -0.077578 0.175091 -0.216971
v -0.073467 0.177024 -0.216971
v -0.070801 0.177024 -0.222309
v -0.075808 0.175091 -0.222451
v -0.070801 0.177024 -0.222309
v -0.070972 0.175091 -0.226462
v -0.075808 0.175091 -0.222451
v -0.070801 0.177024 -0.222309
v -0.064366 0.177024 -0.224520
v -0.070972 0.175091 -0.226462
v -0.064366 0.177024 -0.224520
v -0.064366 0.175091 -0.227931
v -0.070972 0.175091 -0.226462
v -0.077578 0.175091 -0.216971
v -0.079902 0.172491 -0.222309
v -0.081182 0.172491 -0.216971
v -0.077578 0.175091 -0.216971
v -0.075808 0.175091 -0.222451
v -0.079902 0.172491 -0.222309
v -0.075808 0.175091 -0.222451
v -0.076256 0.172491 -0.226835
v -0.079902 0.172491 -0.222309
v -0.075808 0.175091 -0.222451
v -0.070972 0.175091 -0.226462
v -0.076256 0.172491 -0.226835
v -0.070972 0.175091 -0.226462
v -0.070801 0.172491 -0.229858
v -0.076256 0.172491 -0.226835
v -0.070972 0.175091 -0.226462
v -0.064366 0.175091 -0.227931
v -0.070801 0.172491 -0.229858
v -0.064366 0.175091 -0.227931
v -0.064366 0.172491 -0.230920
v -0.070801 0.172491 -0.229858
v -0.081182 0.172491 -0.216971
v -0.083171 0.169323 -0.222040
v -0.084139 0.169323 -0.216971
v -0.081182 0.172491 -0.216971
v -0.079902 0.172491 -0.222309
v -0.083171 0.169323 -0.222040
v -0.079902 0.172491 -0.222309
v -0.080363 0.169323 -0.226612
v -0.083171 0.169323 -0.222040
v -0.079902 0.172491 -0.222309
v -0.076256 0.172491 -0.226835
v -0.080363 0.169323 -0.226612
v -0.076256 0.172491 -0.226835
v -0.075988 0.169323 -0.230241
v -0.080363 0.169323 -0.226612
v -0.076256 0.172491 -0.226835
v -0.070801 0.172491 -0.229858
v -0.075988 0.169323 -0.230241
v -0.070801 0.172491 -0.229858
v -0.070476 0.169323 -0.232571
v -0.075988 0.169323 -0.230241
v -0.070801 0.172491 -0.229858
v -0.064366 0.172491 -0.230920
v -0.070476 0.169323 -0.232571
v -0.064366 0.172491 -0.230920
v -0.064366 0.169323 -0.233373
v -0.070476 0.169323 -0.232571
v -0.084139 0.169323 -0.216971
v -0.085588 0.165708 -0.221688
v -0.086337 0.165708 -0.216971
v -0.084139 0.169323 -0.216971
v -0.083171 0.169323 -0.222040
v -0.085588 0.165708 -0.221688
v -0.083171 0.169323 -0.222040
v -0.083393 0.165708 -0.226084
v -0.085588 0.165708 -0.221688
v -0.083171 0.169323 -0.222040
v -0.080363 0.169323 -0.226612
v -0.083393 0.165708 -0.226084
v -0.080363 0.169323 -0.226612
v -0.079902 0.165708 -0.229858
v -0.083393 0.165708 -0.226084
v -0.080363 0.169323 -0.226612
v -0.075988 0.169323 -0.230241
v -0.079902 0.165708 -0.229858
v -0.075988 0.169323 -0.230241
v -0.075351 0.165708 -0.232755
v -0.079902 0.165708 -0.229858
v -0.075988 0.169323 -0.230241
v -0.070476 0.169323 -0.232571
v -0.075351 0.165708 -0.232755
v -0.070476 0.169323 -0.232571
v -0.070053 0.165708 -0.234575
v -0.075351 0.165708 -0.232755
v -0.070476 0.169323 -0.232571
v -0.064366 0.169323 -0.233373
v -0.070053 0.165708 -0.234575
v -0.064366 0.169323 -0.233373
v -0.064366 0.165708 -0.235196
v -0.070053 0.165708 -0.234575
v -0.086337 0.165708 -0.216971
v -0.087105 0.161786 -0.221277
v -0.087690 0.161786 -0.216971
v -0.086337 0.165708 -0.216971
v -0.085588 0.165708 -0.221688
v -0.087105 0.161786 -0.221277
v -0.085588 0.165708 -0.221688
v -0.085380 0.161786 -0.225366
v -0.087105 0.161786 -0.221277
v -0.085588 0.165708 -0.221688
v -0.083393 0.165708 -0.226084
v -0.085380 0.161786 -0.225366
v -0.083393 0.165708 -0.226084
v -0.082601 0.161786 -0.229034
v -0.085380 0.161786 -0.225366
v -0.083393 0.165708 -0.226084
v -0.079902 0.165708 -0.229858
v -0.082601 0.161786 -0.229034
v -0.079902 0.165708 -0.229858
v -0.078908 0.161786 -0.232098
v -0.082601 0.161786 -0.229034
v -0.079902 0.165708 -0.229858
v -0.075351 0.165708 -0.232755
v -0.078908 0.161786 -0.232098
v -0.075351 0.165708 -0.232755
v -0.074486 0.161786 -0.234403
v -0.078908 0.161786 -0.232098
v -0.075351 0.165708 -0.232755
v -0.070053 0.165708 -0.234575
v -0.074486 0.161786 -0.234403
v -0.070053 0.165708 -0.234575
v -0.069556 0.161786 -0.235834
v -0.074486 0.161786 -0.234403
v -0.070053 0.165708 -0.234575
v -0.064366 0.165708 -0.235196
v -0.069556 0.161786 -0.235834
v -0.064366 0.165708 -0.235196
v -0.064366 0.161786 -0.236319
v -0.069556 0.161786 -0.235834
v -0.087690 0.161786 -0.216971
v -0.087690 0.157707 -0.220820
v -0.088147 0.157707 -0.216971
v -0.087690 0.161786 -0.216971
v -0.087105 0.161786 -0.221277
v -0.087690 0.157707 -0.220820
v -0.087105 0.161786 -0.221277
v -0.086337 0.157707 -0.224520
v -0.087690 0.157707 -0.220820
v -0.087105 0.161786 -0.221277
v -0.085380 0.161786 -0.225366
v -0.086337 0.157707 -0.224520
v -0.085380 0.161786 -0.225366
v -0.084139 0.157707 -0.227931
v -0.086337 0.157707 -0.224520
v -0.085380 0.161786 -0.225366
v -0.082601 0.161786 -0.229034
v -0.084139 0.157707 -0.227931
v -0.082601 0.161786 -0.229034
v -0.081182 0.157707 -0.230920
v -0.084139 0.157707 -0.227931
v -0.082601 0.161786 -0.229034
v -0.078908 0.161786 -0.232098
v -0.081182 0.157707 -0.230920
v -0.078908 0.161786 -0.232098
v -0.077578 0.157707 -0.233373
v -0.081182 0.157707 -0.230920
v -0.078908 0.161786 -0.232098
v -0.074486 0.161786 -0.234403
v -0.077578 0.157707 -0.233373
v -0.074486 0.161786 -0.234403
v -0.073467 0.157707 -0.235196
v -0.077578 0.157707 -0.233373
v -0.074486 0.161786 -0.234403
v -0.069556 0.161786 -0.235834
v -0.073467 0.157707 -0.235196
v -0.069556 0.161786 -0.235834
v -0.069005 0.157707 -0.236319
v -0.073467 0.157707 -0.235196
v -0.069556 0.161786 -0.235834
v -0.064366 0.161786 -0.236319
v -0.069005 0.157707 -0.236319
v -0.064366 0.161786 -0.236319
v -0.064366 0.157707 -0.236698
v -0.069005 0.157707 -0.236319
v 0.185330 0.110977 -0.216971
v 0.185330 0.111379 -0.220820
v 0.189969 0.111379 -0.216971
v 0.189969 0.111379 -0.216971
v 0.191765 0.112569 -0.222309
v 0.194430 0.112569 -0.216971
v 0.189969 0.111379 -0.216971
v 0.185330 0.111379 -0.220820
v 0.191765 0.112569 -0.222309
v 0.185330 0.111379 -0.220820
v 0.185330 0.112569 -0.224520
v 0.191765 0.112569 -0.222309
v 0.194430 0.112569 -0.216971
v 0.196772 0.114501 -0.222451
v 0.198542 0.114501 -0.216971
v 0.194430 0.112569 -0.216971
v 0.191765 0.112569 -0.222309
v 0.196772 0.114501 -0.222451
v 0.191765 0.112569 -0.222309
v 0.191936 0.114501 -0.226462
v 0.196772 0.114501 -0.222451
v 0.191765 0.112569 -0.222309
v 0.185330 0.112569 -0.224520
v 0.191936 0.114501 -0.226462
v 0.185330 0.112569 -0.224520
v 0.185330 0.114501 -0.227931
v 0.191936 0.114501 -0.226462
v 0.198542 0.114501 -0.216971
v 0.200865 0.117101 -0.222309
v 0.202145 0.117101 -0.216971
v 0.198542 0.114501 -0.216971
v 0.196772 0.114501 -0.222451
v 0.200865 0.117101 -0.222309
v 0.196772 0.114501 -0.222451
v 0.197220 0.117101 -0.226835
v 0.200865 0.117101 -0.222309
v 0.196772 0.114501 -0.222451
v 0.191936 0.114501 -0.226462
v 0.197220 0.117101 -0.226835
v 0.191936 0.114501 -0.226462
v 0.191765 0.117101 -0.229858
v 0.197220 0.117101 -0.226835
v 0.191936 0.114501 -0.226462
v 0.185330 0.114501 -0.227931
v 0.191765 0.117101 -0.229858
v 0.185330 0.114501 -0.227931
v 0.185330 0.117101 -0.230920
v 0.191765 0.117101 -0.229858
v 0.202145 0.117101 -0.216971
v 0.204135 0.120270 -0.222040
v 0.205103 0.120270 -0.216971
v 0.202145 0.117101 -0.216971
v 0.200865 0.117101 -0.222309
v 0.204135 0.120270 -0.222040
v 0.200865 0.117101 -0.222309
v 0.201327 0.120270 -0.226612
v 0.204135 0.120270 -0.222040
v 0.200865 0.117101 -0.222309
v 0.197220 0.117101 -0.226835
v 0.201327 0.120270 -0.226612
v 0.197220 0.117101 -0.226835
v 0.196952 0.120270 -0.230241
v 0.201327 0.120270 -0.226612
v 0.197220 0.117101 -0.226835
v 0.191765 0.117101 -0.229858
v 0.196952 0.120270 -0.230241
v 0.191765 0.117101 -0.229858
v 0.191440 0.120270 -0.232571
v 0.196952 0.120270 -0.230241
v 0.191765 0.117101 -0.229858
v 0.185330 0.117101 -0.230920
v 0.191440 0.120270 -0.232571
v 0.185330 0.117101 -0.230920
v 0.185330 0.120270 -0.233373
v 0.191440 0.120270 -0.232571
v 0.205103 0.120270 -0.216971
v 0.206552 0.123885 -0.221688
v 0.207300 0.123885 -0.216971
v 0.205103 0.120270 -0.216971
v 0.204135 0.120270 -0.222040
v 0.206552 0.123885 -0.221688
v 0.204135 0.120270 -0.222040
v 0.204357 0.123885 -0.226084
v 0.206552 0.123885 -0.221688
v 0.204135 0.120270 -0.222040
v 0.201327 0.120270 -0.226612
v 0.204357 0.123885 -0.226084
v 0.201327 0.120270 -0.226612
v 0.200865 0.123885 -0.229858
v 0.204357 0.123885 -0.226084
v 0.201327 0.120270 -0.226612
v 0.196952 0.120270 -0.230241
v 0.200865 0.123885 -0.229858
v 0.196952 0.120270 -0.230241
v 0.196315 0.123885 -0.232755
v 0.200865 0.123885 -0.229858
v 0.196952 0.120270 -0.230241
v 0.191440 0.120270 -0.232571
v 0.196315 0.123885 -0.232755
v 0.191440 0.120270 -0.232571
v 0.191016 0.123885 -0.234575
v 0.196315 0.123885 -0.232755
v 0.191440 0.120270 -0.232571
v 0.185330 0.120270 -0.233373
v 0.191016 0.123885 -0.234575
v 0.185330 0.120270 -0.233373
v 0.185330 0.123885 -0.235196
v 0.191016 0.123885 -0.234575
v 0.207300 0.123885 -0.216971
v 0.208069 0.127807 -0.221277
v 0.208654 0.127807 -0.216971
v 0.207300 0.123885 -0.216971
v 0.206552 0.123885 -0.221688
v 0.208069 0.127807 -0.221277
v 0.206552 0.123885 -0.221688
v 0.206344 0.127807 -0.225366
v 0.208069 0.127807 -0.221277
v 0.206552 0.123885 -0.221688
v 0.204357 0.123885 -0.226084
v 0.206344 0.127807 -0.225366
v 0.204357 0.123885 -0.226084
v 0.203565 0.127807 -0.229034
v 0.206344 0.127807 -0.225366
v 0.204357 0.123885 -0.226084
v 0.200865 0.123885 -0.229858
v 0.203565 0.127807 -0.229034
v 0.200865 0.123885 -0.229858
v 0.199872 0.127807 -0.232098
v 0.203565 0.127807 -0.229034
v 0.200865 0.123885 -0.229858
v 0.196315 0.123885 -0.232755
v 0.199872 0.127807 -0.232098
v 0.196315 0.123885 -0.232755
v 0.195450 0.127807 -0.234403
v 0.199872 0.127807 -0.232098
v 0.196315 0.123885 -0.232755
v 0.191016 0.123885 -0.234575
v 0.195450 0.127807 -0.234403
v 0.191016 0.123885 -0.234575
v 0.190520 0.127807 -0.235834
v 0.195450 0.127807 -0.234403
v 0.191016 0.123885 -0.234575
v 0.185330 0.123885 -0.235196
v 0.190520 0.127807 -0.235834
v 0.185330 0.123885 -0.235196
v 0.185330 0.127807 -0.236319
v 0.190520 0.127807 -0.235834
v 0.208654 0.127807 -0.216971
v 0.208654 0.131886 -0.220820
v 0.209111 0.131886 -0.216971
v 0.208654 0.127807 -0.216971
v 0.208069 0.127807 -0.221277
v 0.208654 0.131886 -0.220820
v 0.208069 0.127807 -0.221277
v 0.207300 0.131886 -0.224520
v 0.208654 0.131886 -0.220820
v 0.208069 0.127807 -0.221277
v 0.206344 0.127807 -0.225366
v 0.207300 0.131886 -0.224520
v 0.206344 0.127807 -0.225366
v 0.205103 0.131886 -0.227931
v 0.207300 0.131886 -0.224520
v 0.206344 0.127807 -0.225366
v 0.203565 0.127807 -0.229034
v 0.205103 0.131886 -0.227931
v 0.203565 0.127807 -0.229034
v 0.202145 0.131886 -0.230920
v 0.205103 0.131886 -0.227931
v 0.203565 0.127807 -0.229034
v 0.199872 0.127807 -0.232098
v 0.202145 0.131886 -0.230920
v 0.199872 0.127807 -0.232098
v 0.198542 0.131886 -0.233373
v 0.202145 0.131886 -0.230920
v 0.199872 0.127807 -0.232098
v 0.195450 0.127807 -0.234403
v 0.198542 0.131886 -0.233373
v 0.195450 0.127807 -0.234403
v 0.194430 0.131886 -0.235196
v 0.198542 0.131886 -0.233373
v 0.195450 0.127807 -0.234403
v 0.190520 0.127807 -0.235834
v 0.194430 0.131886 -0.235196
v 0.190520 0.127807 -0.235834
v 0.189969 0.131886 -0.236319
v 0.194430 0.131886 -0.235196
v 0.190520 0.127807 -0.235834
v 0.185330 0.127807 -0.236319
v 0.189969 0.131886 -0.236319
v 0.185330 0.127807 -0.236319
v 0.185330 0.131886 -0.236698
v 0.189969 0.131886 -0.236319
v -0.064366 0.110977 -0.216971
v -0.069005 0.111379 -0.216971
v -0.064366 0.111379 -0.220820
v -0.069005 0.111379 -0.216971
v -0.073467 0.112569 -0.216971
v -0.070801 0.112569 -0.222309
v -0.069005 0.111379 -0.216971
v -0.070801 0.112569 -0.222309
v -0.064366 0.111379 -0.220820
v -0.064366 0.111379 -0.220820
v -0.070801 0.112569 -0.222309
v -0.064366 0.112569 -0.224520
v -0.073467 0.112569 -0.216971
v -0.077578 0.114501 -0.216971
v -0.075808 0.114501 -0.222451
v -0.073467 0.112569 -0.216971
v -0.075808 0.114501 -0.222451
v -0.070801 0.112569 -0.222309
v -0.070801 0.112569 -0.222309
v -0.075808 0.114501 -0.222451
v -0.070972 0.114501 -0.226462
v -0.070801 0.112569 -0.222309
v -0.070972 0.114501 -0.226462
v -0.064366 0.112569 -0.224520
v -0.064366 0.112569 -0.224520
v -0.070972 0.114501 -0.226462
v -0.064366 0.114501 -0.227931
v -0.077578 0.114501 -0.216971
v -0.081182 0.117101 -0.216971
v -0.079902 0.117101 -0.222309
v -0.077578 0.114501 -0.216971
v -0.079902 0.117101 -0.222309
v -0.075808 0.114501 -0.222451
v -0.075808 0.114501 -0.222451
v -0.079902 0.117101 -0.222309
v -0.076256 0.117101 -0.226835
v -0.075808 0.114501 -0.222451
v -0.076256 0.117101 -0.226835
v -0.070972 0.114501 -0.226462
v -0.070972 0.114501 -0.226462
v -0.076256 0.117101 -0.226835
v -0.070801 0.117101 -0.229858
v -0.070972 0.114501 -0.226462
v -0.070801 0.117101 -0.229858
v -0.064366 0.114501 -0.227931
v -0.064366 0.114501 -0.227931
v -0.070801 0.117101 -0.229858
v -0.064366 0.117101 -0.230920
v -0.081182 0.117101 -0.216971
v -0.084139 0.120270 -0.216971
v -0.083171 0.120270 -0.222040
v -0.081182 0.117101 -0.216971
v -0.083171 0.120270 -0.222040
v -0.079902 0.117101 -0.222309
v -0.079902 0.117101 -0.222309
v -0.083171 0.120270 -0.222040
v -0.080363 0.120270 -0.226612
v -0.079902 0.117101 -0.222309
v -0.080363 0.120270 -0.226612
v -0.076256 0.117101 -0.226835
v -0.076256 0.117101 -0.226835
v -0.080363 0.120270 -0.226612
v -0.075988 0.120270 -0.230241
v -0.076256 0.117101 -0.226835
v -0.075988 0.120270 -0.230241
v -0.070801 0.117101 -0.229858
v -0.070801 0.117101 -0.229858
v -0.075988 0.120270 -0.230241
v -0.070476 0.120270 -0.232571
v -0.070801 0.117101 -0.229858
v -0.070476 0.120270 -0.232571
v -0.064366 0.117101 -0.230920
v -0.064366 0.117101 -0.230920
v -0.070476 0.120270 -0.232571
v -0.064366 0.120270 -0.233373
v -0.084139 0.120270 -0.216971
v -0.086337 0.123885 -0.216971
v -0.085588 0.123885 -0.221688
v -0.084139 0.120270 -0.216971
v -0.085588 0.123885 -0.221688
v -0.083171 0.120270 -0.222040
v -0.083171 0.120270 -0.222040
v -0.085588 0.123885 -0.221688
v -0.083393 0.123885 -0.226084
v -0.083171 0.120270 -0.222040
v -0.083393 0.123885 -0.226084
v -0.080363 0.120270 -0.226612
v -0.080363 0.120270 -0.226612
v -0.083393 0.123885 -0.226084
v -0.079902 0.123885 -0.229858
v -0.080363 0.120270 -0.226612
v -0.079902 0.123885 -0.229858
v -0.075988 0.120270 -0.230241
v -0.075988 0.120270 -0.230241
v -0.079902 0.123885 -0.229858
v -0.075351 0.123885 -0.232755
v -0.075988 0.120270 -0.230241
v -0.075351 0.123885 -0.232755
v -0.070476 0.120270 -0.232571
v -0.070476 0.120270 -0.232571
v -0.075351 0.123885 -0.232755
v -0.070053 0.123885 -0.234575
v -0.070476 0.120270 -0.232571
v -0.070053 0.123885 -0.234575
v -0.064366 0.120270 -0.233373
v -0.064366 0.120270 -0.233373
v -0.070053 0.123885 -0.234575
v -0.064366 0.123885 -0.235196
v -0.086337 0.123885 -0.216971
v -0.087690 0.127807 -0.216971
v -0.087105 0.127807 -0.221277
v -0.086337 0.123885 -0.216971
v -0.087105 0.127807 -0.221277
v -0.085588 0.123885 -0.221688
v -0.085588 0.123885 -0.221688
v -0.087105 0.127807 -0.221277
v -0.085380 0.127807 -0.225366
v -0.085588 0.123885 -0.221688
v -0.085380 0.127807 -0.225366
v -0.083393 0.123885 -0.226084
v -0.083393 0.123885 -0.226084
v -0.085380 0.127807 -0.225366
v -0.082601 0.127807 -0.229034
v -0.083393 0.123885 -0.226084
v -0.082601 0.127807 -0.229034
v -0.079902 0.123885 -0.229858
v -0.079902 0.123885 -0.229858
v -0.082601 0.127807 -0.229034
v -0.078908 0.127807 -0.232098
v -0.079902 0.123885 -0.229858
v -0.078908 0.127807 -0.232098
v -0.075351 0.123885 -0.232755
v -0.075351 0.123885 -0.232755
v -0.078908 0.127807 -0.232098
v -0.074486 0.127807 -0.234403
v -0.075351 0.123885 -0.232755
v -0.074486 0.127807 -0.234403
v -0.070053 0.123885 -0.234575
v -0.070053 0.123885 -0.234575
v -0.074486 0.127807 -0.234403
v -0.069556 0.127807 -0.235834
v -0.070053 0.123885 -0.234575
v -0.069556 0.127807 -0.235834
v -0.064366 0.123885 -0.235196
v -0.064366 0.123885 -0.235196
v -0.069556 0.127807 -0.235834
v -0.064366 0.127807 -0.236319
v -0.087690 0.127807 -0.216971
v -0.088147 0.131886 -0.216971
v -0.087690 0.131886 -0.220820
v -0.087690 0.127807 -0.216971
v -0.087690 0.131886 -0.220820
v -0.087105 0.127807 -0.221277
v -0.087105 0.127807 -0.221277
v -0.087690 0.131886 -0.220820
v -0.086337 0.131886 -0.224520
v -0.087105 0.127807 -0.221277
v -0.086337 0.131886 -0.224520
v -0.085380 0.127807 -0.225366
v -0.085380 0.127807 -0.225366
v -0.086337 0.131886 -0.224520
v -0.084139 0.131886 -0.227931
v -0.085380 0.127807 -0.225366
v -0.084139 0.131886 -0.227931
v -0.082601 0.127807 -0.229034
v -0.082601 0.127807 -0.229034
v -0.084139 0.131886 -0.227931
v -0.081182 0.131886 -0.230920
v -0.082601 0.127807 -0.229034
v -0.081182 0.131886 -0.230920
v -0.078908 0.127807 -0.232098
v -0.078908 0.127807 -0.232098
v -0.081182 0.131886 -0.230920
v -0.077578 0.131886 -0.233373
v -0.078908 0.127807 -0.232098
v -0.077578 0.131886 -0.233373
v -0.074486 0.127807 -0.234403
v -0.074486 0.127807 -0.234403
v -0.077578 0.131886 -0.233373
v -0.073467 0.131886 -0.235196
v -0.074486 0.127807 -0.234403
v -0.073467 0.131886 -0.235196
v -0.069556 0.127807 -0.235834
v -0.069556 0.127807 -0.235834
v -0.073467 0.131886 -0.235196
v -0.069005 0.131886 -0.236319
v -0.069556 0.127807 -0.235834
v -0.069005 0.131886 -0.236319
v -0.064366 0.127807 -0.236319
v -0.064366 0.127807 -0.236319
v -0.069005 0.131886 -0.236319
v -0.064366 0.131886 -0.236698
v 0.209824 -0.000762 0.038889
v 0.209824 -0.003767 0.030003
v 0.209824 0.150408 -0.016414
v 0.209824 0.153413 -0.007528
v -0.090176 0.153413 -0.007528
v -0.090176 0.150408 -0.016414
v -0.090176 -0.003767 0.030003
v -0.090176 -0.000762 0.038889
v -0.066395 0.159769 0.011264
v -0.066395 0.005594 0.057681
v 0.186044 0.005594 0.057681
v 0.186044 0.159769 0.011264
v -0.066395 -0.010123 0.011210
v -0.066395 0.144052 -0.035207
v 0.186044 0.144052 -0.035207
v 0.186044 -0.010123 0.011210
v -0.066395 -0.020680 0.044885
v -0.066395 -0.023685 0.036000
v 0.186044 -0.023685 0.036000
v 0.186044 -0.020680 0.044885
v 0.186044 0.173332 -0.013525
v 0.186044 0.170326 -0.022411
v -0.066395 0.170326 -0.022411
v -0.066395 0.173332 -0.013525
v 0.209824 -0.003767 0.030003
v 0.209367 -0.005007 0.026337
v 0.209367 0.149168 -0.020080
v 0.209824 0.150408 -0.016414
v 0.209367 -0.005007 0.026337
v 0.208014 -0.006199 0.022811
v 0.208014 0.147975 -0.023606
v 0.209367 0.149168 -0.020080
v 0.208014 -0.006199 0.022811
v 0.205816 -0.007298 0.019562
v 0.205816 0.146876 -0.026855
v 0.208014 0.147975 -0.023606
v 0.205816 -0.007298 0.019562
v 0.202859 -0.008261 0.016714
v 0.202859 0.145913 -0.029703
v 0.205816 0.146876 -0.026855
v 0.202859 -0.008261 0.016714
v 0.199255 -0.009052 0.014377
v 0.199255 0.145123 -0.032040
v 0.202859 0.145913 -0.029703
v 0.199255 -0.009052 0.014377
v 0.195144 -0.009639 0.012640
v 0.195144 0.144536 -0.033776
v 0.199255 0.145123 -0.032040
v 0.195144 -0.009639 0.012640
v 0.190683 -0.010001 0.011571
v 0.190683 0.144174 -0.034846
v 0.195144 0.144536 -0.033776
v 0.190683 -0.010001 0.011571
v 0.186044 -0.010123 0.011210
v 0.186044 0.144052 -0.035207
v 0.190683 0.144174 -0.034846
v -0.090176 0.150408 -0.016414
v -0.089719 0.149168 -0.020080
v -0.089719 -0.005007 0.026337
v -0.090176 -0.003767 0.030003
v -0.089719 0.149168 -0.020080
v -0.088365 0.147975 -0.023606
v -0.088365 -0.006199 0.022811
v -0.089719 -0.005007 0.026337
v -0.088365 0.147975 -0.023606
v -0.086168 0.146876 -0.026855
v -0.086168 -0.007298 0.019562
v -0.088365 -0.006199 0.022811
v -0.086168 0.146876 -0.026855
v -0.083210 0.145913 -0.029703
v -0.083210 -0.008261 0.016714
v -0.086168 -0.007298 0.019562
v -0.083210 0.145913 -0.029703
v -0.079607 0.145123 -0.032040
v -0.079607 -0.009052 0.014377
v -0.083210 -0.008261 0.016714
v -0.079607 0.145123 -0.032040
v -0.075495 0.144536 -0.033776
v -0.075495 -0.009639 0.012640
v -0.079607 -0.009052 0.014377
v -0.075495 0.144536 -0.033776
v -0.071034 0.144174 -0.034846
v -0.071034 -0.010001 0.011571
v -0.075495 -0.009639 0.012640
v -0.071034 0.144174 -0.034846
v -0.066395 0.144052 -0.035207
v -0.066395 -0.010123 0.011210
v -0.071034 -0.010001 0.011571
v -0.090176 -0.000762 0.038889
v -0.089719 0.000479 0.042555
v -0.089719 0.154653 -0.003862
v -0.090176 0.153413 -0.007528
v -0.089719 0.000479 0.042555
v -0.088365 0.001671 0.046080
v -0.088365 0.155845 -0.000337
v -0.089719 0.154653 -0.003862
v -0.088365 0.001671 0.046080
v -0.086168 0.002770 0.049329
v -0.086168 0.156944 0.002912
v -0.088365 0.155845 -0.000337
v -0.086168 0.002770 0.049329
v -0.083210 0.003733 0.052177
v -0.083210 0.157907 0.005760
v -0.086168 0.156944 0.002912
v -0.083210 0.003733 0.052177
v -0.079607 0.004523 0.054514
v -0.079607 0.158698 0.008097
v -0.083210 0.157907 0.005760
v -0.079607 0.004523 0.054514
v -0.075495 0.005111 0.056251
v -0.075495 0.159285 0.009834
v -0.079607 0.158698 0.008097
v -0.075495 0.005111 0.056251
v -0.071034 0.005472 0.057320
v -0.071034 0.159647 0.010903
v -0.075495 0.159285 0.009834
v -0.071034 0.005472 0.057320
v -0.066395 0.005594 0.057681
v -0.066395 0.159769 0.011264
v -0.071034 0.159647 0.010903
v 0.209824 0.153413 -0.007528
v 0.209367 0.154653 -0.003862
v 0.209367 0.000479 0.042555
v 0.209824 -0.000762 0.038889
v 0.209367 0.154653 -0.003862
v 0.208014 0.155845 -0.000337
v 0.208014 0.001671 0.046080
v 0.209367 0.000479 0.042555
v 0.208014 0.155845 -0.000337
v 0.205816 0.156944 0.002912
v 0.205816 0.002770 0.049329
v 0.208014 0.001671 0.046080
v 0.205816 0.156944 0.002912
v 0.202859 0.157907 0.005760
v 0.202859 0.003733 0.052177
v 0.205816 0.002770 0.049329
v 0.202859 0.157907 0.005760
v 0.199255 0.158698 0.008097
v 0.199255 0.004523 0.054514
v 0.202859 0.003733 0.052177
v 0.199255 0.158698 0.008097
v 0.195144 0.159285 0.009834
v 0.195144 0.005111 0.056251
v 0.199255 0.004523 0.054514
v 0.195144 0.159285 0.009834
v 0.190683 0.159647 0.010903
v 0.190683 0.005472 0.057320
v 0.195144 0.005111 0.056251
v 0.190683 0.159647 0.010903
v 0.186044 0.159769 0.011264
v 0.186044 0.005594 0.057681
v 0.190683 0.005472 0.057320
v 0.186044 0.170326 -0.022411
v 0.186044 0.168704 -0.025962
v -0.066395 0.168704 -0.025962
v -0.066395 0.170326 -0.022411
v 0.186044 0.168704 -0.025962
v 0.186044 0.166378 -0.029146
v -0.066395 0.166378 -0.029146
v -0.066395 0.168704 -0.025962
v 0.186044 0.166378 -0.029146
v 0.186044 0.163438 -0.031841
v -0.066395 0.163438 -0.031841
v -0.066395 0.166378 -0.029146
v 0.186044 0.163438 -0.031841
v 0.186044 0.159998 -0.033943
v -0.066395 0.159998 -0.033943
v -0.066395 0.163438 -0.031841
v 0.186044 0.159998 -0.033943
v 0.186044 0.156189 -0.035372
v -0.066395 0.156189 -0.035372
v -0.066395 0.159998 -0.033943
v 0.186044 0.156189 -0.035372
v 0.186044 0.152158 -0.036071
v -0.066395 0.152158 -0.036071
v -0.066395 0.156189 -0.035372
v 0.186044 0.152158 -0.036071
v 0.186044 0.148060 -0.036016
v -0.066395 0.148060 -0.036016
v -0.066395 0.152158 -0.036071
v 0.186044 0.148060 -0.036016
v 0.186044 0.144052 -0.035207
v -0.066395 0.144052 -0.035207
v -0.066395 0.148060 -0.036016
v -0.066395 -0.023685 0.036000
v -0.066395 -0.024543 0.032218
v 0.186044 -0.024543 0.032218
v 0.186044 -0.023685 0.036000
v -0.066395 -0.024543 0.032218
v -0.066395 -0.024602 0.028352
v 0.186044 -0.024602 0.028352
v 0.186044 -0.024543 0.032218
v -0.066395 -0.024602 0.028352
v -0.066395 -0.023860 0.024548
v 0.186044 -0.023860 0.024548
v 0.186044 -0.024602 0.028352
v -0.066395 -0.023860 0.024548
v -0.066395 -0.022346 0.020955
v 0.186044 -0.022346 0.020955
v 0.186044 -0.023860 0.024548
v -0.066395 -0.022346 0.020955
v -0.066395 -0.020118 0.017709
v 0.186044 -0.020118 0.017709
v 0.186044 -0.022346 0.020955
v -0.066395 -0.020118 0.017709
v -0.066395 -0.017261 0.014935
v 0.186044 -0.017261 0.014935
v 0.186044 -0.020118 0.017709
v -0.066395 -0.017261 0.014935
v -0.066395 -0.013887 0.012741
v 0.186044 -0.013887 0.012741
v 0.186044 -0.017261 0.014935
v -0.066395 -0.013887 0.012741
v -0.066395 -0.010123 0.011210
v 0.186044 -0.010123 0.011210
v 0.186044 -0.013887 0.012741
v 0.186044 -0.020680 0.044885
v 0.186044 -0.019057 0.048436
v -0.066395 -0.019057 0.048436
v -0.066395 -0.020680 0.044885
v 0.186044 -0.019057 0.048436
v 0.186044 -0.016731 0.051621
v -0.066395 -0.016731 0.051621
v -0.066395 -0.019057 0.048436
v 0.186044 -0.016731 0.051621
v 0.186044 -0.013792 0.054316
v -0.066395 -0.013792 0.054316
v -0.066395 -0.016731 0.051621
v 0.186044 -0.013792 0.054316
v 0.186044 -0.010352 0.056417
v -0.066395 -0.010352 0.056417
v -0.066395 -0.013792 0.054316
v 0.186044 -0.010352 0.056417
v 0.186044 -0.006543 0.057846
v -0.066395 -0.006543 0.057846
v -0.066395 -0.010352 0.056417
v 0.186044 -0.006543 0.057846
v 0.186044 -0.002512 0.058546
v -0.066395 -0.002512 0.058546
v -0.066395 -0.006543 0.057846
v 0.186044 -0.002512 0.058546
v 0.186044 0.001586 0.058490
v -0.066395 0.001586 0.058490
v -0.066395 -0.002512 0.058546
v 0.186044 0.001586 0.058490
v 0.186044 0.005594 0.057681
v -0.066395 0.005594 0.057681
v -0.066395 0.001586 0.058490
v -0.066395 0.173332 -0.013525
v -0.066395 0.174189 -0.009744
v 0.186044 0.174189 -0.009744
v 0.186044 0.173332 -0.013525
v -0.066395 0.174189 -0.009744
v -0.066395 0.174248 -0.005877
v 0.186044 0.174248 -0.005877
v 0.186044 0.174189 -0.009744
v -0.066395 0.174248 -0.005877
v -0.066395 0.173506 -0.002074
v 0.186044 0.173506 -0.002074
v 0.186044 0.174248 -0.005877
v -0.066395 0.173506 -0.002074
v -0.066395 0.171992 0.001520
v 0.186044 0.171992 0.001520
v 0.186044 0.173506 -0.002074
v -0.066395 0.171992 0.001520
v -0.066395 0.169764 0.004766
v 0.186044 0.169764 0.004766
v 0.186044 0.171992 0.001520
v -0.066395 0.169764 0.004766
v -0.066395 0.166908 0.007539
v 0.186044 0.166908 0.007539
v 0.186044 0.169764 0.004766
v -0.066395 0.166908 0.007539
v -0.066395 0.163533 0.009733
v 0.186044 0.163533 0.009733
v 0.186044 0.166908 0.007539
v -0.066395 0.163533 0.009733
v -0.066395 0.159769 0.011264
v 0.186044 0.159769 0.011264
v 0.186044 0.163533 0.009733
v -0.066395 -0.020680 0.044885
v -0.071034 -0.020297 0.044770
v -0.071034 -0.023303 0.035884
v -0.066395 -0.023685 0.036000
v -0.071034 -0.020297 0.044770
v -0.075495 -0.019164 0.044429
v -0.075495 -0.022169 0.035543
v -0.071034 -0.023303 0.035884
v -0.075495 -0.019164 0.044429
v -0.079607 -0.017323 0.043875
v -0.079607 -0.020328 0.034989
v -0.075495 -0.022169 0.035543
v -0.079607 -0.017323 0.043875
v -0.083210 -0.014846 0.043129
v -0.083210 -0.017851 0.034243
v -0.079607 -0.020328 0.034989
v -0.083210 -0.014846 0.043129
v -0.086168 -0.011828 0.042220
v -0.086168 -0.014833 0.033335
v -0.083210 -0.017851 0.034243
v -0.086168 -0.011828 0.042220
v -0.088365 -0.008384 0.041183
v -0.088365 -0.011389 0.032298
v -0.086168 -0.014833 0.033335
v -0.088365 -0.008384 0.041183
v -0.089719 -0.004647 0.040059
v -0.089719 -0.007653 0.031173
v -0.088365 -0.011389 0.032298
v -0.089719 -0.004647 0.040059
v -0.090176 -0.000762 0.038889
v -0.090176 -0.003767 0.030003
v -0.089719 -0.007653 0.031173
v -0.066395 0.170326 -0.022411
v -0.071034 0.169944 -0.022296
v -0.071034 0.172949 -0.013410
v -0.066395 0.173332 -0.013525
v -0.071034 0.169944 -0.022296
v -0.075495 0.168810 -0.021955
v -0.075495 0.171815 -0.013069
v -0.071034 0.172949 -0.013410
v -0.075495 0.168810 -0.021955
v -0.079607 0.166969 -0.021400
v -0.079607 0.169975 -0.012515
v -0.075495 0.171815 -0.013069
v -0.079607 0.166969 -0.021400
v -0.083210 0.164492 -0.020655
v -0.083210 0.167498 -0.011769
v -0.079607 0.169975 -0.012515
v -0.083210 0.164492 -0.020655
v -0.086168 0.161474 -0.019746
v -0.086168 0.164479 -0.010860
v -0.083210 0.167498 -0.011769
v -0.086168 0.161474 -0.019746
v -0.088365 0.158030 -0.018709
v -0.088365 0.161035 -0.009823
v -0.086168 0.164479 -0.010860
v -0.088365 0.158030 -0.018709
v -0.089719 0.154294 -0.017584
v -0.089719 0.157299 -0.008698
v -0.088365 0.161035 -0.009823
v -0.089719 0.154294 -0.017584
v -0.090176 0.150408 -0.016414
v -0.090176 0.153413 -0.007528
v -0.089719 0.157299 -0.008698
v 0.186044 -0.023685 0.036000
v 0.190683 -0.023303 0.035884
v 0.190683 -0.020297 0.044770
v 0.186044 -0.020680 0.044885
v 0.190683 -0.023303 0.035884
v 0.195144 -0.022169 0.035543
v 0.195144 -0.019164 0.044429
v 0.190683 -0.020297 0.044770
v 0.195144 -0.022169 0.035543
v 0.199255 -0.020328 0.034989
v 0.199255 -0.017323 0.043875
v 0.195144 -0.019164 0.044429
v 0.199255 -0.020328 0.034989
v 0.202859 -0.017851 0.034243
v 0.202859 -0.014846 0.043129
v 0.199255 -0.017323 0.043875
v 0.202859 -0.017851 0.034243
v 0.205816 -0.014833 0.033335
v 0.205816 -0.011828 0.042220
v 0.202859 -0.014846 0.043129
v 0.205816 -0.014833 0.033335
v 0.208014 -0.011389 0.032298
v 0.208014 -0.008384 0.041183
v 0.205816 -0.011828 0.042220
v 0.208014 -0.011389 0.032298
v 0.209367 -0.007653 0.031173
v 0.209367 -0.004647 0.040059
v 0.208014 -0.008384 0.041183
v 0.209367 -0.007653 0.031173
v 0.209824 -0.003767 0.030003
v 0.209824 -0.000762 0.038889
v 0.209367 -0.004647 0.040059
v 0.186044 0.173332 -0.013525
v 0.190683 0.172949 -0.013410
v 0.190683 0.169944 -0.022296
v 0.186044 0.170326 -0.022411
v 0.190683 0.172949 -0.013410
v 0.195144 0.171815 -0.013069
v 0.195144 0.168810 -0.021955
v 0.190683 0.169944 -0.022296
v 0.195144 0.171815 -0.013069
v 0.199255 0.169975 -0.012515
v 0.199255 0.166969 -0.021400
v 0.195144 0.168810 -0.021955
v 0.199255 0.169975 -0.012515
v 0.202859 0.167498 -0.011769
v 0.202859 0.164492 -0.020655
v 0.199255 0.166969 -0.021400
v 0.202859 0.167498 -0.011769
v 0.205816 0.164479 -0.010860
v 0.205816 0.161474 -0.019746
v 0.202859 0.164492 -0.020655
v 0.205816 0.164479 -0.010860
v 0.208014 0.161035 -0.009823
v 0.208014 0.158030 -0.018709
v 0.205816 0.161474 -0.019746
v 0.208014 0.161035 -0.009823
v 0.209367 0.157299 -0.008698
v 0.209367 0.154294 -0.017584
v 0.208014 0.158030 -0.018709
v 0.209367 0.157299 -0.008698
v 0.209824 0.153413 -0.007528
v 0.209824 0.150408 -0.016414
v 0.209367 0.154294 -0.017584
v 0.186044 0.005594 0.057681
v 0.186044 0.001586 0.058490
v 0.190683 0.005472 0.057320
v 0.190683 0.005472 0.057320
v 0.192479 -0.000279 0.057874
v 0.195144 0.005111 0.056251
v 0.190683 0.005472 0.057320
v 0.186044 0.001586 0.058490
v 0.192479 -0.000279 0.057874
v 0.186044 0.001586 0.058490
v 0.186044 -0.002512 0.058546
v 0.192479 -0.000279 0.057874
v 0.195144 0.005111 0.056251
v 0.197485 -0.001010 0.056180
v 0.199255 0.004523 0.054514
v 0.195144 0.005111 0.056251
v 0.192479 -0.000279 0.057874
v 0.197485 -0.001010 0.056180
v 0.192479 -0.000279 0.057874
v 0.192650 -0.005060 0.057400
v 0.197485 -0.001010 0.056180
v 0.192479 -0.000279 0.057874
v 0.186044 -0.002512 0.058546
v 0.192650 -0.005060 0.057400
v 0.186044 -0.002512 0.058546
v 0.186044 -0.006543 0.057846
v 0.192650 -0.005060 0.057400
v 0.199255 0.004523 0.054514
v 0.201579 -0.001657 0.053800
v 0.202859 0.003733 0.052177
v 0.199255 0.004523 0.054514
v 0.197485 -0.001010 0.056180
v 0.201579 -0.001657 0.053800
v 0.197485 -0.001010 0.056180
v 0.197934 -0.006226 0.055175
v 0.201579 -0.001657 0.053800
v 0.197485 -0.001010 0.056180
v 0.192650 -0.005060 0.057400
v 0.197934 -0.006226 0.055175
v 0.192650 -0.005060 0.057400
v 0.192479 -0.009280 0.056095
v 0.197934 -0.006226 0.055175
v 0.192650 -0.005060 0.057400
v 0.186044 -0.006543 0.057846
v 0.192479 -0.009280 0.056095
v 0.186044 -0.006543 0.057846
v 0.186044 -0.010352 0.056417
v 0.192479 -0.009280 0.056095
v 0.202859 0.003733 0.052177
v 0.204849 -0.002348 0.050870
v 0.205816 0.002770 0.049329
v 0.202859 0.003733 0.052177
v 0.201579 -0.001657 0.053800
v 0.204849 -0.002348 0.050870
v 0.201579 -0.001657 0.053800
v 0.202040 -0.006965 0.052260
v 0.204849 -0.002348 0.050870
v 0.201579 -0.001657 0.053800
v 0.197934 -0.006226 0.055175
v 0.202040 -0.006965 0.052260
v 0.197934 -0.006226 0.055175
v 0.197666 -0.010629 0.053363
v 0.202040 -0.006965 0.052260
v 0.197934 -0.006226 0.055175
v 0.192479 -0.009280 0.056095
v 0.197666 -0.010629 0.053363
v 0.192479 -0.009280 0.056095
v 0.192154 -0.012981 0.054072
v 0.197666 -0.010629 0.053363
v 0.192479 -0.009280 0.056095
v 0.186044 -0.010352 0.056417
v 0.192154 -0.012981 0.054072
v 0.186044 -0.010352 0.056417
v 0.186044 -0.013792 0.054316
v 0.192154 -0.012981 0.054072
v 0.205816 0.002770 0.049329
v 0.207266 -0.003092 0.047514
v 0.208014 0.001671 0.046080
v 0.205816 0.002770 0.049329
v 0.204849 -0.002348 0.050870
v 0.207266 -0.003092 0.047514
v 0.204849 -0.002348 0.050870
v 0.205071 -0.007530 0.048850
v 0.207266 -0.003092 0.047514
v 0.204849 -0.002348 0.050870
v 0.202040 -0.006965 0.052260
v 0.205071 -0.007530 0.048850
v 0.202040 -0.006965 0.052260
v 0.201579 -0.011342 0.049998
v 0.205071 -0.007530 0.048850
v 0.202040 -0.006965 0.052260
v 0.197666 -0.010629 0.053363
v 0.201579 -0.011342 0.049998
v 0.197666 -0.010629 0.053363
v 0.197029 -0.014266 0.050878
v 0.201579 -0.011342 0.049998
v 0.197666 -0.010629 0.053363
v 0.192154 -0.012981 0.054072
v 0.197029 -0.014266 0.050878
v 0.192154 -0.012981 0.054072
v 0.191730 -0.016104 0.051432
v 0.197029 -0.014266 0.050878
v 0.192154 -0.012981 0.054072
v 0.186044 -0.013792 0.054316
v 0.191730 -0.016104 0.051432
v 0.186044 -0.013792 0.054316
v 0.186044 -0.016731 0.051621
v 0.191730 -0.016104 0.051432
v 0.208014 0.001671 0.046080
v 0.208782 -0.003869 0.043864
v 0.209367 0.000479 0.042555
v 0.208014 0.001671 0.046080
v 0.207266 -0.003092 0.047514
v 0.208782 -0.003869 0.043864
v 0.207266 -0.003092 0.047514
v 0.207057 -0.007998 0.045107
v 0.208782 -0.003869 0.043864
v 0.207266 -0.003092 0.047514
v 0.205071 -0.007530 0.048850
v 0.207057 -0.007998 0.045107
v 0.205071 -0.007530 0.048850
v 0.204279 -0.011702 0.046222
v 0.207057 -0.007998 0.045107
v 0.205071 -0.007530 0.048850
v 0.201579 -0.011342 0.049998
v 0.204279 -0.011702 0.046222
v 0.201579 -0.011342 0.049998
v 0.200586 -0.014795 0.047153
v 0.204279 -0.011702 0.046222
v 0.201579 -0.011342 0.049998
v 0.197029 -0.014266 0.050878
v 0.200586 -0.014795 0.047153
v 0.197029 -0.014266 0.050878
v 0.196164 -0.017123 0.047854
v 0.200586 -0.014795 0.047153
v 0.197029 -0.014266 0.050878
v 0.191730 -0.016104 0.051432
v 0.196164 -0.017123 0.047854
v 0.191730 -0.016104 0.051432
v 0.191234 -0.018567 0.048289
v 0.196164 -0.017123 0.047854
v 0.191730 -0.016104 0.051432
v 0.186044 -0.016731 0.051621
v 0.191234 -0.018567 0.048289
v 0.186044 -0.016731 0.051621
v 0.186044 -0.019057 0.048436
v 0.191234 -0.018567 0.048289
v 0.209367 0.000479 0.042555
v 0.209367 -0.004647 0.040059
v 0.209824 -0.000762 0.038889
v 0.209367 0.000479 0.042555
v 0.208782 -0.003869 0.043864
v 0.209367 -0.004647 0.040059
v 0.208782 -0.003869 0.043864
v 0.208014 -0.008384 0.041183
v 0.209367 -0.004647 0.040059
v 0.208782 -0.003869 0.043864
v 0.207057 -0.007998 0.045107
v 0.208014 -0.008384 0.041183
v 0.207057 -0.007998 0.045107
v 0.205816 -0.011828 0.042220
v 0.208014 -0.008384 0.041183
v 0.207057 -0.007998 0.045107
v 0.204279 -0.011702 0.046222
v 0.205816 -0.011828 0.042220
v 0.204279 -0.011702 0.046222
v 0.202859 -0.014846 0.043129
v 0.205816 -0.011828 0.042220
v 0.204279 -0.011702 0.046222
v 0.200586 -0.014795 0.047153
v 0.202859 -0.014846 0.043129
v 0.200586 -0.014795 0.047153
v 0.199255 -0.017323 0.043875
v 0.202859 -0.014846 0.043129
v 0.200586 -0.014795 0.047153
v 0.196164 -0.017123 0.047854
v 0.199255 -0.017323 0.043875
v 0.196164 -0.017123 0.047854
v 0.195144 -0.019164 0.044429
v 0.199255 -0.017323 0.043875
v 0.196164 -0.017123 0.047854
v 0.191234 -0.018567 0.048289
v 0.195144 -0.019164 0.044429
v 0.191234 -0.018567 0.048289
v 0.190683 -0.020297 0.044770
v 0.195144 -0.019164 0.044429
v 0.191234 -0.018567 0.048289
v 0.186044 -0.019057 0.048436
v 0.190683 -0.020297 0.044770
v 0.186044 -0.019057 0.048436
v 0.186044 -0.020680 0.044885
v 0.190683 -0.020297 0.044770
v -0.066395 0.005594 0.057681
v -0.071034 0.005472 0.057320
v -0.066395 0.001586 0.058490
v -0.071034 0.005472 0.057320
v -0.075495 0.005111 0.056251
v -0.072830 -0.000279 0.057874
v -0.071034 0.005472 0.057320
v -0.072830 -0.000279 0.057874
v -0.066395 0.001586 0.058490
v -0.066395 0.001586 0.058490
v -0.072830 -0.000279 0.057874
v -0.066395 -0.002512 0.058546
v -0.075495 0.005111 0.056251
v -0.079607 0.004523 0.054514
v -0.077837 -0.001010 0.056180
v -0.075495 0.005111 0.056251
v -0.077837 -0.001010 0.056180
v -0.072830 -0.000279 0.057874
v -0.072830 -0.000279 0.057874
v -0.077837 -0.001010 0.056180
v -0.073001 -0.005060 0.057400
v -0.072830 -0.000279 0.057874
v -0.073001 -0.005060 0.057400
v -0.066395 -0.002512 0.058546
v -0.066395 -0.002512 0.058546
v -0.073001 -0.005060 0.057400
v -0.066395 -0.006543 0.057846
v -0.079607 0.004523 0.054514
v -0.083210 0.003733 0.052177
v -0.081930 -0.001657 0.053800
v -0.079607 0.004523 0.054514
v -0.081930 -0.001657 0.053800
v -0.077837 -0.001010 0.056180
v -0.077837 -0.001010 0.056180
v -0.081930 -0.001657 0.053800
v -0.078285 -0.006226 0.055175
v -0.077837 -0.001010 0.056180
v -0.078285 -0.006226 0.055175
v -0.073001 -0.005060 0.057400
v -0.073001 -0.005060 0.057400
v -0.078285 -0.006226 0.055175
v -0.072830 -0.009280 0.056095
v -0.073001 -0.005060 0.057400
v -0.072830 -0.009280 0.056095
v -0.066395 -0.006543 0.057846
v -0.066395 -0.006543 0.057846
v -0.072830 -0.009280 0.056095
v -0.066395 -0.010352 0.056417
v -0.083210 0.003733 0.052177
v -0.086168 0.002770 0.049329
v -0.085200 -0.002348 0.050870
v -0.083210 0.003733 0.052177
v -0.085200 -0.002348 0.050870
v -0.081930 -0.001657 0.053800
v -0.081930 -0.001657 0.053800
v -0.085200 -0.002348 0.050870
v -0.082392 -0.006965 0.052260
v -0.081930 -0.001657 0.053800
v -0.082392 -0.006965 0.052260
v -0.078285 -0.006226 0.055175
v -0.078285 -0.006226 0.055175
v -0.082392 -0.006965 0.052260
v -0.078017 -0.010629 0.053363
v -0.078285 -0.006226 0.055175
v -0.078017 -0.010629 0.053363
v -0.072830 -0.009280 0.056095
v -0.072830 -0.009280 0.056095
v -0.078017 -0.010629 0.053363
v -0.072505 -0.012981 0.054072
v -0.072830 -0.009280 0.056095
v -0.072505 -0.012981 0.054072
v -0.066395 -0.010352 0.056417
v -0.066395 -0.010352 0.056417
v -0.072505 -0.012981 0.054072
v -0.066395 -0.013792 0.054316
v -0.086168 0.002770 0.049329
v -0.088365 0.001671 0.046080
v -0.087617 -0.003092 0.047514
v -0.086168 0.002770 0.049329
v -0.087617 -0.003092 0.047514
v -0.085200 -0.002348 0.050870
v -0.085200 -0.002348 0.050870
v -0.087617 -0.003092 0.047514
v -0.085422 -0.007530 0.048850
v -0.085200 -0.002348 0.050870
v -0.085422 -0.007530 0.048850
v -0.082392 -0.006965 0.052260
v -0.082392 -0.006965 0.052260
v -0.085422 -0.007530 0.048850
v -0.081930 -0.011342 0.049998
v -0.082392 -0.006965 0.052260
v -0.081930 -0.011342 0.049998
v -0.078017 -0.010629 0.053363
v -0.078017 -0.010629 0.053363
v -0.081930 -0.011342 0.049998
v -0.077380 -0.014266 0.050878
v -0.078017 -0.010629 0.053363
v -0.077380 -0.014266 0.050878
v -0.072505 -0.012981 0.054072
v -0.072505 -0.012981 0.054072
v -0.077380 -0.014266 0.050878
v -0.072081 -0.016104 0.051432
v -0.072505 -0.012981 0.054072
v -0.072081 -0.016104 0.051432
v -0.066395 -0.013792 0.054316
v -0.066395 -0.013792 0.054316
v -0.072081 -0.016104 0.051432
v -0.066395 -0.016731 0.051621
v -0.088365 0.001671 0.046080
v -0.089719 0.000479 0.042555
v -0.089134 -0.003869 0.043864
v -0.088365 0.001671 0.046080
v -0.089134 -0.003869 0.043864
v -0.087617 -0.003092 0.047514
v -0.087617 -0.003092 0.047514
v -0.089134 -0.003869 0.043864
v -0.087409 -0.007998 0.045107
v -0.087617 -0.003092 0.047514
v -0.087409 -0.007998 0.045107
v -0.085422 -0.007530 0.048850
v -0.085422 -0.007530 0.048850
v -0.087409 -0.007998 0.045107
v -0.084630 -0.011702 0.046222
v -0.085422 -0.007530 0.048850
v -0.084630 -0.011702 0.046222
v -0.081930 -0.011342 0.049998
v -0.081930 -0.011342 0.049998
v -0.084630 -0.011702 0.046222
v -0.080937 -0.014795 0.047153
v -0.081930 -0.011342 0.049998
v -0.080937 -0.014795 0.047153
v -0.077380 -0.014266 0.050878
v -0.077380 -0.014266 0.050878
v -0.080937 -0.014795 0.047153
v -0.076515 -0.017123 0.047854
v -0.077380 -0.014266 0.050878
v -0.076515 -0.017123 0.047854
v -0.072081 -0.016104 0.051432
v -0.072081 -0.016104 0.051432
v -0.076515 -0.017123 0.047854
v -0.071585 -0.018567 0.048289
v -0.072081 -0.016104 0.051432
v -0.071585 -0.018567 0.048289
v -0.066395 -0.016731 0.051621
v -0.066395 -0.016731 0.051621
v -0.071585 -0.018567 0.048289
v -0.066395 -0.019057 0.048436
v -0.089719 0.000479 0.042555
v -0.090176 -0.000762 0.038889
v -0.089719 -0.004647 0.040059
v -0.089719 0.000479 0.042555
v -0.089719 -0.004647 0.040059
v -0.089134 -0.003869 0.043864
v -0.089134 -0.003869 0.043864
v -0.089719 -0.004647 0.040059
v -0.088365 -0.008384 0.041183
v -0.089134 -0.003869 0.043864
v -0.088365 -0.008384 0.041183
v -0.087409 -0.007998 0.045107
v -0.087409 -0.007998 0.045107
v -0.088365 -0.008384 0.041183
v -0.086168 -0.011828 0.042220
v -0.087409 -0.007998 0.045107
v -0.086168 -0.011828 0.042220
v -0.084630 -0.011702 0.046222
v -0.084630 -0.011702 0.046222
v -0.086168 -0.011828 0.042220
v -0.083210 -0.014846 0.043129
v -0.084630 -0.011702 0.046222
v -0.083210 -0.014846 0.043129
v -0.080937 -0.014795 0.047153
v -0.080937 -0.014795 0.047153
v -0.083210 -0.014846 0.043129
v -0.079607 -0.017323 0.043875
v -0.080937 -0.014795 0.047153
v -0.079607 -0.017323 0.043875
v -0.076515 -0.017123 0.047854
v -0.076515 -0.017123 0.047854
v -0.079607 -0.017323 0.043875
v -0.075495 -0.019164 0.044429
v -0.076515 -0.017123 0.047854
v -0.075495 -0.019164 0.044429
v -0.071585 -0.018567 0.048289
v -0.071585 -0.018567 0.048289
v -0.075495 -0.019164 0.044429
v -0.071034 -0.020297 0.044770
v -0.071585 -0.018567 0.048289
v -0.071034 -0.020297 0.044770
v -0.066395 -0.019057 0.048436
v -0.066395 -0.019057 0.048436
v -0.071034 -0.020297 0.044770
v -0.066395 -0.020680 0.044885
v 0.186044 -0.010123 0.011210
v 0.190683 -0.010001 0.011571
v 0.186044 -0.013887 0.012741
v 0.190683 -0.010001 0.011571
v 0.195144 -0.009639 0.012640
v 0.192479 -0.015029 0.014263
v 0.190683 -0.010001 0.011571
v 0.192479 -0.015029 0.014263
v 0.186044 -0.013887 0.012741
v 0.186044 -0.013887 0.012741
v 0.192479 -0.015029 0.014263
v 0.186044 -0.017261 0.014935
v 0.195144 -0.009639 0.012640
v 0.199255 -0.009052 0.014377
v 0.197485 -0.014585 0.016043
v 0.195144 -0.009639 0.012640
v 0.197485 -0.014585 0.016043
v 0.192479 -0.015029 0.014263
v 0.192479 -0.015029 0.014263
v 0.197485 -0.014585 0.016043
v 0.192650 -0.018635 0.017263
v 0.192479 -0.015029 0.014263
v 0.192650 -0.018635 0.017263
v 0.186044 -0.017261 0.014935
v 0.186044 -0.017261 0.014935
v 0.192650 -0.018635 0.017263
v 0.186044 -0.020118 0.017709
v 0.199255 -0.009052 0.014377
v 0.202859 -0.008261 0.016714
v 0.201579 -0.013651 0.018337
v 0.199255 -0.009052 0.014377
v 0.201579 -0.013651 0.018337
v 0.197485 -0.014585 0.016043
v 0.197485 -0.014585 0.016043
v 0.201579 -0.013651 0.018337
v 0.197934 -0.018220 0.019713
v 0.197485 -0.014585 0.016043
v 0.197934 -0.018220 0.019713
v 0.192650 -0.018635 0.017263
v 0.192650 -0.018635 0.017263
v 0.197934 -0.018220 0.019713
v 0.192479 -0.021274 0.020632
v 0.192650 -0.018635 0.017263
v 0.192479 -0.021274 0.020632
v 0.186044 -0.020118 0.017709
v 0.186044 -0.020118 0.017709
v 0.192479 -0.021274 0.020632
v 0.186044 -0.022346 0.020955
v 0.202859 -0.008261 0.016714
v 0.205816 -0.007298 0.019562
v 0.204849 -0.012416 0.021103
v 0.202859 -0.008261 0.016714
v 0.204849 -0.012416 0.021103
v 0.201579 -0.013651 0.018337
v 0.201579 -0.013651 0.018337
v 0.204849 -0.012416 0.021103
v 0.202040 -0.017033 0.022493
v 0.201579 -0.013651 0.018337
v 0.202040 -0.017033 0.022493
v 0.197934 -0.018220 0.019713
v 0.197934 -0.018220 0.019713
v 0.202040 -0.017033 0.022493
v 0.197666 -0.020697 0.023596
v 0.197934 -0.018220 0.019713
v 0.197666 -0.020697 0.023596
v 0.192479 -0.021274 0.020632
v 0.192479 -0.021274 0.020632
v 0.197666 -0.020697 0.023596
v 0.192154 -0.023049 0.024304
v 0.192479 -0.021274 0.020632
v 0.192154 -0.023049 0.024304
v 0.186044 -0.022346 0.020955
v 0.186044 -0.022346 0.020955
v 0.192154 -0.023049 0.024304
v 0.186044 -0.023860 0.024548
v 0.205816 -0.007298 0.019562
v 0.208014 -0.006199 0.022811
v 0.207266 -0.010962 0.024245
v 0.205816 -0.007298 0.019562
v 0.207266 -0.010962 0.024245
v 0.204849 -0.012416 0.021103
v 0.204849 -0.012416 0.021103
v 0.207266 -0.010962 0.024245
v 0.205071 -0.015400 0.025581
v 0.204849 -0.012416 0.021103
v 0.205071 -0.015400 0.025581
v 0.202040 -0.017033 0.022493
v 0.202040 -0.017033 0.022493
v 0.205071 -0.015400 0.025581
v 0.201579 -0.019212 0.026729
v 0.202040 -0.017033 0.022493
v 0.201579 -0.019212 0.026729
v 0.197666 -0.020697 0.023596
v 0.197666 -0.020697 0.023596
v 0.201579 -0.019212 0.026729
v 0.197029 -0.022136 0.027609
v 0.197666 -0.020697 0.023596
v 0.197029 -0.022136 0.027609
v 0.192154 -0.023049 0.024304
v 0.192154 -0.023049 0.024304
v 0.197029 -0.022136 0.027609
v 0.191730 -0.023975 0.028163
v 0.192154 -0.023049 0.024304
v 0.191730 -0.023975 0.028163
v 0.186044 -0.023860 0.024548
v 0.186044 -0.023860 0.024548
v 0.191730 -0.023975 0.028163
v 0.186044 -0.024602 0.028352
v 0.208014 -0.006199 0.022811
v 0.209367 -0.005007 0.026337
v 0.208782 -0.009354 0.027645
v 0.208014 -0.006199 0.022811
v 0.208782 -0.009354 0.027645
v 0.207266 -0.010962 0.024245
v 0.207266 -0.010962 0.024245
v 0.208782 -0.009354 0.027645
v 0.207057 -0.013483 0.028888
v 0.207266 -0.010962 0.024245
v 0.207057 -0.013483 0.028888
v 0.205071 -0.015400 0.025581
v 0.205071 -0.015400 0.025581
v 0.207057 -0.013483 0.028888
v 0.204279 -0.017187 0.030004
v 0.205071 -0.015400 0.025581
v 0.204279 -0.017187 0.030004
v 0.201579 -0.019212 0.026729
v 0.201579 -0.019212 0.026729
v 0.204279 -0.017187 0.030004
v 0.200586 -0.020281 0.030935
v 0.201579 -0.019212 0.026729
v 0.200586 -0.020281 0.030935
v 0.197029 -0.022136 0.027609
v 0.197029 -0.022136 0.027609
v 0.200586 -0.020281 0.030935
v 0.196164 -0.022608 0.031636
v 0.197029 -0.022136 0.027609
v 0.196164 -0.022608 0.031636
v 0.191730 -0.023975 0.028163
v 0.191730 -0.023975 0.028163
v 0.196164 -0.022608 0.031636
v 0.191234 -0.024053 0.032071
v 0.191730 -0.023975 0.028163
v 0.191234 -0.024053 0.032071
v 0.186044 -0.024602 0.028352
v 0.186044 -0.024602 0.028352
v 0.191234 -0.024053 0.032071
v 0.186044 -0.024543 0.032218
v 0.209367 -0.005007 0.026337
v 0.209824 -0.003767 0.030003
v 0.209367 -0.007653 0.031173
v 0.209367 -0.005007 0.026337
v 0.209367 -0.007653 0.031173
v 0.208782 -0.009354 0.027645
v 0.208782 -0.009354 0.027645
v 0.209367 -0.007653 0.031173
v 0.208014 -0.011389 0.032298
v 0.208782 -0.009354 0.027645
v 0.208014 -0.011389 0.032298
v 0.207057 -0.013483 0.028888
v 0.207057 -0.013483 0.028888
v 0.208014 -0.011389 0.032298
v 0.205816 -0.014833 0.033335
v 0.207057 -0.013483 0.028888
v 0.205816 -0.014833 0.033335
v 0.204279 -0.017187 0.030004
v 0.204279 -0.017187 0.030004
v 0.205816 -0.014833 0.033335
v 0.202859 -0.017851 0.034243
v 0.204279 -0.017187 0.030004
v 0.202859 -0.017851 0.034243
v 0.200586 -0.020281 0.030935
v 0.200586 -0.020281 0.030935
v 0.202859 -0.017851 0.034243
v 0.199255 -0.020328 0.034989
v 0.200586 -0.020281 0.030935
v 0.199255 -0.020328 0.034989
v 0.196164 -0.022608 0.031636
v 0.196164 -0.022608 0.031636
v 0.199255 -0.020328 0.034989
v 0.195144 -0.022169 0.035543
v 0.196164 -0.022608 0.031636
v 0.195144 -0.022169 0.035543
v 0.191234 -0.024053 0.032071
v 0.191234 -0.024053 0.032071
v 0.195144 -0.022169 0.035543
v 0.190683 -0.023303 0.035884
v 0.191234 -0.024053 0.032071
v 0.190683 -0.023303 0.035884
v 0.186044 -0.024543 0.032218
v 0.186044 -0.024543 0.032218
v 0.190683 -0.023303 0.035884
v 0.186044 -0.023685 0.036000
v -0.066395 -0.010123 0.011210
v -0.066395 -0.013887 0.012741
v -0.071034 -0.010001 0.011571
v -0.071034 -0.010001 0.011571
v -0.072830 -0.015029 0.014263
v -0.075495 -0.009639 0.012640
v -0.071034 -0.010001 0.011571
v -0.066395 -0.013887 0.012741
v -0.072830 -0.015029 0.014263
v -0.066395 -0.013887 0.012741
v -0.066395 -0.017261 0.014935
v -0.072830 -0.015029 0.014263
v -0.075495 -0.009639 0.012640
v -0.077837 -0.014585 0.016043
v -0.079607 -0.009052 0.014377
v -0.075495 -0.009639 0.012640
v -0.072830 -0.015029 0.014263
v -0.077837 -0.014585 0.016043
v -0.072830 -0.015029 0.014263
v -0.073001 -0.018635 0.017263
v -0.077837 -0.014585 0.016043
v -0.072830 -0.015029 0.014263
v -0.066395 -0.017261 0.014935
v -0.073001 -0.018635 0.017263
v -0.066395 -0.017261 0.014935
v -0.066395 -0.020118 0.017709
v -0.073001 -0.018635 0.017263
v -0.079607 -0.009052 0.014377
v -0.081930 -0.013651 0.018337
v -0.083210 -0.008261 0.016714
v -0.079607 -0.009052 0.014377
v -0.077837 -0.014585 0.016043
v -0.081930 -0.013651 0.018337
v -0.077837 -0.014585 0.016043
v -0.078285 -0.018220 0.019713
v -0.081930 -0.013651 0.018337
v -0.077837 -0.014585 0.016043
v -0.073001 -0.018635 0.017263
v -0.078285 -0.018220 0.019713
v -0.073001 -0.018635 0.017263
v -0.072830 -0.021274 0.020632
v -0.078285 -0.018220 0.019713
v -0.073001 -0.018635 0.017263
v -0.066395 -0.020118 0.017709
v -0.072830 -0.021274 0.020632
v -0.066395 -0.020118 0.017709
v -0.066395 -0.022346 0.020955
v -0.072830 -0.021274 0.020632
v -0.083210 -0.008261 0.016714
v -0.085200 -0.012416 0.021103
v -0.086168 -0.007298 0.019562
v -0.083210 -0.008261 0.016714
v -0.081930 -0.013651 0.018337
v -0.085200 -0.012416 0.021103
v -0.081930 -0.013651 0.018337
v -0.082392 -0.017033 0.022493
v -0.085200 -0.012416 0.021103
v -0.081930 -0.013651 0.018337
v -0.078285 -0.018220 0.019713
v -0.082392 -0.017033 0.022493
v -0.078285 -0.018220 0.019713
v -0.078017 -0.020697 0.023596
v -0.082392 -0.017033 0.022493
v -0.078285 -0.018220 0.019713
v -0.072830 -0.021274 0.020632
v -0.078017 -0.020697 0.023596
v -0.072830 -0.021274 0.020632
v -0.072505 -0.023049 0.024304
v -0.078017 -0.020697 0.023596
v -0.072830 -0.021274 0.020632
v -0.066395 -0.022346 0.020955
v -0.072505 -0.023049 0.024304
v -0.066395 -0.022346 0.020955
v -0.066395 -0.023860 0.024548
v -0.072505 -0.023049 0.024304
v -0.086168 -0.007298 0.019562
v -0.087617 -0.010962 0.024245
v -0.088365 -0.006199 0.022811
v -0.086168 -0.007298 0.019562
v -0.085200 -0.012416 0.021103
v -0.087617 -0.010962 0.024245
v -0.085200 -0.012416 0.021103
v -0.085422 -0.015400 0.025581
v -0.087617 -0.010962 0.024245
v -0.085200 -0.012416 0.021103
v -0.082392 -0.017033 0.022493
v -0.085422 -0.015400 0.025581
v -0.082392 -0.017033 0.022493
v -0.081930 -0.019212 0.026729
v -0.085422 -0.015400 0.025581
v -0.082392 -0.017033 0.022493
v -0.078017 -0.020697 0.023596
v -0.081930 -0.019212 0.026729
v -0.078017 -0.020697 0.023596
v -0.077380 -0.022136 0.027609
v -0.081930 -0.019212 0.026729
v -0.078017 -0.020697 0.023596
v -0.072505 -0.023049 0.024304
v -0.077380 -0.022136 0.027609
v -0.072505 -0.023049 0.024304
v -0.072081 -0.023975 0.028163
v -0.077380 -0.022136 0.027609
v -0.072505 -0.023049 0.024304
v -0.066395 -0.023860 0.024548
v -0.072081 -0.023975 0.028163
v -0.066395 -0.023860 0.024548
v -0.066395 -0.024602 0.028352
v -0.072081 -0.023975 0.028163
v -0.088365 -0.006199 0.022811
v -0.089134 -0.009354 0.027645
v -0.089719 -0.005007 0.026337
v -0.088365 -0.006199 0.022811
v -0.087617 -0.010962 0.024245
v -0.089134 -0.009354 0.027645
v -0.087617 -0.010962 0.024245
v -0.087409 -0.013483 0.028888
v -0.089134 -0.009354 0.027645
v -0.087617 -0.010962 0.024245
v -0.085422 -0.015400 0.025581
v -0.087409 -0.013483 0.028888
v -0.085422 -0.015400 0.025581
v -0.084630 -0.017187 0.030004
v -0.087409 -0.013483 0.028888
v -0.085422 -0.015400 0.025581
v -0.081930 -0.019212 0.026729
v -0.084630 -0.017187 0.030004
v -0.081930 -0.019212 0.026729
v -0.080937 -0.020281 0.030935
v -0.084630 -0.017187 0.030004
v -0.081930 -0.019212 0.026729
v -0.077380 -0.022136 0.027609
v -0.080937 -0.020281 0.030935
v -0.077380 -0.022136 0.027609
v -0.076515 -0.022608 0.031636
v -0.080937 -0.020281 0.030935
v -0.077380 -0.022136 0.027609
v -0.072081 -0.023975 0.028163
v -0.076515 -0.022608 0.031636
v -0.072081 -0.023975 0.028163
v -0.071585 -0.024053 0.032071
v -0.076515 -0.022608 0.031636
v -0.072081 -0.023975 0.028163
v -0.066395 -0.024602 0.028352
v -0.071585 -0.024053 0.032071
v -0.066395 -0.024602 0.028352
v -0.066395 -0.024543 0.032218
v -0.071585 -0.024053 0.032071
v -0.089719 -0.005007 0.026337
v -0.089719 -0.007653 0.031173
v -0.090176 -0.003767 0.030003
v -0.089719 -0.005007 0.026337
v -0.089134 -0.009354 0.027645
v -0.089719 -0.007653 0.031173
v -0.089134 -0.009354 0.027645
v -0.088365 -0.011389 0.032298
v -0.089719 -0.007653 0.031173
v -0.089134 -0.009354 0.027645
v -0.087409 -0.013483 0.028888
v -0.088365 -0.011389 0.032298
v -0.087409 -0.013483 0.028888
v -0.086168 -0.014833 0.033335
v -0.088365 -0.011389 0.032298
v -0.087409 -0.013483 0.028888
v -0.084630 -0.017187 0.030004
v -0.086168 -0.014833 0.033335
v -0.084630 -0.017187 0.030004
v -0.083210 -0.017851 0.034243
v -0.086168 -0.014833 0.033335
v -0.084630 -0.017187 0.030004
v -0.080937 -0.020281 0.030935
v -0.083210 -0.017851 0.034243
v -0.080937 -0.020281 0.030935
v -0.079607 -0.020328 0.034989
v -0.083210 -0.017851 0.034243
v -0.080937 -0.020281 0.030935
v -0.076515 -0.022608 0.031636
v -0.079607 -0.020328 0.034989
v -0.076515 -0.022608 0.031636
v -0.075495 -0.022169 0.035543
v -0.079607 -0.020328 0.034989
v -0.076515 -0.022608 0.031636
v -0.071585 -0.024053 0.032071
v -0.075495 -0.022169 0.035543
v -0.071585 -0.024053 0.032071
v -0.071034 -0.023303 0.035884
v -0.075495 -0.022169 0.035543
v -0.071585 -0.024053 0.032071
v -0.066395 -0.024543 0.032218
v -0.071034 -0.023303 0.035884
v -0.066395 -0.024543 0.032218
v -0.066395 -0.023685 0.036000
v -0.071034 -0.023303 0.035884
v 0.186044 0.159769 0.011264
v 0.190683 0.159647 0.010903
v 0.186044 0.163533 0.009733
v 0.190683 0.159647 0.010903
v 0.195144 0.159285 0.009834
v 0.192479 0.164675 0.008211
v 0.190683 0.159647 0.010903
v 0.192479 0.164675 0.008211
v 0.186044 0.163533 0.009733
v 0.186044 0.163533 0.009733
v 0.192479 0.164675 0.008211
v 0.186044 0.166908 0.007539
v 0.195144 0.159285 0.009834
v 0.199255 0.158698 0.008097
v 0.197485 0.164231 0.006431
v 0.195144 0.159285 0.009834
v 0.197485 0.164231 0.006431
v 0.192479 0.164675 0.008211
v 0.192479 0.164675 0.008211
v 0.197485 0.164231 0.006431
v 0.192650 0.168281 0.005212
v 0.192479 0.164675 0.008211
v 0.192650 0.168281 0.005212
v 0.186044 0.166908 0.007539
v 0.186044 0.166908 0.007539
v 0.192650 0.168281 0.005212
v 0.186044 0.169764 0.004766
v 0.199255 0.158698 0.008097
v 0.202859 0.157907 0.005760
v 0.201579 0.163297 0.004137
v 0.199255 0.158698 0.008097
v 0.201579 0.163297 0.004137
v 0.197485 0.164231 0.006431
v 0.197485 0.164231 0.006431
v 0.201579 0.163297 0.004137
v 0.197934 0.167867 0.002762
v 0.197485 0.164231 0.006431
v 0.197934 0.167867 0.002762
v 0.192650 0.168281 0.005212
v 0.192650 0.168281 0.005212
v 0.197934 0.167867 0.002762
v 0.192479 0.170920 0.001842
v 0.192650 0.168281 0.005212
v 0.192479 0.170920 0.001842
v 0.186044 0.169764 0.004766
v 0.186044 0.169764 0.004766
v 0.192479 0.170920 0.001842
v 0.186044 0.171992 0.001520
v 0.202859 0.157907 0.005760
v 0.205816 0.156944 0.002912
v 0.204849 0.162062 0.001371
v 0.202859 0.157907 0.005760
v 0.204849 0.162062 0.001371
v 0.201579 0.163297 0.004137
v 0.201579 0.163297 0.004137
v 0.204849 0.162062 0.001371
v 0.202040 0.166679 -0.000019
v 0.201579 0.163297 0.004137
v 0.202040 0.166679 -0.000019
v 0.197934 0.167867 0.002762
v 0.197934 0.167867 0.002762
v 0.202040 0.166679 -0.000019
v 0.197666 0.170343 -0.001122
v 0.197934 0.167867 0.002762
v 0.197666 0.170343 -0.001122
v 0.192479 0.170920 0.001842
v 0.192479 0.170920 0.001842
v 0.197666 0.170343 -0.001122
v 0.192154 0.172695 -0.001830
v 0.192479 0.170920 0.001842
v 0.192154 0.172695 -0.001830
v 0.186044 0.171992 0.001520
v 0.186044 0.171992 0.001520
v 0.192154 0.172695 -0.001830
v 0.186044 0.173506 -0.002074
v 0.205816 0.156944 0.002912
v 0.208014 0.155845 -0.000337
v 0.207266 0.160608 -0.001771
v 0.205816 0.156944 0.002912
v 0.207266 0.160608 -0.001771
v 0.204849 0.162062 0.001371
v 0.204849 0.162062 0.001371
v 0.207266 0.160608 -0.001771
v 0.205071 0.165047 -0.003107
v 0.204849 0.162062 0.001371
v 0.205071 0.165047 -0.003107
v 0.202040 0.166679 -0.000019
v 0.202040 0.166679 -0.000019
v 0.205071 0.165047 -0.003107
v 0.201579 0.168858 -0.004254
v 0.202040 0.166679 -0.000019
v 0.201579 0.168858 -0.004254
v 0.197666 0.170343 -0.001122
v 0.197666 0.170343 -0.001122
v 0.201579 0.168858 -0.004254
v 0.197029 0.171782 -0.005135
v 0.197666 0.170343 -0.001122
v 0.197029 0.171782 -0.005135
v 0.192154 0.172695 -0.001830
v 0.192154 0.172695 -0.001830
v 0.197029 0.171782 -0.005135
v 0.191730 0.173621 -0.005688
v 0.192154 0.172695 -0.001830
v 0.191730 0.173621 -0.005688
v 0.186044 0.173506 -0.002074
v 0.186044 0.173506 -0.002074
v 0.191730 0.173621 -0.005688
v 0.186044 0.174248 -0.005877
v 0.208014 0.155845 -0.000337
v 0.209367 0.154653 -0.003862
v 0.208782 0.159000 -0.005171
v 0.208014 0.155845 -0.000337
v 0.208782 0.159000 -0.005171
v 0.207266 0.160608 -0.001771
v 0.207266 0.160608 -0.001771
v 0.208782 0.159000 -0.005171
v 0.207057 0.163129 -0.006414
v 0.207266 0.160608 -0.001771
v 0.207057 0.163129 -0.006414
v 0.205071 0.165047 -0.003107
v 0.205071 0.165047 -0.003107
v 0.207057 0.163129 -0.006414
v 0.204279 0.166834 -0.007529
v 0.205071 0.165047 -0.003107
v 0.204279 0.166834 -0.007529
v 0.201579 0.168858 -0.004254
v 0.201579 0.168858 -0.004254
v 0.204279 0.166834 -0.007529
v 0.200586 0.169927 -0.008461
v 0.201579 0.168858 -0.004254
v 0.200586 0.169927 -0.008461
v 0.197029 0.171782 -0.005135
v 0.197029 0.171782 -0.005135
v 0.200586 0.169927 -0.008461
v 0.196164 0.172254 -0.009161
v 0.197029 0.171782 -0.005135
v 0.196164 0.172254 -0.009161
v 0.191730 0.173621 -0.005688
v 0.191730 0.173621 -0.005688
v 0.196164 0.172254 -0.009161
v 0.191234 0.173699 -0.009596
v 0.191730 0.173621 -0.005688
v 0.191234 0.173699 -0.009596
v 0.186044 0.174248 -0.005877
v 0.186044 0.174248 -0.005877
v 0.191234 0.173699 -0.009596
v 0.186044 0.174189 -0.009744
v 0.209367 0.154653 -0.003862
v 0.209824 0.153413 -0.007528
v 0.209367 0.157299 -0.008698
v 0.209367 0.154653 -0.003862
v 0.209367 0.157299 -0.008698
v 0.208782 0.159000 -0.005171
v 0.208782 0.159000 -0.005171
v 0.209367 0.157299 -0.008698
v 0.208014 0.161035 -0.009823
v 0.208782 0.159000 -0.005171
v 0.208014 0.161035 -0.009823
v 0.207057 0.163129 -0.006414
v 0.207057 0.163129 -0.006414
v 0.208014 0.161035 -0.009823
v 0.205816 0.164479 -0.010860
v 0.207057 0.163129 -0.006414
v 0.205816 0.164479 -0.010860
v 0.204279 0.166834 -0.007529
v 0.204279 0.166834 -0.007529
v 0.205816 0.164479 -0.010860
v 0.202859 0.167498 -0.011769
v 0.204279 0.166834 -0.007529
v 0.202859 0.167498 -0.011769
v 0.200586 0.169927 -0.008461
v 0.200586 0.169927 -0.008461
v 0.202859 0.167498 -0.011769
v 0.199255 0.169975 -0.012515
v 0.200586 0.169927 -0.008461
v 0.199255 0.169975 -0.012515
v 0.196164 0.172254 -0.009161
v 0.196164 0.172254 -0.009161
v 0.199255 0.169975 -0.012515
v 0.195144 0.171815 -0.013069
v 0.196164 0.172254 -0.009161
v 0.195144 0.171815 -0.013069
v 0.191234 0.173699 -0.009596
v 0.191234 0.173699 -0.009596
v 0.195144 0.171815 -0.013069
v 0.190683 0.172949 -0.013410
v 0.191234 0.173699 -0.009596
v 0.190683 0.172949 -0.013410
v 0.186044 0.174189 -0.009744
v 0.186044 0.174189 -0.009744
v 0.190683 0.172949 -0.013410
v 0.186044 0.173332 -0.013525
v -0.066395 0.159769 0.011264
v -0.066395 0.163533 0.009733
v -0.071034 0.159647 0.010903
v -0.071034 0.159647 0.010903
v -0.072830 0.164675 0.008211
v -0.075495 0.159285 0.009834
v -0.071034 0.159647 0.010903
v -0.066395 0.163533 0.009733
v -0.072830 0.164675 0.008211
v -0.066395 0.163533 0.009733
v -0.066395 0.166908 0.007539
v -0.072830 0.164675 0.008211
v -0.075495 0.159285 0.009834
v -0.077837 0.164231 0.006431
v -0.079607 0.158698 0.008097
v -0.075495 0.159285 0.009834
v -0.072830 0.164675 0.008211
v -0.077837 0.164231 0.006431
v -0.072830 0.164675 0.008211
v -0.073001 0.168281 0.005212
v -0.077837 0.164231 0.006431
v -0.072830 0.164675 0.008211
v -0.066395 0.166908 0.007539
v -0.073001 0.168281 0.005212
v -0.066395 0.166908 0.007539
v -0.066395 0.169764 0.004766
v -0.073001 0.168281 0.005212
v -0.079607 0.158698 0.008097
v -0.081930 0.163297 0.004137
v -0.083210 0.157907 0.005760
v -0.079607 0.158698 0.008097
v -0.077837 0.164231 0.006431
v -0.081930 0.163297 0.004137
v -0.077837 0.164231 0.006431
v -0.078285 0.167867 0.002762
v -0.081930 0.163297 0.004137
v -0.077837 0.164231 0.006431
v -0.073001 0.168281 0.005212
v -0.078285 0.167867 0.002762
v -0.073001 0.168281 0.005212
v -0.072830 0.170920 0.001842
v -0.078285 0.167867 0.002762
v -0.073001 0.168281 0.005212
v -0.066395 0.169764 0.004766
v -0.072830 0.170920 0.001842
v -0.066395 0.169764 0.004766
v -0.066395 0.171992 0.001520
v -0.072830 0.170920 0.001842
v -0.083210 0.157907 0.005760
v -0.085200 0.162062 0.001371
v -0.086168 0.156944 0.002912
v -0.083210 0.157907 0.005760
v -0.081930 0.163297 0.004137
v -0.085200 0.162062 0.001371
v -0.081930 0.163297 0.004137
v -0.082392 0.166679 -0.000019
v -0.085200 0.162062 0.001371
v -0.081930 0.163297 0.004137
v -0.078285 0.167867 0.002762
v -0.082392 0.166679 -0.000019
v -0.078285 0.167867 0.002762
v -0.078017 0.170343 -0.001122
v -0.082392 0.166679 -0.000019
v -0.078285 0.167867 0.002762
v -0.072830 0.170920 0.001842
v -0.078017 0.170343 -0.001122
v -0.072830 0.170920 0.001842
v -0.072505 0.172695 -0.001830
v -0.078017 0.170343 -0.001122
v -0.072830 0.170920 0.001842
v -0.066395 0.171992 0.001520
v -0.072505 0.172695 -0.001830
v -0.066395 0.171992 0.001520
v -0.066395 0.173506 -0.002074
v -0.072505 0.172695 -0.001830
v -0.086168 0.156944 0.002912
v -0.087617 0.160608 -0.001771
v -0.088365 0.155845 -0.000337
v -0.086168 0.156944 0.002912
v -0.085200 0.162062 0.001371
v -0.087617 0.160608 -0.001771
v -0.085200 0.162062 0.001371
v -0.085422 0.165047 -0.003107
v -0.087617 0.160608 -0.001771
v -0.085200 0.162062 0.001371
v -0.082392 0.166679 -0.000019
v -0.085422 0.165047 -0.003107
v -0.082392 0.166679 -0.000019
v -0.081930 0.168858 -0.004254
v -0.085422 0.165047 -0.003107
v -0.082392 0.166679 -0.000019
v -0.078017 0.170343 -0.001122
v -0.081930 0.168858 -0.004254
v -0.078017 0.170343 -0.001122
v -0.077380 0.171782 -0.005135
v -0.081930 0.168858 -0.004254
v -0.078017 0.170343 -0.001122
v -0.072505 0.172695 -0.001830
v -0.077380 0.171782 -0.005135
v -0.072505 0.172695 -0.001830
v -0.072081 0.173621 -0.005688
v -0.077380 0.171782 -0.005135
v -0.072505 0.172695 -0.001830
v -0.066395 0.173506 -0.002074
v -0.072081 0.173621 -0.005688
v -0.066395 0.173506 -0.002074
v -0.066395 0.174248 -0.005877
v -0.072081 0.173621 -0.005688
v -0.088365 0.155845 -0.000337
v -0.089134 0.159000 -0.005171
v -0.089719 0.154653 -0.003862
v -0.088365 0.155845 -0.000337
v -0.087617 0.160608 -0.001771
v -0.089134 0.159000 -0.005171
v -0.087617 0.160608 -0.001771
v -0.087409 0.163129 -0.006414
v -0.089134 0.159000 -0.005171
v -0.087617 0.160608 -0.001771
v -0.085422 0.165047 -0.003107
v -0.087409 0.163129 -0.006414
v -0.085422 0.165047 -0.003107
v -0.084630 0.166834 -0.007529
v -0.087409 0.163129 -0.006414
v -0.085422 0.165047 -0.003107
v -0.081930 0.168858 -0.004254
v -0.084630 0.166834 -0.007529
v -0.081930 0.168858 -0.004254
v -0.080937 0.169927 -0.008461
v -0.084630 0.166834 -0.007529
v -0.081930 0.168858 -0.004254
v -0.077380 0.171782 -0.005135
v -0.080937 0.169927 -0.008461
v -0.077380 0.171782 -0.005135
v -0.076515 0.172254 -0.009161
v -0.080937 0.169927 -0.008461
v -0.077380 0.171782 -0.005135
v -0.072081 0.173621 -0.005688
v -0.076515 0.172254 -0.009161
v -0.072081 0.173621 -0.005688
v -0.071585 0.173699 -0.009596
v -0.076515 0.172254 -0.009161
v -0.072081 0.173621 -0.005688
v -0.066395 0.174248 -0.005877
v -0.071585 0.173699 -0.009596
v -0.066395 0.174248 -0.005877
v -0.066395 0.174189 -0.009744
v -0.071585 0.173699 -0.009596
v -0.089719 0.154653 -0.003862
v -0.089719 0.157299 -0.008698
v -0.090176 0.153413 -0.007528
v -0.089719 0.154653 -0.003862
v -0.089134 0.159000 -0.005171
v -0.089719 0.157299 -0.008698
v -0.089134 0.159000 -0.005171
v -0.088365 0.161035 -0.009823
v -0.089719 0.157299 -0.008698
v -0.089134 0.159000 -0.005171
v -0.087409 0.163129 -0.006414
v -0.088365 0.161035 -0.009823
v -0.087409 0.163129 -0.006414
v -0.086168 0.164479 -0.010860
v -0.088365 0.161035 -0.009823
v -0.087409 0.163129 -0.006414
v -0.084630 0.166834 -0.007529
v -0.086168 0.164479 -0.010860
v -0.084630 0.166834 -0.007529
v -0.083210 0.167498 -0.011769
v -0.086168 0.164479 -0.010860
v -0.084630 0.166834 -0.007529
v -0.080937 0.169927 -0.008461
v -0.083210 0.167498 -0.011769
v -0.080937 0.169927 -0.008461
v -0.079607 0.169975 -0.012515
v -0.083210 0.167498 -0.011769
v -0.080937 0.169927 -0.008461
v -0.076515 0.172254 -0.009161
v -0.079607 0.169975 -0.012515
v -0.076515 0.172254 -0.009161
v -0.075495 0.171815 -0.013069
v -0.079607 0.169975 -0.012515
v -0.076515 0.172254 -0.009161
v -0.071585 0.173699 -0.009596
v -0.075495 0.171815 -0.013069
v -0.071585 0.173699 -0.009596
v -0.071034 0.172949 -0.013410
v -0.075495 0.171815 -0.013069
v -0.071585 0.173699 -0.009596
v -0.066395 0.174189 -0.009744
v -0.071034 0.172949 -0.013410
v -0.066395 0.174189 -0.009744
v -0.066395 0.173332 -0.013525
v -0.071034 0.172949 -0.013410
v 0.186044 0.144052 -0.035207
v 0.186044 0.148060 -0.036016
v 0.190683 0.144174 -0.034846
v 0.190683 0.144174 -0.034846
v 0.192479 0.149925 -0.035399
v 0.195144 0.144536 -0.033776
v 0.190683 0.144174 -0.034846
v 0.186044 0.148060 -0.036016
v 0.192479 0.149925 -0.035399
v 0.186044 0.148060 -0.036016
v 0.186044 0.152158 -0.036071
v 0.192479 0.149925 -0.035399
v 0.195144 0.144536 -0.033776
v 0.197485 0.150656 -0.033706
v 0.199255 0.145123 -0.032040
v 0.195144 0.144536 -0.033776
v 0.192479 0.149925 -0.035399
v 0.197485 0.150656 -0.033706
v 0.192479 0.149925 -0.035399
v 0.192650 0.154707 -0.034925
v 0.197485 0.150656 -0.033706
v 0.192479 0.149925 -0.035399
v 0.186044 0.152158 -0.036071
v 0.192650 0.154707 -0.034925
v 0.186044 0.152158 -0.036071
v 0.186044 0.156189 -0.035372
v 0.192650 0.154707 -0.034925
v 0.199255 0.145123 -0.032040
v 0.201579 0.151303 -0.031325
v 0.202859 0.145913 -0.029703
v 0.199255 0.145123 -0.032040
v 0.197485 0.150656 -0.033706
v 0.201579 0.151303 -0.031325
v 0.197485 0.150656 -0.033706
v 0.197934 0.155873 -0.032701
v 0.201579 0.151303 -0.031325
v 0.197485 0.150656 -0.033706
v 0.192650 0.154707 -0.034925
v 0.197934 0.155873 -0.032701
v 0.192650 0.154707 -0.034925
v 0.192479 0.158926 -0.033620
v 0.197934 0.155873 -0.032701
v 0.192650 0.154707 -0.034925
v 0.186044 0.156189 -0.035372
v 0.192479 0.158926 -0.033620
v 0.186044 0.156189 -0.035372
v 0.186044 0.159998 -0.033943
v 0.192479 0.158926 -0.033620
v 0.202859 0.145913 -0.029703
v 0.204849 0.151994 -0.028396
v 0.205816 0.146876 -0.026855
v 0.202859 0.145913 -0.029703
v 0.201579 0.151303 -0.031325
v 0.204849 0.151994 -0.028396
v 0.201579 0.151303 -0.031325
v 0.202040 0.156611 -0.029786
v 0.204849 0.151994 -0.028396
v 0.201579 0.151303 -0.031325
v 0.197934 0.155873 -0.032701
v 0.202040 0.156611 -0.029786
v 0.197934 0.155873 -0.032701
v 0.197666 0.160275 -0.030889
v 0.202040 0.156611 -0.029786
v 0.197934 0.155873 -0.032701
v 0.192479 0.158926 -0.033620
v 0.197666 0.160275 -0.030889
v 0.192479 0.158926 -0.033620
v 0.192154 0.162628 -0.031597
v 0.197666 0.160275 -0.030889
v 0.192479 0.158926 -0.033620
v 0.186044 0.159998 -0.033943
v 0.192154 0.162628 -0.031597
v 0.186044 0.159998 -0.033943
v 0.186044 0.163438 -0.031841
v 0.192154 0.162628 -0.031597
v 0.205816 0.146876 -0.026855
v 0.207266 0.152738 -0.025040
v 0.208014 0.147975 -0.023606
v 0.205816 0.146876 -0.026855
v 0.204849 0.151994 -0.028396
v 0.207266 0.152738 -0.025040
v 0.204849 0.151994 -0.028396
v 0.205071 0.157177 -0.026376
v 0.207266 0.152738 -0.025040
v 0.204849 0.151994 -0.028396
v 0.202040 0.156611 -0.029786
v 0.205071 0.157177 -0.026376
v 0.202040 0.156611 -0.029786
v 0.201579 0.160988 -0.027523
v 0.205071 0.157177 -0.026376
v 0.202040 0.156611 -0.029786
v 0.197666 0.160275 -0.030889
v 0.201579 0.160988 -0.027523
v 0.197666 0.160275 -0.030889
v 0.197029 0.163912 -0.028404
v 0.201579 0.160988 -0.027523
v 0.197666 0.160275 -0.030889
v 0.192154 0.162628 -0.031597
v 0.197029 0.163912 -0.028404
v 0.192154 0.162628 -0.031597
v 0.191730 0.165751 -0.028957
v 0.197029 0.163912 -0.028404
v 0.192154 0.162628 -0.031597
v 0.186044 0.163438 -0.031841
v 0.191730 0.165751 -0.028957
v 0.186044 0.163438 -0.031841
v 0.186044 0.166378 -0.029146
v 0.191730 0.165751 -0.028957
v 0.208014 0.147975 -0.023606
v 0.208782 0.153515 -0.021389
v 0.209367 0.149168 -0.020080
v 0.208014 0.147975 -0.023606
v 0.207266 0.152738 -0.025040
v 0.208782 0.153515 -0.021389
v 0.207266 0.152738 -0.025040
v 0.207057 0.157644 -0.022632
v 0.208782 0.153515 -0.021389
v 0.207266 0.152738 -0.025040
v 0.205071 0.157177 -0.026376
v 0.207057 0.157644 -0.022632
v 0.205071 0.157177 -0.026376
v 0.204279 0.161348 -0.023747
v 0.207057 0.157644 -0.022632
v 0.205071 0.157177 -0.026376
v 0.201579 0.160988 -0.027523
v 0.204279 0.161348 -0.023747
v 0.201579 0.160988 -0.027523
v 0.200586 0.164441 -0.024679
v 0.204279 0.161348 -0.023747
v 0.201579 0.160988 -0.027523
v 0.197029 0.163912 -0.028404
v 0.200586 0.164441 -0.024679
v 0.197029 0.163912 -0.028404
v 0.196164 0.166769 -0.025380
v 0.200586 0.164441 -0.024679
v 0.197029 0.163912 -0.028404
v 0.191730 0.165751 -0.028957
v 0.196164 0.166769 -0.025380
v 0.191730 0.165751 -0.028957
v 0.191234 0.168214 -0.025815
v 0.196164 0.166769 -0.025380
v 0.191730 0.165751 -0.028957
v 0.186044 0.166378 -0.029146
v 0.191234 0.168214 -0.025815
v 0.186044 0.166378 -0.029146
v 0.186044 0.168704 -0.025962
v 0.191234 0.168214 -0.025815
v 0.209367 0.149168 -0.020080
v 0.209367 0.154294 -0.017584
v 0.209824 0.150408 -0.016414
v 0.209367 0.149168 -0.020080
v 0.208782 0.153515 -0.021389
v 0.209367 0.154294 -0.017584
v 0.208782 0.153515 -0.021389
v 0.208014 0.158030 -0.018709
v 0.209367 0.154294 -0.017584
v 0.208782 0.153515 -0.021389
v 0.207057 0.157644 -0.022632
v 0.208014 0.158030 -0.018709
v 0.207057 0.157644 -0.022632
v 0.205816 0.161474 -0.019746
v 0.208014 0.158030 -0.018709
v 0.207057 0.157644 -0.022632
v 0.204279 0.161348 -0.023747
v 0.205816 0.161474 -0.019746
v 0.204279 0.161348 -0.023747
v 0.202859 0.164492 -0.020655
v 0.205816 0.161474 -0.019746
v 0.204279 0.161348 -0.023747
v 0.200586 0.164441 -0.024679
v 0.202859 0.164492 -0.020655
v 0.200586 0.164441 -0.024679
v 0.199255 0.166969 -0.021400
v 0.202859 0.164492 -0.020655
v 0.200586 0.164441 -0.024679
v 0.196164 0.166769 -0.025380
v 0.199255 0.166969 -0.021400
v 0.196164 0.166769 -0.025380
v 0.195144 0.168810 -0.021955
v 0.199255 0.166969 -0.021400
v 0.196164 0.166769 -0.025380
v 0.191234 0.168214 -0.025815
v 0.195144 0.168810 -0.021955
v 0.191234 0.168214 -0.025815
v 0.190683 0.169944 -0.022296
v 0.195144 0.168810 -0.021955
v 0.191234 0.168214 -0.025815
v 0.186044 0.168704 -0.025962
v 0.190683 0.169944 -0.022296
v 0.186044 0.168704 -0.025962
v 0.186044 0.170326 -0.022411
v 0.190683 0.169944 -0.022296
v -0.066395 0.144052 -0.035207
v -0.071034 0.144174 -0.034846
v -0.066395 0.148060 -0.036016
v -0.071034 0.144174 -0.034846
v -0.075495 0.144536 -0.033776
v -0.072830 0.149925 -0.035399
v -0.071034 0.144174 -0.034846
v -0.072830 0.149925 -0.035399
v -0.066395 0.148060 -0.036016
v -0.066395 0.148060 -0.036016
v -0.072830 0.149925 -0.035399
v -0.066395 0.152158 -0.036071
v -0.075495 0.144536 -0.033776
v -0.079607 0.145123 -0.032040
v -0.077837 0.150656 -0.033706
v -0.075495 0.144536 -0.033776
v -0.077837 0.150656 -0.033706
v -0.072830 0.149925 -0.035399
v -0.072830 0.149925 -0.035399
v -0.077837 0.150656 -0.033706
v -0.073001 0.154707 -0.034925
v -0.072830 0.149925 -0.035399
v -0.073001 0.154707 -0.034925
v -0.066395 0.152158 -0.036071
v -0.066395 0.152158 -0.036071
v -0.073001 0.154707 -0.034925
v -0.066395 0.156189 -0.035372
v -0.079607 0.145123 -0.032040
v -0.083210 0.145913 -0.029703
v -0.081930 0.151303 -0.031325
v -0.079607 0.145123 -0.032040
v -0.081930 0.151303 -0.031325
v -0.077837 0.150656 -0.033706
v -0.077837 0.150656 -0.033706
v -0.081930 0.151303 -0.031325
v -0.078285 0.155873 -0.032701
v -0.077837 0.150656 -0.033706
v -0.078285 0.155873 -0.032701
v -0.073001 0.154707 -0.034925
v -0.073001 0.154707 -0.034925
v -0.078285 0.155873 -0.032701
v -0.072830 0.158926 -0.033620
v -0.073001 0.154707 -0.034925
v -0.072830 0.158926 -0.033620
v -0.066395 0.156189 -0.035372
v -0.066395 0.156189 -0.035372
v -0.072830 0.158926 -0.033620
v -0.066395 0.159998 -0.033943
v -0.083210 0.145913 -0.029703
v -0.086168 0.146876 -0.026855
v -0.085200 0.151994 -0.028396
v -0.083210 0.145913 -0.029703
v -0.085200 0.151994 -0.028396
v -0.081930 0.151303 -0.031325
v -0.081930 0.151303 -0.031325
v -0.085200 0.151994 -0.028396
v -0.082392 0.156611 -0.029786
v -0.081930 0.151303 -0.031325
v -0.082392 0.156611 -0.029786
v -0.078285 0.155873 -0.032701
v -0.078285 0.155873 -0.032701
v -0.082392 0.156611 -0.029786
v -0.078017 0.160275 -0.030889
v -0.078285 0.155873 -0.032701
v -0.078017 0.160275 -0.030889
v -0.072830 0.158926 -0.033620
v -0.072830 0.158926 -0.033620
v -0.078017 0.160275 -0.030889
v -0.072505 0.162628 -0.031597
v -0.072830 0.158926 -0.033620
v -0.072505 0.162628 -0.031597
v -0.066395 0.159998 -0.033943
v -0.066395 0.159998 -0.033943
v -0.072505 0.162628 -0.031597
v -0.066395 0.163438 -0.031841
v -0.086168 0.146876 -0.026855
v -0.088365 0.147975 -0.023606
v -0.087617 0.152738 -0.025040
v -0.086168 0.146876 -0.026855
v -0.087617 0.152738 -0.025040
v -0.085200 0.151994 -0.028396
v -0.085200 0.151994 -0.028396
v -0.087617 0.152738 -0.025040
v -0.085422 0.157177 -0.026376
v -0.085200 0.151994 -0.028396
v -0.085422 0.157177 -0.026376
v -0.082392 0.156611 -0.029786
v -0.082392 0.156611 -0.029786
v -0.085422 0.157177 -0.026376
v -0.081930 0.160988 -0.027523
v -0.082392 0.156611 -0.029786
v -0.081930 0.160988 -0.027523
v -0.078017 0.160275 -0.030889
v -0.078017 0.160275 -0.030889
v -0.081930 0.160988 -0.027523
v -0.077380 0.163912 -0.028404
v -0.078017 0.160275 -0.030889
v -0.077380 0.163912 -0.028404
v -0.072505 0.162628 -0.031597
v -0.072505 0.162628 -0.031597
v -0.077380 0.163912 -0.028404
v -0.072081 0.165751 -0.028957
v -0.072505 0.162628 -0.031597
v -0.072081 0.165751 -0.028957
v -0.066395 0.163438 -0.031841
v -0.066395 0.163438 -0.031841
v -0.072081 0.165751 -0.028957
v -0.066395 0.166378 -0.029146
v -0.088365 0.147975 -0.023606
v -0.089719 0.149168 -0.020080
v -0.089134 0.153515 -0.021389
v -0.088365 0.147975 -0.023606
v -0.089134 0.153515 -0.021389
v -0.087617 0.152738 -0.025040
v -0.087617 0.152738 -0.025040
v -0.089134 0.153515 -0.021389
v -0.087409 0.157644 -0.022632
v -0.087617 0.152738 -0.025040
v -0.087409 0.157644 -0.022632
v -0.085422 0.157177 -0.026376
v -0.085422 0.157177 -0.026376
v -0.087409 0.157644 -0.022632
v -0.084630 0.161348 -0.023747
v -0.085422 0.157177 -0.026376
v -0.084630 0.161348 -0.023747
v -0.081930 0.160988 -0.027523
v -0.081930 0.160988 -0.027523
v -0.084630 0.161348 -0.023747
v -0.080937 0.164441 -0.024679
v -0.081930 0.160988 -0.027523
v -0.080937 0.164441 -0.024679
v -0.077380 0.163912 -0.028404
v -0.077380 0.163912 -0.028404
v -0.080937 0.164441 -0.024679
v -0.076515 0.166769 -0.025380
v -0.077380 0.163912 -0.028404
v -0.076515 0.166769 -0.025380
v -0.072081 0.165751 -0.028957
v -0.072081 0.165751 -0.028957
v -0.076515 0.166769 -0.025380
v -0.071585 0.168214 -0.025815
v -0.072081 0.165751 -0.028957
v -0.071585 0.168214 -0.025815
v -0.066395 0.166378 -0.029146
v -0.066395 0.166378 -0.029146
v -0.071585 0.168214 -0.025815
v -0.066395 0.168704 -0.025962
v -0.089719 0.149168 -0.020080
v -0.090176 0.150408 -0.016414
v -0.089719 0.154294 -0.017584
v -0.089719 0.149168 -0.020080
v -0.089719 0.154294 -0.017584
v -0.089134 0.153515 -0.021389
v -0.089134 0.153515 -0.021389
v -0.089719 0.154294 -0.017584
v -0.088365 0.158030 -0.018709
v -0.089134 0.153515 -0.021389
v -0.088365 0.158030 -0.018709
v -0.087409 0.157644 -0.022632
v -0.087409 0.157644 -0.022632
v -0.088365 0.158030 -0.018709
v -0.086168 0.161474 -0.019746
v -0.087409 0.157644 -0.022632
v -0.086168 0.161474 -0.019746
v -0.084630 0.161348 -0.023747
v -0.084630 0.161348 -0.023747
v -0.086168 0.161474 -0.019746
v -0.083210 0.164492 -0.020655
v -0.084630 0.161348 -0.023747
v -0.083210 0.164492 -0.020655
v -0.080937 0.164441 -0.024679
v -0.080937 0.164441 -0.024679
v -0.083210 0.164492 -0.020655
v -0.079607 0.166969 -0.021400
v -0.080937 0.164441 -0.024679
v -0.079607 0.166969 -0.021400
v -0.076515 0.166769 -0.025380
v -0.076515 0.166769 -0.025380
v -0.079607 0.166969 -0.021400
v -0.075495 0.168810 -0.021955
v -0.076515 0.166769 -0.025380
v -0.075495 0.168810 -0.021955
v -0.071585 0.168214 -0.025815
v -0.071585 0.168214 -0.025815
v -0.075495 0.168810 -0.021955
v -0.071034 0.169944 -0.022296
v -0.071585 0.168214 -0.025815
v -0.071034 0.169944 -0.022296
v -0.066395 0.168704 -0.025962
v -0.066395 0.168704 -0.025962
v -0.071034 0.169944 -0.022296
v -0.066395 0.170326 -0.022411
vn 0.9971 -0.0766 0.0039
vn 0.9941 -0.0318 -0.1032
vn 0.9959 0.0793 -0.0447
vn 0.9974 0.0352 0.0626
vn -0.9974 0.0140 0.0705
vn -0.9975 0.0594 -0.0370
vn -0.9959 -0.0522 -0.0740
vn -0.9947 -0.0974 0.0338
vn -0.0492 -0.3558 0.9333
vn -0.0348 -0.4426 0.8961
vn 0.0562 -0.4308 0.9007
vn 0.0555 -0.3304 0.9422
vn -0.0547 0.3324 -0.9415
vn -0.0533 0.4299 -0.9013
vn 0.0463 0.4104 -0.9107
vn 0.0350 0.3219 -0.9461
vn -0.0445 -0.9223 -0.3839
vn -0.0447 -0.8789 -0.4749
vn 0.0501 -0.8845 -0.4639
vn 0.0510 -0.9268 -0.3720
vn 0.0518 0.8933 0.4464
vn 0.0499 0.9343 0.3531
vn -0.0600 0.9227 0.3809
vn -0.0600 0.8780 0.4749
vn 0.9941 -0.0318 -0.1034
vn 0.9666 0.0122 -0.2560
vn 0.9687 0.1529 -0.1956
vn 0.9958 0.0793 -0.0447
vn 0.9666 0.0122 -0.2562
vn 0.8883 0.0847 -0.4513
vn 0.8927 0.2341 -0.3851
vn 0.9687 0.1530 -0.1956
vn 0.8883 0.0847 -0.4514
vn 0.7732 0.1473 -0.6168
vn 0.7803 0.3019 -0.5477
vn 0.8926 0.2342 -0.3852
vn 0.7732 0.1473 -0.6169
vn 0.6337 0.1979 -0.7478
vn 0.6434 0.3546 -0.6785
vn 0.7802 0.3019 -0.5478
vn 0.6335 0.1979 -0.7480
vn 0.4796 0.2364 -0.8451
vn 0.4918 0.3923 -0.7773
vn 0.6433 0.3546 -0.6785
vn 0.4795 0.2364 -0.8451
vn 0.3169 0.2649 -0.9107
vn 0.3321 0.4154 -0.8468
vn 0.4917 0.3923 -0.7774
vn 0.1474 0.2878 -0.9463
vn 0.1679 0.4223 -0.8908
vn 0.3320 0.4154 -0.8469
vn 0.1473 0.2878 -0.9463
vn 0.0463 0.4105 -0.9107
vn 0.1677 0.4223 -0.8908
vn -0.9975 0.0596 -0.0370
vn -0.9755 0.1324 -0.1755
vn -0.9774 -0.0111 -0.2110
vn -0.9959 -0.0522 -0.0741
vn -0.9755 0.1324 -0.1757
vn -0.9044 0.2194 -0.3659
vn -0.9089 0.0654 -0.4119
vn -0.9774 -0.0110 -0.2111
vn -0.9044 0.2195 -0.3659
vn -0.7954 0.2941 -0.5299
vn -0.8005 0.1330 -0.5844
vn -0.6606 0.3539 -0.6621
vn -0.6649 0.1889 -0.7227
vn -0.8005 0.1332 -0.5844
vn -0.5102 0.3985 -0.7621
vn -0.5128 0.2327 -0.8264
vn -0.6648 0.1890 -0.7227
vn -0.5101 0.3986 -0.7622
vn -0.3512 0.4283 -0.8326
vn -0.3510 0.2660 -0.8978
vn -0.5127 0.2328 -0.8264
vn -0.1873 0.4420 -0.8772
vn -0.1829 0.2939 -0.9382
vn -0.1872 0.4420 -0.8773
vn -0.0534 0.4299 -0.9013
vn -0.0547 0.3324 -0.9416
vn -0.1828 0.2940 -0.9382
vn -0.9947 -0.0974 0.0339
vn -0.9716 -0.1703 0.1643
vn -0.9763 -0.0279 0.2144
vn -0.9974 0.0140 0.0706
vn -0.9716 -0.1703 0.1644
vn -0.8976 -0.2589 0.3568
vn -0.9055 -0.1070 0.4106
vn -0.9763 -0.0279 0.2145
vn -0.8975 -0.2589 0.3569
vn -0.7846 -0.3336 0.5226
vn -0.7959 -0.1765 0.5791
vn -0.9054 -0.1070 0.4107
vn -0.6450 -0.3922 0.6558
vn -0.6598 -0.2339 0.7141
vn -0.7959 -0.1766 0.5792
vn -0.4892 -0.4347 0.7562
vn -0.5072 -0.2783 0.8156
vn -0.6597 -0.2339 0.7142
vn -0.4891 -0.4347 0.7562
vn -0.3234 -0.4613 0.8262
vn -0.3452 -0.3114 0.8853
vn -0.3233 -0.4613 0.8262
vn -0.1494 -0.4696 0.8702
vn -0.1782 -0.3377 0.9242
vn -0.3450 -0.3114 0.8854
vn -0.1493 -0.4696 0.8702
vn -0.1782 -0.3377 0.9243
vn 0.9974 0.0352 0.0628
vn 0.9800 -0.0030 0.1992
vn 0.9823 -0.1437 0.1202
vn 0.9799 -0.0030 0.1994
vn 0.9132 -0.0777 0.4000
vn 0.9187 -0.2330 0.3188
vn 0.9823 -0.1437 0.1204
vn 0.9132 -0.0777 0.4001
vn 0.8066 -0.1435 0.5734
vn 0.8133 -0.3098 0.4925
vn 0.9187 -0.2331 0.3189
vn 0.6725 -0.1981 0.7131
vn 0.6785 -0.3709 0.6341
vn 0.6724 -0.1981 0.7132
vn 0.5216 -0.2413 0.8184
vn 0.5254 -0.4161 0.7422
vn 0.6784 -0.3709 0.6342
vn 0.5215 -0.2413 0.8184
vn 0.3614 -0.2744 0.8911
vn 0.3615 -0.4455 0.8191
vn 0.5253 -0.4161 0.7422
vn 0.3613 -0.2745 0.8911
vn 0.1966 -0.3012 0.9331
vn 0.1902 -0.4559 0.8695
vn 0.3614 -0.4455 0.8191
vn 0.1965 -0.3012 0.9331
vn 0.0563 -0.4308 0.9007
vn 0.1901 -0.4559 0.8695
vn 0.0498 0.9343 0.3530
vn 0.0632 0.9757 0.2098
vn -0.0715 0.9647 0.2534
vn 0.0631 0.9757 0.2098
vn 0.0687 0.9976 0.0023
vn -0.0789 0.9958 0.0464
vn -0.0715 0.9647 0.2533
vn 0.0687 0.9976 0.0021
vn 0.0733 0.9760 -0.2052
vn -0.0847 0.9830 -0.1629
vn -0.0788 0.9958 0.0462
vn 0.0733 0.9759 -0.2053
vn 0.0767 0.9125 -0.4018
vn -0.0887 0.9274 -0.3634
vn -0.0847 0.9830 -0.1630
vn 0.0767 0.9124 -0.4020
vn 0.0787 0.8115 -0.5790
vn -0.0905 0.8328 -0.5461
vn -0.0887 0.9274 -0.3635
vn 0.0785 0.6786 -0.7303
vn -0.0894 0.7045 -0.7040
vn -0.0905 0.8328 -0.5462
vn 0.0784 0.6786 -0.7303
vn 0.0721 0.5179 -0.8524
vn -0.0818 0.5464 -0.8335
vn -0.0894 0.7045 -0.7041
vn -0.0448 -0.8788 -0.4750
vn -0.0586 -0.8059 -0.5891
vn 0.0607 -0.8169 -0.5736
vn -0.0657 -0.6767 -0.7333
vn 0.0647 -0.6900 -0.7209
vn 0.0607 -0.8168 -0.5737
vn -0.0657 -0.6766 -0.7334
vn -0.0720 -0.5249 -0.8481
vn 0.0675 -0.5402 -0.8388
vn 0.0647 -0.6900 -0.7210
vn -0.0720 -0.5248 -0.8482
vn -0.0774 -0.3568 -0.9310
vn 0.0693 -0.3734 -0.9251
vn 0.0675 -0.5401 -0.8389
vn -0.0773 -0.3566 -0.9310
vn -0.0814 -0.1775 -0.9807
vn 0.0697 -0.1952 -0.9783
vn -0.0813 -0.1774 -0.9808
vn -0.0829 0.0085 -0.9965
vn 0.0679 -0.0100 -0.9976
vn -0.0787 0.1973 -0.9772
vn 0.0600 0.1781 -0.9822
vn 0.0679 -0.0099 -0.9976
vn -0.0788 0.1974 -0.9771
vn 0.0349 0.3219 -0.9461
vn 0.0600 0.1783 -0.9822
vn 0.0510 -0.9269 -0.3719
vn 0.0657 -0.9668 -0.2470
vn -0.0580 -0.9619 -0.2674
vn 0.0656 -0.9668 -0.2470
vn 0.0741 -0.9962 -0.0450
vn -0.0629 -0.9958 -0.0666
vn -0.0580 -0.9619 -0.2673
vn 0.0740 -0.9962 -0.0448
vn 0.0813 -0.9837 0.1603
vn -0.0666 -0.9882 0.1382
vn -0.0629 -0.9958 -0.0665
vn 0.0867 -0.9296 0.3583
vn -0.0690 -0.9390 0.3370
vn -0.0666 -0.9881 0.1383
vn 0.0868 -0.9295 0.3584
vn 0.0899 -0.8368 0.5400
vn -0.0698 -0.8509 0.5207
vn -0.0690 -0.9389 0.3371
vn 0.0899 -0.8368 0.5401
vn 0.0896 -0.7105 0.6979
vn -0.0683 -0.7282 0.6819
vn -0.0698 -0.8508 0.5208
vn 0.0897 -0.7105 0.6980
vn 0.0829 -0.5562 0.8269
vn -0.0604 -0.5766 0.8148
vn -0.0683 -0.7282 0.6820
vn 0.0829 -0.5561 0.8270
vn 0.0562 -0.4309 0.9006
vn -0.0604 -0.5765 0.8149
vn -0.0601 0.8780 0.4749
vn -0.0724 0.8075 0.5854
vn 0.0669 0.8338 0.5480
vn -0.0724 0.8074 0.5855
vn -0.0779 0.6729 0.7356
vn 0.0737 0.7059 0.7045
vn 0.0670 0.8338 0.5480
vn -0.0821 0.5144 0.8536
vn 0.0797 0.5520 0.8300
vn 0.0738 0.7057 0.7046
vn -0.0821 0.5142 0.8537
vn -0.0849 0.3386 0.9371
vn 0.0845 0.3794 0.9213
vn -0.0861 0.1517 0.9847
vn 0.0880 0.1940 0.9770
vn 0.0846 0.3794 0.9214
vn -0.0860 0.1517 0.9847
vn -0.0847 -0.0415 0.9955
vn 0.0893 0.0007 0.9960
vn -0.0847 -0.0416 0.9955
vn -0.0772 -0.2382 0.9681
vn 0.0838 -0.1983 0.9765
vn 0.0893 0.0005 0.9960
vn -0.0772 -0.2384 0.9681
vn -0.0491 -0.3558 0.9333
vn 0.0838 -0.1984 0.9765
vn -0.1590 -0.9158 -0.3687
vn -0.1560 -0.8650 -0.4770
vn -0.0448 -0.8789 -0.4749
vn -0.1591 -0.9158 -0.3688
vn -0.3266 -0.8784 -0.3490
vn -0.3247 -0.8281 -0.4569
vn -0.4897 -0.8129 -0.3154
vn -0.4886 -0.7624 -0.4242
vn -0.3247 -0.8281 -0.4570
vn -0.4897 -0.8128 -0.3154
vn -0.6436 -0.7172 -0.2672
vn -0.6432 -0.6661 -0.3776
vn -0.4887 -0.7624 -0.4242
vn -0.7809 -0.5903 -0.2040
vn -0.7811 -0.5381 -0.3167
vn -0.6433 -0.6661 -0.3776
vn -0.7810 -0.5903 -0.2039
vn -0.8923 -0.4335 -0.1265
vn -0.8930 -0.3795 -0.2419
vn -0.7812 -0.5380 -0.3167
vn -0.8923 -0.4334 -0.1265
vn -0.9669 -0.2524 -0.0375
vn -0.9683 -0.1958 -0.1552
vn -0.8931 -0.3794 -0.2419
vn -0.9669 -0.2524 -0.0374
vn -0.9947 -0.0975 0.0338
vn -0.9959 -0.0523 -0.0741
vn -0.9683 -0.1956 -0.1552
vn -0.1935 0.9114 0.3632
vn -0.2046 0.8601 0.4673
vn -0.1936 0.9114 0.3632
vn -0.3667 0.8651 0.3422
vn -0.3752 0.8125 0.4461
vn -0.2047 0.8601 0.4672
vn -0.3668 0.8651 0.3421
vn -0.5323 0.7897 0.3051
vn -0.5375 0.7356 0.4123
vn -0.5324 0.7896 0.3051
vn -0.6853 0.6833 0.2519
vn -0.6876 0.6280 0.3645
vn -0.5376 0.7355 0.4123
vn -0.6854 0.6832 0.2519
vn -0.8183 0.5451 0.1826
vn -0.8183 0.4889 0.3023
vn -0.6876 0.6279 0.3645
vn -0.8183 0.5450 0.1825
vn -0.9211 0.3766 0.0985
vn -0.9199 0.3205 0.2260
vn -0.8183 0.4889 0.3022
vn -0.9212 0.3765 0.0985
vn -0.9829 0.1844 0.0036
vn -0.9819 0.1290 0.1389
vn -0.9200 0.3203 0.2260
vn -0.9829 0.1843 0.0036
vn -0.9975 0.0596 -0.0369
vn -0.9819 0.1289 0.1389
vn 0.0503 -0.8845 -0.4639
vn 0.1668 -0.8667 -0.4700
vn 0.1725 -0.9162 -0.3617
vn 0.0511 -0.9268 -0.3720
vn 0.3342 -0.8262 -0.4535
vn 0.3398 -0.8747 -0.3456
vn 0.1726 -0.9162 -0.3617
vn 0.3343 -0.8262 -0.4535
vn 0.4971 -0.7567 -0.4246
vn 0.5024 -0.8050 -0.3156
vn 0.3399 -0.8747 -0.3456
vn 0.4972 -0.7567 -0.4245
vn 0.6507 -0.6561 -0.3822
vn 0.6553 -0.7050 -0.2714
vn 0.5025 -0.8049 -0.3156
vn 0.6508 -0.6561 -0.3822
vn 0.7877 -0.5231 -0.3254
vn 0.7910 -0.5737 -0.2124
vn 0.6553 -0.7049 -0.2713
vn 0.7877 -0.5230 -0.3254
vn 0.8979 -0.3592 -0.2546
vn 0.9001 -0.4128 -0.1398
vn 0.7911 -0.5737 -0.2123
vn 0.8979 -0.3591 -0.2546
vn 0.9702 -0.1702 -0.1723
vn 0.9721 -0.2276 -0.0562
vn 0.9001 -0.4127 -0.1396
vn 0.9702 -0.1701 -0.1723
vn 0.9941 -0.0319 -0.1032
vn 0.9971 -0.0766 0.0038
vn 0.9721 -0.2276 -0.0561
vn 0.0519 0.8933 0.4464
vn 0.1825 0.8785 0.4415
vn 0.1669 0.9253 0.3405
vn 0.0500 0.9343 0.3531
vn 0.1826 0.8785 0.4415
vn 0.3539 0.8354 0.4206
vn 0.3419 0.8833 0.3208
vn 0.3540 0.8353 0.4205
vn 0.5175 0.7622 0.3890
vn 0.5104 0.8110 0.2861
vn 0.3420 0.8833 0.3208
vn 0.5175 0.7622 0.3888
vn 0.6696 0.6577 0.3450
vn 0.6671 0.7066 0.2360
vn 0.5104 0.8109 0.2860
vn 0.8035 0.5212 0.2877
vn 0.8041 0.5695 0.1707
vn 0.6671 0.7066 0.2359
vn 0.8036 0.5211 0.2876
vn 0.9097 0.3542 0.2169
vn 0.9112 0.4018 0.0913
vn 0.8042 0.5694 0.1707
vn 0.9097 0.3541 0.2168
vn 0.9774 0.1629 0.1348
vn 0.9776 0.2104 0.0009
vn 0.9112 0.4018 0.0911
vn 0.9774 0.1628 0.1347
vn 0.9974 0.0353 0.0626
vn 0.9777 0.2102 0.0009
vn 0.0563 -0.4309 0.9006
vn 0.0830 -0.5561 0.8270
vn 0.1901 -0.4560 0.8695
vn 0.1902 -0.4559 0.8694
vn 0.2587 -0.6103 0.7488
vn 0.1902 -0.4560 0.8694
vn 0.2586 -0.6103 0.7487
vn 0.0830 -0.5562 0.8269
vn 0.2586 -0.6104 0.7487
vn 0.4441 -0.6072 0.6588
vn 0.5254 -0.4162 0.7422
vn 0.2588 -0.6103 0.7487
vn 0.2588 -0.6104 0.7486
vn 0.2768 -0.7655 0.5808
vn 0.2587 -0.6104 0.7486
vn 0.0898 -0.7105 0.6979
vn 0.2767 -0.7655 0.5808
vn 0.2767 -0.7656 0.5808
vn 0.5254 -0.4161 0.7421
vn 0.6119 -0.5695 0.5489
vn 0.6785 -0.3710 0.6341
vn 0.4442 -0.6072 0.6588
vn 0.4443 -0.6072 0.6587
vn 0.4674 -0.7575 0.4558
vn 0.6119 -0.5695 0.5488
vn 0.2768 -0.7656 0.5808
vn 0.4673 -0.7575 0.4559
vn 0.2734 -0.8787 0.3914
vn 0.4673 -0.7575 0.4558
vn 0.2733 -0.8787 0.3914
vn 0.6786 -0.3709 0.6340
vn 0.7574 -0.5078 0.4106
vn 0.6785 -0.3709 0.6340
vn 0.6120 -0.5694 0.5488
vn 0.6120 -0.5695 0.5487
vn 0.6323 -0.7083 0.3139
vn 0.7573 -0.5079 0.4105
vn 0.6120 -0.5695 0.5488
vn 0.4675 -0.7575 0.4558
vn 0.4592 -0.8561 0.2371
vn 0.4591 -0.8561 0.2371
vn 0.2733 -0.8787 0.3913
vn 0.2588 -0.9475 0.1877
vn 0.4591 -0.8562 0.2371
vn 0.0868 -0.9296 0.3583
vn 0.2587 -0.9475 0.1877
vn 0.8133 -0.3098 0.4924
vn 0.8718 -0.4247 0.2439
vn 0.9186 -0.2332 0.3189
vn 0.7574 -0.5077 0.4106
vn 0.8718 -0.4248 0.2439
vn 0.7574 -0.5079 0.4104
vn 0.7642 -0.6271 0.1508
vn 0.6324 -0.7082 0.3139
vn 0.7641 -0.6272 0.1507
vn 0.6324 -0.7083 0.3137
vn 0.6119 -0.7876 0.0724
vn 0.6323 -0.7083 0.3137
vn 0.6118 -0.7877 0.0724
vn 0.4316 -0.9020 0.0143
vn 0.6118 -0.7877 0.0723
vn 0.4590 -0.8562 0.2370
vn 0.2588 -0.9476 0.1875
vn 0.2372 -0.9712 -0.0217
vn 0.2587 -0.9476 0.1875
vn 0.2371 -0.9712 -0.0217
vn 0.0741 -0.9962 -0.0448
vn 0.2371 -0.9713 -0.0217
vn 0.9187 -0.2332 0.3188
vn 0.9446 -0.3235 0.0553
vn 0.9823 -0.1438 0.1204
vn 0.8719 -0.4248 0.2438
vn 0.8719 -0.4248 0.2437
vn 0.8540 -0.5194 -0.0296
vn 0.7642 -0.6272 0.1507
vn 0.8540 -0.5195 -0.0296
vn 0.7642 -0.6272 0.1506
vn 0.7232 -0.6830 -0.1027
vn 0.8539 -0.5195 -0.0297
vn 0.6119 -0.7876 0.0723
vn 0.6119 -0.7877 0.0723
vn 0.5655 -0.8090 -0.1606
vn 0.7231 -0.6830 -0.1028
vn 0.4316 -0.9019 0.0142
vn 0.5654 -0.8090 -0.1606
vn 0.4316 -0.9020 0.0142
vn 0.3920 -0.8975 -0.2020
vn 0.5653 -0.8091 -0.1606
vn 0.4316 -0.9020 0.0141
vn 0.3919 -0.8976 -0.2019
vn 0.2371 -0.9712 -0.0218
vn 0.2111 -0.9508 -0.2269
vn 0.3919 -0.8975 -0.2020
vn 0.2370 -0.9713 -0.0218
vn 0.0741 -0.9962 -0.0449
vn 0.2110 -0.9508 -0.2269
vn 0.0657 -0.9668 -0.2469
vn 0.9721 -0.2276 -0.0560
vn 0.9447 -0.3233 0.0552
vn 0.9446 -0.3235 0.0552
vn 0.9001 -0.4128 -0.1396
vn 0.8540 -0.5194 -0.0297
vn 0.7232 -0.6830 -0.1029
vn 0.6553 -0.7050 -0.2713
vn 0.5654 -0.8090 -0.1608
vn 0.5653 -0.8091 -0.1607
vn 0.3921 -0.8975 -0.2020
vn 0.3399 -0.8747 -0.3455
vn 0.2111 -0.9507 -0.2270
vn 0.3398 -0.8748 -0.3454
vn 0.2110 -0.9508 -0.2270
vn 0.0657 -0.9668 -0.2471
vn -0.0349 -0.4427 0.8960
vn -0.1493 -0.4696 0.8701
vn -0.0605 -0.5765 0.8149
vn -0.1494 -0.4696 0.8701
vn -0.3232 -0.4613 0.8262
vn -0.2033 -0.6416 0.7396
vn -0.2032 -0.6416 0.7396
vn -0.2032 -0.6417 0.7395
vn -0.4006 -0.6396 0.6560
vn -0.3234 -0.4614 0.8262
vn -0.4006 -0.6396 0.6561
vn -0.2033 -0.6417 0.7395
vn -0.2034 -0.6418 0.7394
vn -0.4005 -0.6397 0.6560
vn -0.2250 -0.7877 0.5735
vn -0.2250 -0.7878 0.5734
vn -0.0699 -0.8509 0.5207
vn -0.5754 -0.6017 0.5539
vn -0.4007 -0.6396 0.6560
vn -0.4006 -0.6398 0.6559
vn -0.5754 -0.6018 0.5538
vn -0.4267 -0.7820 0.4544
vn -0.4005 -0.6398 0.6559
vn -0.4265 -0.7820 0.4544
vn -0.2251 -0.7878 0.5734
vn -0.2250 -0.7878 0.5733
vn -0.4266 -0.7821 0.4543
vn -0.2290 -0.8948 0.3833
vn -0.2290 -0.8948 0.3834
vn -0.2289 -0.8948 0.3834
vn -0.0691 -0.9389 0.3371
vn -0.6451 -0.3922 0.6558
vn -0.7273 -0.5395 0.4243
vn -0.7273 -0.5395 0.4242
vn -0.5754 -0.6019 0.5537
vn -0.7272 -0.5397 0.4242
vn -0.6004 -0.7329 0.3200
vn -0.5754 -0.6019 0.5538
vn -0.6003 -0.7330 0.3199
vn -0.4267 -0.7820 0.4543
vn -0.4255 -0.8737 0.2357
vn -0.4254 -0.8738 0.2357
vn -0.2291 -0.8948 0.3832
vn -0.2235 -0.9582 0.1783
vn -0.2290 -0.8948 0.3832
vn -0.2234 -0.9583 0.1783
vn -0.7846 -0.3336 0.5225
vn -0.8975 -0.2590 0.3569
vn -0.8495 -0.4555 0.2661
vn -0.8495 -0.4555 0.2662
vn -0.7273 -0.5396 0.4240
vn -0.7409 -0.6511 0.1646
vn -0.7408 -0.6512 0.1646
vn -0.6004 -0.7329 0.3199
vn -0.6004 -0.7330 0.3198
vn -0.7408 -0.6513 0.1646
vn -0.5875 -0.8054 0.0782
vn -0.5875 -0.8054 0.0783
vn -0.4256 -0.8737 0.2357
vn -0.4255 -0.8738 0.2357
vn -0.5874 -0.8055 0.0782
vn -0.4066 -0.9135 0.0122
vn -0.2236 -0.9582 0.1783
vn -0.2235 -0.9583 0.1783
vn -0.4065 -0.9136 0.0122
vn -0.2113 -0.9769 -0.0320
vn -0.2112 -0.9769 -0.0320
vn -0.0666 -0.9882 0.1383
vn -0.0666 -0.9882 0.1381
vn -0.8976 -0.2590 0.3567
vn -0.9320 -0.3523 0.0848
vn -0.8496 -0.4554 0.2661
vn -0.9320 -0.3524 0.0848
vn -0.8401 -0.5424 -0.0088
vn -0.8401 -0.5424 -0.0087
vn -0.7409 -0.6512 0.1646
vn -0.7409 -0.6512 0.1645
vn -0.8400 -0.5424 -0.0089
vn -0.7081 -0.7003 -0.0902
vn -0.5875 -0.8054 0.0781
vn -0.7081 -0.7004 -0.0902
vn -0.5496 -0.8208 -0.1559
vn -0.5874 -0.8055 0.0781
vn -0.5494 -0.8209 -0.1559
vn -0.4066 -0.9135 0.0120
vn -0.5494 -0.8209 -0.1560
vn -0.3756 -0.9038 -0.2049
vn -0.4065 -0.9136 0.0120
vn -0.3755 -0.9039 -0.2049
vn -0.1942 -0.9518 -0.2375
vn -0.1941 -0.9518 -0.2375
vn -0.1941 -0.9518 -0.2376
vn -0.9716 -0.1703 0.1642
vn -0.9320 -0.3523 0.0847
vn -0.9669 -0.2525 -0.0374
vn -0.8923 -0.4334 -0.1263
vn -0.9320 -0.3524 0.0847
vn -0.8401 -0.5424 -0.0089
vn -0.8922 -0.4335 -0.1265
vn -0.7810 -0.5904 -0.2039
vn -0.7081 -0.7003 -0.0904
vn -0.5495 -0.8208 -0.1561
vn -0.5494 -0.8208 -0.1561
vn -0.3756 -0.9038 -0.2050
vn -0.3756 -0.9038 -0.2051
vn -0.3266 -0.8784 -0.3489
vn -0.3755 -0.9038 -0.2051
vn -0.1942 -0.9518 -0.2376
vn -0.1942 -0.9517 -0.2377
vn -0.1591 -0.9158 -0.3687
vn -0.1941 -0.9517 -0.2377
vn -0.0445 -0.9223 -0.3838
vn 0.1996 0.0957 -0.9752
vn 0.1473 0.2877 -0.9463
vn 0.1995 0.0958 -0.9752
vn 0.0601 0.1781 -0.9822
vn 0.1995 0.0957 -0.9752
vn 0.3170 0.2648 -0.9107
vn 0.3893 0.0467 -0.9199
vn 0.1997 0.0956 -0.9752
vn 0.3892 0.0466 -0.9200
vn 0.2205 -0.1135 -0.9688
vn 0.1995 0.0956 -0.9752
vn 0.0698 -0.1952 -0.9783
vn 0.6336 0.1978 -0.7480
vn 0.5597 0.0066 -0.8287
vn 0.5596 0.0067 -0.8287
vn 0.3893 0.0468 -0.9199
vn 0.3893 0.0466 -0.9199
vn 0.5596 0.0065 -0.8287
vn 0.4144 -0.1857 -0.8909
vn 0.4143 -0.1858 -0.8910
vn 0.2237 -0.3092 -0.9243
vn 0.2237 -0.3091 -0.9243
vn 0.6336 0.1977 -0.7480
vn 0.7113 -0.0378 -0.7019
vn 0.7113 -0.0379 -0.7019
vn 0.5597 0.0065 -0.8286
vn 0.7112 -0.0380 -0.7019
vn 0.5852 -0.2422 -0.7739
vn 0.5851 -0.2422 -0.7739
vn 0.4145 -0.1858 -0.8909
vn 0.4145 -0.1859 -0.8909
vn 0.5851 -0.2423 -0.7739
vn 0.4144 -0.3942 -0.8203
vn 0.4143 -0.1859 -0.8909
vn 0.4143 -0.3942 -0.8203
vn 0.2239 -0.3092 -0.9243
vn 0.2238 -0.3092 -0.9243
vn 0.4143 -0.3943 -0.8203
vn 0.2191 -0.4889 -0.8444
vn 0.0693 -0.3735 -0.9251
vn 0.0676 -0.5401 -0.8389
vn 0.7732 0.1472 -0.6168
vn 0.8376 -0.0893 -0.5390
vn 0.7732 0.1472 -0.6169
vn 0.8376 -0.0892 -0.5390
vn 0.7113 -0.0380 -0.7019
vn 0.8375 -0.0894 -0.5391
vn 0.7286 -0.2942 -0.6185
vn 0.7286 -0.2942 -0.6186
vn 0.5852 -0.2423 -0.7738
vn 0.7286 -0.2944 -0.6185
vn 0.5769 -0.4584 -0.6761
vn 0.5768 -0.4584 -0.6762
vn 0.4144 -0.3943 -0.8203
vn 0.5768 -0.4584 -0.6761
vn 0.3997 -0.5764 -0.7128
vn 0.3996 -0.5764 -0.7128
vn 0.2191 -0.4889 -0.8443
vn 0.2092 -0.6490 -0.7314
vn 0.2190 -0.4890 -0.8443
vn 0.0676 -0.5402 -0.8388
vn 0.8883 0.0846 -0.4514
vn 0.9277 -0.1464 -0.3435
vn 0.9277 -0.1464 -0.3436
vn 0.8376 -0.0893 -0.5389
vn 0.8376 -0.0894 -0.5389
vn 0.9276 -0.1466 -0.3436
vn 0.8362 -0.3436 -0.4275
vn 0.8376 -0.0894 -0.5390
vn 0.8361 -0.3436 -0.4277
vn 0.7287 -0.2942 -0.6185
vn 0.7286 -0.2943 -0.6185
vn 0.8360 -0.3437 -0.4277
vn 0.7046 -0.5092 -0.4942
vn 0.7045 -0.5093 -0.4942
vn 0.5769 -0.4584 -0.6760
vn 0.5769 -0.4585 -0.6760
vn 0.5471 -0.6377 -0.5422
vn 0.5768 -0.4585 -0.6760
vn 0.5470 -0.6377 -0.5424
vn 0.3997 -0.5765 -0.7127
vn 0.3997 -0.5766 -0.7126
vn 0.5470 -0.6378 -0.5422
vn 0.3749 -0.7288 -0.5730
vn 0.3996 -0.5765 -0.7127
vn 0.3748 -0.7287 -0.5731
vn 0.2093 -0.6490 -0.7314
vn 0.2093 -0.6491 -0.7313
vn 0.3748 -0.7288 -0.5731
vn 0.1953 -0.7846 -0.5885
vn 0.2092 -0.6491 -0.7314
vn 0.9666 0.0120 -0.2560
vn 0.9666 0.0121 -0.2560
vn 0.9277 -0.1465 -0.3434
vn 0.9702 -0.1702 -0.1724
vn 0.8979 -0.3590 -0.2547
vn 0.8979 -0.3591 -0.2547
vn 0.8361 -0.3437 -0.4275
vn 0.8978 -0.3592 -0.2547
vn 0.7878 -0.5230 -0.3255
vn 0.8361 -0.3437 -0.4276
vn 0.7877 -0.5230 -0.3255
vn 0.7046 -0.5093 -0.4941
vn 0.6508 -0.6560 -0.3823
vn 0.5471 -0.6378 -0.5422
vn 0.3748 -0.7288 -0.5730
vn 0.1954 -0.7846 -0.5884
vn 0.1669 -0.8667 -0.4701
vn 0.1953 -0.7846 -0.5884
vn 0.1667 -0.8667 -0.4701
vn 0.1668 -0.8667 -0.4701
vn 0.0502 -0.8845 -0.4639
vn -0.0788 0.1974 -0.9772
vn -0.1828 0.2939 -0.9382
vn -0.1829 0.2938 -0.9382
vn -0.2385 0.1124 -0.9646
vn -0.3510 0.2659 -0.8979
vn -0.1828 0.2938 -0.9382
vn -0.0830 0.0085 -0.9965
vn -0.2385 0.1123 -0.9646
vn -0.3510 0.2658 -0.8978
vn -0.4192 0.0535 -0.9063
vn -0.5127 0.2327 -0.8265
vn -0.3510 0.2658 -0.8979
vn -0.2386 0.1123 -0.9646
vn -0.2385 0.1122 -0.9646
vn -0.2505 -0.1020 -0.9627
vn -0.4191 0.0534 -0.9064
vn -0.2504 -0.1021 -0.9627
vn -0.0814 -0.1774 -0.9808
vn -0.5128 0.2326 -0.8264
vn -0.5848 0.0037 -0.8112
vn -0.6648 0.1889 -0.7227
vn -0.4192 0.0534 -0.9063
vn -0.4366 -0.1826 -0.8809
vn -0.5848 0.0036 -0.8112
vn -0.2505 -0.1022 -0.9627
vn -0.4365 -0.1826 -0.8810
vn -0.2440 -0.3000 -0.9222
vn -0.4365 -0.1827 -0.8810
vn -0.2504 -0.1022 -0.9627
vn -0.0774 -0.3566 -0.9310
vn -0.2439 -0.3000 -0.9222
vn -0.6649 0.1889 -0.7226
vn -0.7316 -0.0499 -0.6799
vn -0.8004 0.1330 -0.5845
vn -0.5848 0.0037 -0.8111
vn -0.6011 -0.2480 -0.7597
vn -0.7316 -0.0500 -0.6799
vn -0.4366 -0.1827 -0.8809
vn -0.6010 -0.2480 -0.7598
vn -0.4274 -0.3930 -0.8142
vn -0.6011 -0.2481 -0.7597
vn -0.4273 -0.3930 -0.8142
vn -0.2440 -0.3001 -0.9222
vn -0.2299 -0.4811 -0.8460
vn -0.4273 -0.3932 -0.8141
vn -0.0774 -0.3567 -0.9310
vn -0.0721 -0.5248 -0.8482
vn -0.2298 -0.4812 -0.8460
vn -0.8518 -0.1093 -0.5123
vn -0.9089 0.0654 -0.4120
vn -0.7317 -0.0499 -0.6798
vn -0.8518 -0.1093 -0.5124
vn -0.7317 -0.0500 -0.6798
vn -0.7382 -0.3082 -0.6000
vn -0.8518 -0.1095 -0.5124
vn -0.7316 -0.0501 -0.6799
vn -0.6012 -0.2480 -0.7596
vn -0.7382 -0.3081 -0.6002
vn -0.5834 -0.4653 -0.6657
vn -0.7382 -0.3083 -0.6000
vn -0.6011 -0.2482 -0.7597
vn -0.4274 -0.3932 -0.8141
vn -0.4038 -0.5765 -0.7104
vn -0.2299 -0.4811 -0.8459
vn -0.4037 -0.5765 -0.7104
vn -0.2300 -0.4812 -0.8459
vn -0.2115 -0.6425 -0.7365
vn -0.0721 -0.5249 -0.8481
vn -0.2114 -0.6425 -0.7365
vn -0.9339 -0.1726 -0.3131
vn -0.9774 -0.0111 -0.2111
vn -0.8519 -0.1094 -0.5122
vn -0.8518 -0.1095 -0.5122
vn -0.8386 -0.3640 -0.4053
vn -0.9339 -0.1727 -0.3131
vn -0.8518 -0.1095 -0.5123
vn -0.7383 -0.3081 -0.6000
vn -0.8386 -0.3640 -0.4054
vn -0.7045 -0.5228 -0.4799
vn -0.8385 -0.3640 -0.4054
vn -0.5835 -0.4653 -0.6656
vn -0.7045 -0.5229 -0.4799
vn -0.5451 -0.6447 -0.5359
vn -0.7044 -0.5229 -0.4800
vn -0.5834 -0.4653 -0.6656
vn -0.5450 -0.6447 -0.5360
vn -0.3711 -0.7296 -0.5744
vn -0.5450 -0.6448 -0.5359
vn -0.2116 -0.6425 -0.7365
vn -0.2115 -0.6426 -0.7365
vn -0.1902 -0.7795 -0.5968
vn -0.2114 -0.6426 -0.7365
vn -0.0658 -0.6767 -0.7333
vn -0.0587 -0.8059 -0.5891
vn -0.9340 -0.1726 -0.3129
vn -0.9339 -0.1728 -0.3129
vn -0.9683 -0.1956 -0.1554
vn -0.9339 -0.1728 -0.3130
vn -0.8386 -0.3641 -0.4053
vn -0.7045 -0.5229 -0.4798
vn -0.7812 -0.5379 -0.3168
vn -0.6434 -0.6660 -0.3776
vn -0.7811 -0.5381 -0.3168
vn -0.7044 -0.5230 -0.4798
vn -0.6432 -0.6660 -0.3777
vn -0.5451 -0.6448 -0.5358
vn -0.4888 -0.7623 -0.4242
vn -0.3712 -0.7297 -0.5743
vn -0.3711 -0.7297 -0.5743
vn -0.1902 -0.7796 -0.5967
vn -0.1561 -0.8649 -0.4770
vn -0.1901 -0.7796 -0.5967
vn -0.0588 -0.8059 -0.5891
vn -0.1559 -0.8649 -0.4771
vn 0.1965 -0.3011 0.9331
vn 0.0839 -0.1984 0.9765
vn 0.1966 -0.3011 0.9331
vn 0.3613 -0.2744 0.8911
vn 0.2581 -0.1271 0.9577
vn 0.2580 -0.1271 0.9577
vn 0.0840 -0.1984 0.9765
vn 0.0839 -0.1983 0.9765
vn 0.0893 0.0006 0.9960
vn 0.4426 -0.0734 0.8937
vn 0.2582 -0.1270 0.9577
vn 0.4426 -0.0733 0.8937
vn 0.2770 0.1042 0.9552
vn 0.2769 0.1042 0.9552
vn 0.0894 0.0007 0.9960
vn 0.0881 0.1940 0.9770
vn 0.5216 -0.2412 0.8184
vn 0.6061 -0.0251 0.7950
vn 0.6060 -0.0252 0.7951
vn 0.4426 -0.0732 0.8937
vn 0.6060 -0.0250 0.7951
vn 0.4714 0.1787 0.8636
vn 0.2770 0.1043 0.9552
vn 0.2725 0.3142 0.9094
vn 0.2769 0.1043 0.9552
vn 0.2723 0.3142 0.9094
vn 0.0881 0.1941 0.9770
vn 0.2724 0.3142 0.9094
vn 0.0846 0.3793 0.9214
vn 0.6725 -0.1980 0.7131
vn 0.8065 -0.1435 0.5735
vn 0.7502 0.0258 0.6607
vn 0.6724 -0.1980 0.7132
vn 0.7502 0.0259 0.6607
vn 0.6062 -0.0251 0.7950
vn 0.6061 -0.0250 0.7950
vn 0.7502 0.0260 0.6607
vn 0.6344 0.2395 0.7350
vn 0.6343 0.2395 0.7350
vn 0.4715 0.1787 0.8636
vn 0.4715 0.1788 0.8635
vn 0.6343 0.2397 0.7350
vn 0.4651 0.4022 0.7886
vn 0.4714 0.1788 0.8636
vn 0.2725 0.3143 0.9094
vn 0.2597 0.5041 0.8237
vn 0.2724 0.3143 0.9094
vn 0.2596 0.5041 0.8237
vn 0.0846 0.3794 0.9213
vn 0.0846 0.3795 0.9213
vn 0.8066 -0.1434 0.5734
vn 0.8675 0.0825 0.4905
vn 0.8675 0.0825 0.4906
vn 0.7503 0.0260 0.6606
vn 0.7502 0.0260 0.6606
vn 0.7669 0.2950 0.5700
vn 0.6344 0.2396 0.7349
vn 0.6344 0.2397 0.7349
vn 0.7668 0.2952 0.5700
vn 0.6197 0.4680 0.6301
vn 0.6196 0.4679 0.6302
vn 0.6195 0.4681 0.6301
vn 0.4411 0.5938 0.6730
vn 0.4651 0.4023 0.7886
vn 0.4410 0.5937 0.6731
vn 0.2596 0.5042 0.8236
vn 0.4409 0.5938 0.6730
vn 0.2421 0.6706 0.7012
vn 0.2596 0.5042 0.8237
vn 0.2419 0.6706 0.7012
vn 0.2419 0.6706 0.7013
vn 0.0739 0.7057 0.7046
vn 0.9132 -0.0775 0.4000
vn 0.9799 -0.0029 0.1994
vn 0.9464 0.1433 0.2895
vn 0.8676 0.0825 0.4905
vn 0.8675 0.0827 0.4905
vn 0.9464 0.1435 0.2895
vn 0.8614 0.3464 0.3714
vn 0.7669 0.2950 0.5699
vn 0.7669 0.2952 0.5699
vn 0.7346 0.5186 0.4376
vn 0.7668 0.2952 0.5699
vn 0.7345 0.5186 0.4376
vn 0.6196 0.4681 0.6300
vn 0.5793 0.6535 0.4872
vn 0.5793 0.6535 0.4873
vn 0.5791 0.6536 0.4873
vn 0.4059 0.7497 0.5227
vn 0.4058 0.7497 0.5228
vn 0.2420 0.6707 0.7011
vn 0.4058 0.7497 0.5227
vn 0.2207 0.8081 0.5461
vn 0.2419 0.6707 0.7012
vn 0.0738 0.7059 0.7045
vn 0.9799 -0.0029 0.1992
vn 0.9774 0.1627 0.1348
vn 0.9800 -0.0029 0.1992
vn 0.9774 0.1628 0.1348
vn 0.9464 0.1433 0.2894
vn 0.9464 0.1434 0.2895
vn 0.9097 0.3541 0.2169
vn 0.8036 0.5211 0.2877
vn 0.8614 0.3465 0.3714
vn 0.8035 0.5211 0.2877
vn 0.7346 0.5186 0.4374
vn 0.7346 0.5187 0.4375
vn 0.6697 0.6576 0.3451
vn 0.6696 0.6577 0.3451
vn 0.5792 0.6536 0.4872
vn 0.5176 0.7621 0.3890
vn 0.3540 0.8353 0.4206
vn 0.4058 0.7498 0.5227
vn 0.2207 0.8082 0.5460
vn 0.2206 0.8082 0.5461
vn -0.0773 -0.2384 0.9681
vn -0.1781 -0.3376 0.9243
vn -0.1783 -0.3376 0.9242
vn -0.2472 -0.1826 0.9516
vn -0.3451 -0.3114 0.8854
vn -0.1782 -0.3376 0.9243
vn -0.0773 -0.2383 0.9681
vn -0.2471 -0.1826 0.9516
vn -0.0848 -0.0416 0.9955
vn -0.3452 -0.3114 0.8854
vn -0.4343 -0.1406 0.8897
vn -0.2708 0.0564 0.9610
vn -0.2471 -0.1825 0.9516
vn -0.5997 -0.0926 0.7948
vn -0.4345 -0.1407 0.8896
vn -0.5997 -0.0926 0.7949
vn -0.4345 -0.1405 0.8897
vn -0.4698 0.1212 0.8744
vn -0.5997 -0.0925 0.7949
vn -0.4343 -0.1405 0.8897
vn -0.4697 0.1213 0.8744
vn -0.2708 0.0565 0.9610
vn -0.2717 0.2701 0.9237
vn -0.4696 0.1213 0.8745
vn -0.0861 0.1518 0.9847
vn -0.0849 0.3385 0.9371
vn -0.2716 0.2701 0.9237
vn -0.6597 -0.2338 0.7142
vn -0.7460 -0.0353 0.6650
vn -0.7959 -0.1767 0.5791
vn -0.5998 -0.0925 0.7947
vn -0.5998 -0.0924 0.7948
vn -0.6356 0.1816 0.7503
vn -0.7460 -0.0351 0.6650
vn -0.5997 -0.0924 0.7948
vn -0.4698 0.1213 0.8744
vn -0.4690 0.3525 0.8098
vn -0.6355 0.1818 0.7504
vn -0.4698 0.1214 0.8744
vn -0.4689 0.3526 0.8099
vn -0.2645 0.4637 0.8456
vn -0.4689 0.3526 0.8098
vn -0.2717 0.2702 0.9237
vn -0.2644 0.4637 0.8456
vn -0.0822 0.5143 0.8537
vn -0.8657 0.0304 0.4996
vn -0.9054 -0.1070 0.4108
vn -0.7461 -0.0353 0.6649
vn -0.7460 -0.0352 0.6650
vn -0.7707 0.2433 0.5889
vn -0.8657 0.0305 0.4996
vn -0.6357 0.1816 0.7503
vn -0.6357 0.1818 0.7503
vn -0.6269 0.4199 0.6563
vn -0.7707 0.2434 0.5889
vn -0.6356 0.1818 0.7503
vn -0.6268 0.4199 0.6564
vn -0.4690 0.3526 0.8098
vn -0.4498 0.5516 0.7024
vn -0.6267 0.4200 0.6564
vn -0.2646 0.4638 0.8455
vn -0.4497 0.5516 0.7025
vn -0.2646 0.4639 0.8455
vn -0.2520 0.6353 0.7300
vn -0.4497 0.5516 0.7024
vn -0.2644 0.4638 0.8456
vn -0.0821 0.5143 0.8537
vn -0.2519 0.6353 0.7300
vn -0.0780 0.6729 0.7356
vn -0.9055 -0.1070 0.4107
vn -0.9476 0.1017 0.3030
vn -0.8658 0.0304 0.4994
vn -0.9475 0.1017 0.3030
vn -0.8677 0.3042 0.3932
vn -0.9475 0.1018 0.3030
vn -0.8676 0.3042 0.3933
vn -0.7444 0.4777 0.4665
vn -0.8676 0.3042 0.3934
vn -0.6269 0.4199 0.6562
vn -0.7444 0.4777 0.4666
vn -0.6269 0.4200 0.6562
vn -0.5912 0.6156 0.5212
vn -0.7443 0.4779 0.4665
vn -0.6268 0.4201 0.6563
vn -0.5911 0.6155 0.5213
vn -0.4498 0.5517 0.7023
vn -0.4188 0.7160 0.5586
vn -0.5911 0.6156 0.5212
vn -0.4497 0.5517 0.7024
vn -0.2348 0.7794 0.5808
vn -0.2520 0.6354 0.7300
vn -0.0779 0.6730 0.7356
vn -0.2347 0.7794 0.5808
vn -0.9819 0.1288 0.1389
vn -0.9763 -0.0277 0.2144
vn -0.9476 0.1018 0.3028
vn -0.9199 0.3203 0.2261
vn -0.8677 0.3041 0.3932
vn -0.9199 0.3203 0.2260
vn -0.8676 0.3042 0.3932
vn -0.7444 0.4778 0.4664
vn -0.7444 0.4779 0.4664
vn -0.6876 0.6279 0.3646
vn -0.5912 0.6156 0.5211
vn -0.6876 0.6279 0.3647
vn -0.5911 0.6157 0.5211
vn -0.4188 0.7160 0.5585
vn -0.5375 0.7355 0.4124
vn -0.3753 0.8125 0.4462
vn -0.5375 0.7356 0.4124
vn -0.2348 0.7795 0.5808
vn -0.3751 0.8125 0.4462
vn -0.2047 0.8601 0.4673
vn -0.3752 0.8125 0.4462
vn -0.2347 0.7795 0.5808
vn 0.1678 0.4223 -0.8908
vn 0.2284 0.5533 -0.8010
vn 0.3320 0.4155 -0.8468
vn 0.2283 0.5534 -0.8010
vn 0.0722 0.5180 -0.8523
vn 0.4157 0.5467 -0.7269
vn 0.4917 0.3924 -0.7773
vn 0.2285 0.5534 -0.8010
vn 0.4156 0.5467 -0.7269
vn 0.2284 0.5534 -0.8010
vn 0.2490 0.7303 -0.6361
vn 0.2489 0.7303 -0.6362
vn 0.0788 0.8115 -0.5790
vn 0.2489 0.7303 -0.6361
vn 0.5826 0.5156 -0.6282
vn 0.6433 0.3547 -0.6785
vn 0.4158 0.5466 -0.7268
vn 0.5825 0.5157 -0.6282
vn 0.4158 0.5467 -0.7268
vn 0.4507 0.7218 -0.5253
vn 0.5826 0.5158 -0.6281
vn 0.4157 0.5467 -0.7268
vn 0.4506 0.7218 -0.5253
vn 0.2461 0.8580 -0.4508
vn 0.2489 0.7304 -0.6361
vn 0.2459 0.8581 -0.4508
vn 0.0767 0.9125 -0.4019
vn 0.2460 0.8580 -0.4508
vn 0.6434 0.3547 -0.6784
vn 0.7310 0.4645 -0.4999
vn 0.7802 0.3020 -0.5478
vn 0.5827 0.5157 -0.6281
vn 0.6205 0.6778 -0.3944
vn 0.7310 0.4646 -0.4999
vn 0.6205 0.6779 -0.3944
vn 0.4479 0.8399 -0.3064
vn 0.6204 0.6779 -0.3943
vn 0.4506 0.7219 -0.5252
vn 0.4478 0.8400 -0.3064
vn 0.2461 0.8581 -0.4507
vn 0.2351 0.9399 -0.2478
vn 0.2460 0.8581 -0.4508
vn 0.0768 0.9125 -0.4018
vn 0.2350 0.9399 -0.2478
vn 0.0733 0.9759 -0.2054
vn 0.2349 0.9399 -0.2478
vn 0.7803 0.3020 -0.5477
vn 0.8533 0.3937 -0.3417
vn 0.8927 0.2342 -0.3851
vn 0.7310 0.4645 -0.4998
vn 0.7590 0.6057 -0.2388
vn 0.8534 0.3938 -0.3416
vn 0.6206 0.6778 -0.3944
vn 0.7589 0.6058 -0.2388
vn 0.6206 0.6779 -0.3942
vn 0.6106 0.7778 -0.1488
vn 0.7590 0.6058 -0.2386
vn 0.6205 0.6779 -0.3942
vn 0.4480 0.8399 -0.3064
vn 0.6106 0.7779 -0.1488
vn 0.4479 0.8400 -0.3063
vn 0.4257 0.9014 -0.0793
vn 0.6105 0.7779 -0.1488
vn 0.4479 0.8400 -0.3064
vn 0.2351 0.9399 -0.2477
vn 0.4255 0.9015 -0.0793
vn 0.2194 0.9750 -0.0345
vn 0.2349 0.9399 -0.2477
vn 0.8927 0.2342 -0.3850
vn 0.9392 0.3049 -0.1579
vn 0.8534 0.3937 -0.3416
vn 0.8534 0.3938 -0.3415
vn 0.8587 0.5087 -0.0619
vn 0.9392 0.3050 -0.1579
vn 0.7590 0.6057 -0.2387
vn 0.8587 0.5087 -0.0618
vn 0.7590 0.6057 -0.2386
vn 0.7317 0.6812 0.0234
vn 0.6106 0.7778 -0.1487
vn 0.7317 0.6813 0.0235
vn 0.5718 0.8151 0.0935
vn 0.7316 0.6814 0.0235
vn 0.4257 0.9014 -0.0792
vn 0.3917 0.9085 0.1457
vn 0.5717 0.8151 0.0935
vn 0.4255 0.9015 -0.0792
vn 0.3916 0.9085 0.1456
vn 0.2006 0.9632 0.1787
vn 0.3916 0.9085 0.1457
vn 0.0687 0.9976 0.0022
vn 0.2005 0.9632 0.1788
vn 0.9776 0.2104 0.0007
vn 0.9392 0.3048 -0.1579
vn 0.9776 0.2103 0.0007
vn 0.9392 0.3050 -0.1578
vn 0.8042 0.5694 0.1705
vn 0.7317 0.6812 0.0236
vn 0.8041 0.5695 0.1705
vn 0.7317 0.6813 0.0236
vn 0.8041 0.5695 0.1706
vn 0.7316 0.6813 0.0236
vn 0.5718 0.8150 0.0935
vn 0.5718 0.8150 0.0937
vn 0.5104 0.8110 0.2860
vn 0.3420 0.8833 0.3207
vn 0.3419 0.8833 0.3207
vn 0.1670 0.9253 0.3405
vn 0.2004 0.9632 0.1788
vn 0.0500 0.9343 0.3530
vn -0.0818 0.5463 -0.8336
vn -0.3512 0.4284 -0.8326
vn -0.2513 0.5758 -0.7780
vn -0.2512 0.5758 -0.7780
vn -0.0896 0.7044 -0.7041
vn -0.3512 0.4284 -0.8325
vn -0.4366 0.5614 -0.7030
vn -0.4366 0.5615 -0.7029
vn -0.2787 0.7438 -0.6076
vn -0.2512 0.5759 -0.7780
vn -0.2786 0.7438 -0.6076
vn -0.0895 0.7045 -0.7041
vn -0.0907 0.8328 -0.5462
vn -0.5103 0.3986 -0.7621
vn -0.6606 0.3540 -0.6621
vn -0.6019 0.5205 -0.6056
vn -0.5101 0.3986 -0.7621
vn -0.4367 0.5615 -0.7029
vn -0.4773 0.7261 -0.4950
vn -0.2787 0.7439 -0.6075
vn -0.4771 0.7262 -0.4949
vn -0.2795 0.8650 -0.4168
vn -0.2786 0.7439 -0.6075
vn -0.2794 0.8650 -0.4168
vn -0.0906 0.8328 -0.5462
vn -0.2794 0.8650 -0.4167
vn -0.0888 0.9273 -0.3635
vn -0.6606 0.3540 -0.6620
vn -0.7954 0.2942 -0.5299
vn -0.7483 0.4588 -0.4791
vn -0.7482 0.4589 -0.4792
vn -0.6020 0.5205 -0.6056
vn -0.6020 0.5205 -0.6055
vn -0.7482 0.4590 -0.4791
vn -0.6440 0.6725 -0.3648
vn -0.6439 0.6725 -0.3648
vn -0.4773 0.7262 -0.4949
vn -0.6438 0.6726 -0.3648
vn -0.4775 0.8359 -0.2706
vn -0.2795 0.8650 -0.4167
vn -0.2690 0.9400 -0.2097
vn -0.2794 0.8651 -0.4167
vn -0.0888 0.9274 -0.3634
vn -0.2689 0.9401 -0.2097
vn -0.8677 0.3780 -0.3227
vn -0.7955 0.2942 -0.5298
vn -0.7483 0.4589 -0.4790
vn -0.8677 0.3781 -0.3227
vn -0.7788 0.5907 -0.2111
vn -0.7482 0.4590 -0.4790
vn -0.7787 0.5908 -0.2112
vn -0.6440 0.6726 -0.3646
vn -0.7787 0.5909 -0.2111
vn -0.6356 0.7636 -0.1140
vn -0.6439 0.6726 -0.3647
vn -0.6355 0.7636 -0.1139
vn -0.4776 0.8359 -0.2706
vn -0.4776 0.8359 -0.2705
vn -0.6355 0.7636 -0.1140
vn -0.4550 0.8896 -0.0402
vn -0.4775 0.8360 -0.2705
vn -0.4549 0.8896 -0.0402
vn -0.2690 0.9401 -0.2096
vn -0.2690 0.9401 -0.2095
vn -0.2511 0.9679 0.0057
vn -0.2511 0.9679 0.0056
vn -0.0848 0.9830 -0.1629
vn -0.2510 0.9680 0.0057
vn -0.0789 0.9958 0.0462
vn -0.9044 0.2195 -0.3658
vn -0.9495 0.2804 -0.1409
vn -0.9495 0.2805 -0.1409
vn -0.8678 0.3780 -0.3227
vn -0.9494 0.2806 -0.1409
vn -0.8738 0.4848 -0.0368
vn -0.8677 0.3782 -0.3227
vn -0.8738 0.4848 -0.0369
vn -0.7788 0.5908 -0.2110
vn -0.8738 0.4849 -0.0368
vn -0.7511 0.6579 0.0557
vn -0.7787 0.5908 -0.2110
vn -0.7510 0.6579 0.0557
vn -0.6356 0.7636 -0.1139
vn -0.6355 0.7636 -0.1138
vn -0.7510 0.6580 0.0558
vn -0.5950 0.7930 0.1307
vn -0.5949 0.7931 0.1307
vn -0.4550 0.8896 -0.0401
vn -0.4550 0.8896 -0.0400
vn -0.4176 0.8895 0.1854
vn -0.4549 0.8896 -0.0400
vn -0.4176 0.8895 0.1853
vn -0.2511 0.9679 0.0058
vn -0.2277 0.9488 0.2188
vn -0.2276 0.9489 0.2187
vn -0.0789 0.9958 0.0463
vn -0.2276 0.9489 0.2188
vn -0.0716 0.9647 0.2533
vn -0.9828 0.1845 0.0036
vn -0.9211 0.3766 0.0984
vn -0.8738 0.4848 -0.0367
vn -0.8183 0.5450 0.1826
vn -0.8183 0.5451 0.1824
vn -0.7511 0.6578 0.0559
vn -0.7510 0.6579 0.0558
vn -0.6854 0.6833 0.2518
vn -0.7510 0.6580 0.0559
vn -0.5950 0.7930 0.1309
vn -0.5323 0.7896 0.3051
vn -0.5949 0.7931 0.1309
vn -0.4176 0.8895 0.1855
vn -0.2276 0.9488 0.2188
vn -0.3668 0.8651 0.3422
vn -0.0716 0.9647 0.2535
vn 0.9974 -0.0155 0.0698
vn 0.9971 -0.0670 -0.0364
vn 0.9958 0.0478 -0.0781
vn 0.9946 0.1003 0.0279
vn -0.9970 0.0775 -0.0025
vn -0.9941 0.0247 -0.1055
vn -0.9959 -0.0843 -0.0328
vn -0.9969 -0.0319 0.0715
vn -0.0565 0.4876 0.8713
vn -0.0521 0.3867 0.9207
vn 0.0516 0.4100 0.9106
vn 0.0338 0.4979 0.8666
vn -0.0474 -0.4706 -0.8811
vn -0.0341 -0.3804 -0.9242
vn 0.0546 -0.3894 -0.9195
vn 0.0497 -0.4864 -0.8723
vn -0.0523 -0.8625 0.5034
vn -0.0470 -0.9084 0.4155
vn 0.0596 -0.8961 0.4399
vn 0.0620 -0.8435 0.5335
vn 0.0440 0.8946 -0.4446
vn 0.0436 0.8453 -0.5325
vn -0.0500 0.8509 -0.5230
vn -0.0504 0.8995 -0.4340
vn 0.9971 -0.0671 -0.0364
vn 0.9736 -0.1504 -0.1716
vn 0.9772 -0.0018 -0.2122
vn 0.9736 -0.1504 -0.1717
vn 0.9012 -0.2487 -0.3550
vn 0.9087 -0.0903 -0.4076
vn 0.9772 -0.0018 -0.2124
vn 0.9011 -0.2488 -0.3550
vn 0.7911 -0.3330 -0.5130
vn 0.8004 -0.1683 -0.5753
vn 0.9087 -0.0904 -0.4076
vn 0.7911 -0.3330 -0.5131
vn 0.6554 -0.4004 -0.6404
vn 0.6648 -0.2326 -0.7098
vn 0.8003 -0.1684 -0.5755
vn 0.6553 -0.4005 -0.6404
vn 0.5040 -0.4507 -0.7368
vn 0.5127 -0.2827 -0.8107
vn 0.6648 -0.2326 -0.7099
vn 0.5039 -0.4507 -0.7368
vn 0.3437 -0.4843 -0.8046
vn 0.3507 -0.3203 -0.8800
vn 0.5126 -0.2827 -0.8107
vn 0.3436 -0.4843 -0.8046
vn 0.1778 -0.4998 -0.8477
vn 0.1821 -0.3508 -0.9186
vn 0.1777 -0.4998 -0.8477
vn -0.9941 0.0248 -0.1055
vn -0.9662 -0.0287 -0.2561
vn -0.9705 -0.1660 -0.1751
vn -0.9959 -0.0843 -0.0329
vn -0.9662 -0.0287 -0.2562
vn -0.8879 -0.1132 -0.4460
vn -0.8961 -0.2600 -0.3596
vn -0.8878 -0.1132 -0.4461
vn -0.7727 -0.1859 -0.6069
vn -0.7848 -0.3393 -0.5187
vn -0.8961 -0.2601 -0.3598
vn -0.6332 -0.2445 -0.7344
vn -0.6482 -0.4013 -0.6471
vn -0.7847 -0.3393 -0.5188
vn -0.4791 -0.2890 -0.8288
vn -0.4966 -0.4462 -0.7445
vn -0.4790 -0.2891 -0.8289
vn -0.3163 -0.3215 -0.8925
vn -0.3361 -0.4747 -0.8134
vn -0.4964 -0.4463 -0.7446
vn -0.3162 -0.3215 -0.8926
vn -0.1464 -0.3466 -0.9265
vn -0.1704 -0.4847 -0.8579
vn -0.3360 -0.4747 -0.8135
vn -0.1463 -0.3466 -0.9265
vn -0.0342 -0.3804 -0.9242
vn -0.1703 -0.4847 -0.8579
vn -0.9969 -0.0319 0.0717
vn -0.9780 0.0157 0.2081
vn -0.9824 0.1514 0.1092
vn -0.9970 0.0775 -0.0024
vn -0.9094 0.1026 0.4031
vn -0.9193 0.2531 0.3015
vn -0.9093 0.1026 0.4033
vn -0.8011 0.1789 0.5712
vn -0.8142 0.3407 0.4700
vn -0.9192 0.2533 0.3015
vn -0.6657 0.2415 0.7061
vn -0.6796 0.4109 0.6077
vn -0.8142 0.3408 0.4700
vn -0.6656 0.2415 0.7061
vn -0.5140 0.2904 0.8072
vn -0.5265 0.4629 0.7131
vn -0.6795 0.4109 0.6077
vn -0.5138 0.2904 0.8072
vn -0.3531 0.3271 0.8766
vn -0.3622 0.4974 0.7883
vn -0.5264 0.4630 0.7132
vn -0.3529 0.3271 0.8766
vn -0.1870 0.3555 0.9158
vn -0.1904 0.5110 0.8383
vn -0.3621 0.4974 0.7883
vn -0.1869 0.3556 0.9158
vn -0.0521 0.3868 0.9207
vn -0.0565 0.4876 0.8712
vn -0.1903 0.5110 0.8383
vn 0.9715 0.1808 0.1535
vn 0.9779 0.0319 0.2069
vn 0.9974 -0.0154 0.0699
vn 0.9714 0.1809 0.1537
vn 0.8975 0.2811 0.3398
vn 0.9090 0.1224 0.3985
vn 0.9778 0.0319 0.2069
vn 0.8974 0.2811 0.3400
vn 0.7846 0.3658 0.5005
vn 0.8012 0.2019 0.5633
vn 0.9089 0.1224 0.3985
vn 0.7846 0.3659 0.5005
vn 0.6451 0.4326 0.6298
vn 0.6664 0.2676 0.6959
vn 0.8011 0.2020 0.5634
vn 0.6451 0.4327 0.6298
vn 0.4891 0.4814 0.7274
vn 0.5150 0.3186 0.7958
vn 0.4890 0.4813 0.7274
vn 0.3229 0.5125 0.7957
vn 0.3524 0.3562 0.8654
vn 0.5148 0.3186 0.7959
vn 0.3228 0.5125 0.7957
vn 0.1484 0.5235 0.8390
vn 0.1834 0.3852 0.9044
vn 0.3523 0.3563 0.8654
vn 0.1483 0.5235 0.8390
vn 0.0339 0.4979 0.8666
vn 0.0517 0.4100 0.9106
vn 0.1833 0.3853 0.9044
vn 0.0575 0.7653 -0.6411
vn -0.0603 0.7759 -0.6280
vn -0.0500 0.8508 -0.5231
vn 0.0575 0.7652 -0.6412
vn 0.0645 0.6280 -0.7755
vn -0.0641 0.6407 -0.7651
vn 0.0645 0.6280 -0.7756
vn 0.0709 0.4705 -0.8795
vn -0.0668 0.4847 -0.8721
vn -0.0641 0.6406 -0.7652
vn 0.0709 0.4704 -0.8796
vn 0.0764 0.2988 -0.9513
vn -0.0685 0.3139 -0.9470
vn -0.0668 0.4845 -0.8722
vn 0.0764 0.2986 -0.9513
vn 0.0805 0.1177 -0.9898
vn -0.0688 0.1336 -0.9886
vn 0.0805 0.1175 -0.9898
vn 0.0823 -0.0685 -0.9942
vn -0.0670 -0.0520 -0.9964
vn 0.0824 -0.0687 -0.9942
vn 0.0785 -0.2559 -0.9635
vn -0.0590 -0.2388 -0.9693
vn -0.0670 -0.0522 -0.9964
vn 0.0785 -0.2560 -0.9635
vn 0.0546 -0.3893 -0.9195
vn -0.0590 -0.2389 -0.9692
vn -0.0612 -0.9595 0.2748
vn 0.0709 -0.9462 0.3157
vn 0.0596 -0.8961 0.4398
vn -0.0612 -0.9596 0.2748
vn -0.0674 -0.9952 0.0716
vn 0.0779 -0.9905 0.1133
vn 0.0709 -0.9462 0.3156
vn -0.0675 -0.9952 0.0715
vn -0.0728 -0.9881 -0.1352
vn 0.0835 -0.9920 -0.0948
vn 0.0779 -0.9905 0.1132
vn -0.0770 -0.9390 -0.3351
vn 0.0872 -0.9505 -0.2982
vn -0.0770 -0.9390 -0.3353
vn -0.0797 -0.8509 -0.5192
vn 0.0888 -0.8689 -0.4870
vn 0.0871 -0.9505 -0.2982
vn -0.0799 -0.7287 -0.6801
vn 0.0874 -0.7515 -0.6540
vn 0.0888 -0.8688 -0.4871
vn -0.0799 -0.7286 -0.6802
vn -0.0739 -0.5765 -0.8138
vn 0.0794 -0.6024 -0.7942
vn 0.0874 -0.7514 -0.6540
vn -0.0739 -0.5764 -0.8138
vn -0.0474 -0.4707 -0.8810
vn 0.0794 -0.6024 -0.7943
vn 0.0619 -0.8435 0.5335
vn 0.0735 -0.7682 0.6360
vn -0.0668 -0.7981 0.5988
vn -0.0523 -0.8624 0.5035
vn 0.0734 -0.7682 0.6360
vn 0.0797 -0.6266 0.7753
vn -0.0736 -0.6629 0.7451
vn 0.0798 -0.6265 0.7754
vn 0.0847 -0.4630 0.8823
vn -0.0794 -0.5041 0.8600
vn -0.0736 -0.6628 0.7451
vn 0.0848 -0.4629 0.8823
vn 0.0882 -0.2841 0.9547
vn -0.0843 -0.3285 0.9407
vn 0.0883 -0.2841 0.9547
vn 0.0901 -0.0957 0.9913
vn -0.0878 -0.1417 0.9860
vn -0.0843 -0.3284 0.9408
vn 0.0894 0.0976 0.9912
vn -0.0890 0.0518 0.9947
vn -0.0878 -0.1416 0.9860
vn 0.0822 0.2930 0.9526
vn -0.0833 0.2486 0.9650
vn 0.0822 0.2931 0.9525
vn 0.0516 0.4099 0.9107
vn -0.0832 0.2486 0.9650
vn -0.0505 0.8995 -0.4340
vn -0.0651 0.9476 -0.3129
vn 0.0574 0.9418 -0.3312
vn -0.0651 0.9476 -0.3127
vn -0.0736 0.9908 -0.1140
vn 0.0622 0.9890 -0.1339
vn -0.0736 0.9908 -0.1139
vn -0.0810 0.9925 0.0915
vn 0.0659 0.9953 0.0708
vn 0.0623 0.9891 -0.1338
vn -0.0866 0.9521 0.2933
vn 0.0682 0.9596 0.2729
vn 0.0659 0.9953 0.0710
vn -0.0866 0.9521 0.2934
vn -0.0900 0.8717 0.4818
vn 0.0690 0.8837 0.4630
vn 0.0683 0.9596 0.2731
vn -0.0900 0.8716 0.4819
vn -0.0899 0.7556 0.6489
vn 0.0673 0.7713 0.6329
vn 0.0689 0.8836 0.4631
vn -0.0898 0.7555 0.6489
vn -0.0831 0.6093 0.7886
vn 0.0593 0.6277 0.7762
vn -0.0832 0.6092 0.7886
vn -0.1823 -0.8483 0.4971
vn -0.1595 -0.9013 0.4027
vn -0.0471 -0.9084 0.4155
vn -0.3492 -0.8068 0.4766
vn -0.3332 -0.8621 0.3817
vn -0.1596 -0.9013 0.4028
vn -0.3493 -0.8068 0.4766
vn -0.5107 -0.7372 0.4424
vn -0.5013 -0.7940 0.3440
vn -0.3332 -0.8621 0.3819
vn -0.6623 -0.6378 0.3932
vn -0.6585 -0.6950 0.2887
vn -0.5014 -0.7939 0.3440
vn -0.6624 -0.6377 0.3932
vn -0.7971 -0.5073 0.3277
vn -0.7969 -0.5642 0.2158
vn -0.6585 -0.6949 0.2887
vn -0.7971 -0.5072 0.3276
vn -0.9049 -0.3471 0.2462
vn -0.9063 -0.4035 0.1262
vn -0.7970 -0.5642 0.2158
vn -0.9050 -0.3470 0.2462
vn -0.9749 -0.1630 0.1517
vn -0.9754 -0.2190 0.0235
vn -0.9063 -0.4034 0.1261
vn -0.9749 -0.1628 0.1517
vn -0.9969 -0.0320 0.0717
vn -0.9959 -0.0843 -0.0327
vn -0.9755 -0.2189 0.0234
vn -0.1657 0.8329 -0.5280
vn -0.1707 0.8900 -0.4229
vn -0.1658 0.8329 -0.5280
vn -0.3328 0.7939 -0.5088
vn -0.3376 0.8500 -0.4043
vn -0.1708 0.8899 -0.4229
vn -0.3329 0.7939 -0.5088
vn -0.4956 0.7268 -0.4755
vn -0.5002 0.7829 -0.3701
vn -0.3378 0.8500 -0.4042
vn -0.4957 0.7268 -0.4755
vn -0.6495 0.6295 -0.4266
vn -0.6531 0.6866 -0.3195
vn -0.5003 0.7828 -0.3700
vn -0.6495 0.6295 -0.4265
vn -0.7867 0.5007 -0.3610
vn -0.7892 0.5600 -0.2522
vn -0.6532 0.6865 -0.3195
vn -0.7868 0.5006 -0.3610
vn -0.8975 0.3415 -0.2791
vn -0.8988 0.4044 -0.1690
vn -0.7892 0.5599 -0.2522
vn -0.8975 0.3414 -0.2790
vn -0.9702 0.1578 -0.1838
vn -0.9716 0.2252 -0.0732
vn -0.8989 0.4043 -0.1689
vn -0.9702 0.1577 -0.1838
vn -0.9941 0.0249 -0.1055
vn 0.0597 -0.8961 0.4399
vn 0.1912 -0.8870 0.4203
vn 0.2092 -0.8266 0.5224
vn 0.3623 -0.8437 0.3960
vn 0.3743 -0.7822 0.4980
vn 0.3625 -0.8437 0.3960
vn 0.5270 -0.7724 0.3544
vn 0.5336 -0.7102 0.4592
vn 0.3744 -0.7822 0.4980
vn 0.5271 -0.7724 0.3544
vn 0.6802 -0.6712 0.2947
vn 0.6828 -0.6083 0.4046
vn 0.5337 -0.7102 0.4592
vn 0.6802 -0.6711 0.2948
vn 0.8142 -0.5387 0.2168
vn 0.8140 -0.4757 0.3333
vn 0.8142 -0.5386 0.2168
vn 0.9185 -0.3761 0.1218
vn 0.9170 -0.3140 0.2460
vn 0.8141 -0.4756 0.3333
vn 0.9186 -0.3761 0.1217
vn 0.9817 -0.1898 0.0141
vn 0.9808 -0.1296 0.1460
vn 0.9817 -0.1897 0.0141
vn 0.9974 -0.0155 0.0699
vn 0.9808 -0.1294 0.1459
vn 0.0440 0.8946 -0.4447
vn 0.1578 0.8894 -0.4290
vn 0.1534 0.8314 -0.5341
vn 0.1579 0.8894 -0.4290
vn 0.3250 0.8537 -0.4069
vn 0.3219 0.7965 -0.5119
vn 0.1535 0.8314 -0.5341
vn 0.3251 0.8536 -0.4070
vn 0.4879 0.7910 -0.3693
vn 0.4858 0.7336 -0.4752
vn 0.3219 0.7964 -0.5119
vn 0.4880 0.7909 -0.3693
vn 0.6418 0.6992 -0.3149
vn 0.6406 0.6411 -0.4226
vn 0.4859 0.7336 -0.4751
vn 0.6419 0.6991 -0.3149
vn 0.7795 0.5771 -0.2435
vn 0.7790 0.5178 -0.3535
vn 0.6407 0.6411 -0.4226
vn 0.7796 0.5770 -0.2435
vn 0.8913 0.4259 -0.1557
vn 0.8916 0.3647 -0.2683
vn 0.7791 0.5178 -0.3535
vn 0.8913 0.4259 -0.1556
vn 0.9664 0.2511 -0.0545
vn 0.9677 0.1866 -0.1695
vn 0.8917 0.3645 -0.2683
vn 0.9665 0.2510 -0.0544
vn 0.9678 0.1864 -0.1695
vn 0.0517 0.4099 0.9107
vn 0.0823 0.2931 0.9525
vn 0.1833 0.3852 0.9044
vn 0.2590 0.2324 0.9375
vn 0.3523 0.3562 0.8654
vn 0.0823 0.2931 0.9526
vn 0.2590 0.2322 0.9375
vn 0.0823 0.2930 0.9526
vn 0.4437 0.1835 0.8772
vn 0.2591 0.2322 0.9375
vn 0.2818 -0.0051 0.9595
vn 0.4436 0.1835 0.8773
vn 0.0895 0.0976 0.9912
vn 0.2816 -0.0052 0.9595
vn 0.6068 0.1273 0.7846
vn 0.5149 0.3186 0.7958
vn 0.4755 -0.0776 0.8763
vn 0.6067 0.1273 0.7847
vn 0.4437 0.1834 0.8772
vn 0.2817 -0.0052 0.9595
vn 0.4755 -0.0775 0.8763
vn 0.2818 -0.0053 0.9595
vn 0.2816 -0.2199 0.9340
vn 0.4754 -0.0776 0.8763
vn 0.2816 -0.0053 0.9595
vn 0.2815 -0.2200 0.9340
vn 0.0902 -0.0958 0.9913
vn 0.0883 -0.2840 0.9547
vn 0.6664 0.2675 0.6959
vn 0.7508 0.0609 0.6577
vn 0.8011 0.2019 0.5634
vn 0.7508 0.0610 0.6578
vn 0.6068 0.1272 0.7846
vn 0.6374 -0.1473 0.7563
vn 0.7508 0.0608 0.6578
vn 0.4756 -0.0776 0.8763
vn 0.4722 -0.3099 0.8252
vn 0.6373 -0.1474 0.7564
vn 0.4754 -0.0777 0.8763
vn 0.2816 -0.2200 0.9340
vn 0.4722 -0.3100 0.8252
vn 0.2728 -0.4162 0.8674
vn 0.4721 -0.3100 0.8252
vn 0.2727 -0.4163 0.8674
vn 0.2726 -0.4163 0.8674
vn 0.8012 0.2019 0.5634
vn 0.8682 -0.0148 0.4959
vn 0.9089 0.1224 0.3986
vn 0.7508 0.0608 0.6577
vn 0.8682 -0.0149 0.4960
vn 0.7508 0.0607 0.6577
vn 0.7699 -0.2193 0.5993
vn 0.8682 -0.0150 0.4960
vn 0.6375 -0.1473 0.7563
vn 0.6374 -0.1474 0.7563
vn 0.6252 -0.3876 0.6774
vn 0.6374 -0.1475 0.7563
vn 0.6252 -0.3876 0.6775
vn 0.4722 -0.3101 0.8252
vn 0.4507 -0.5124 0.7309
vn 0.6251 -0.3876 0.6775
vn 0.4721 -0.3101 0.8252
vn 0.2728 -0.4163 0.8673
vn 0.4507 -0.5124 0.7310
vn 0.2728 -0.4163 0.8674
vn 0.2581 -0.5921 0.7634
vn 0.2727 -0.4164 0.8674
vn 0.0848 -0.4630 0.8823
vn 0.2580 -0.5921 0.7635
vn 0.0798 -0.6264 0.7754
vn 0.9090 0.1223 0.3985
vn 0.9478 -0.0972 0.3038
vn 0.9778 0.0319 0.2070
vn 0.8683 -0.0150 0.4959
vn 0.9478 -0.0973 0.3038
vn 0.8652 -0.2913 0.4081
vn 0.7700 -0.2193 0.5991
vn 0.8652 -0.2913 0.4082
vn 0.7700 -0.2194 0.5992
vn 0.7404 -0.4569 0.4930
vn 0.8651 -0.2914 0.4082
vn 0.7699 -0.2194 0.5993
vn 0.7404 -0.4569 0.4931
vn 0.5874 -0.5876 0.5565
vn 0.7404 -0.4570 0.4930
vn 0.6251 -0.3878 0.6774
vn 0.5873 -0.5876 0.5566
vn 0.4507 -0.5125 0.7309
vn 0.4177 -0.6824 0.5999
vn 0.5873 -0.5877 0.5565
vn 0.2581 -0.5922 0.7634
vn 0.2385 -0.7425 0.6259
vn 0.4176 -0.6824 0.5999
vn 0.2580 -0.5922 0.7634
vn 0.0798 -0.6266 0.7753
vn 0.2385 -0.7426 0.6259
vn 0.9974 -0.0156 0.0699
vn 0.9171 -0.3138 0.2460
vn 0.9808 -0.1295 0.1460
vn 0.9170 -0.3139 0.2460
vn 0.8652 -0.2914 0.4081
vn 0.9170 -0.3140 0.2461
vn 0.8652 -0.2914 0.4082
vn 0.7404 -0.4570 0.4929
vn 0.8139 -0.4757 0.3334
vn 0.6828 -0.6083 0.4047
vn 0.5337 -0.7101 0.4592
vn 0.5873 -0.5878 0.5565
vn 0.4178 -0.6824 0.5999
vn 0.5336 -0.7101 0.4593
vn 0.4176 -0.6825 0.5998
vn 0.2385 -0.7426 0.6258
vn 0.2093 -0.8266 0.5224
vn 0.3743 -0.7822 0.4981
vn 0.0735 -0.7682 0.6359
vn 0.2092 -0.8266 0.5225
vn -0.1869 0.3555 0.9158
vn -0.3529 0.3270 0.8766
vn -0.2557 0.1680 0.9520
vn -0.2556 0.1680 0.9521
vn -0.2557 0.1680 0.9521
vn -0.0891 0.0518 0.9947
vn -0.3530 0.3270 0.8766
vn -0.5138 0.2904 0.8073
vn -0.4397 0.1072 0.8917
vn -0.4396 0.1072 0.8918
vn -0.2558 0.1680 0.9520
vn -0.4397 0.1070 0.8918
vn -0.2740 -0.0590 0.9599
vn -0.2557 0.1679 0.9521
vn -0.2739 -0.0589 0.9599
vn -0.2739 -0.0590 0.9599
vn -0.0879 -0.1416 0.9860
vn -0.5139 0.2904 0.8072
vn -0.6021 0.0553 0.7965
vn -0.5139 0.2903 0.8072
vn -0.4398 0.1071 0.8917
vn -0.4398 0.1070 0.8917
vn -0.4654 -0.1401 0.8739
vn -0.4397 0.1070 0.8917
vn -0.4654 -0.1401 0.8740
vn -0.4654 -0.1402 0.8739
vn -0.2701 -0.2683 0.9247
vn -0.2700 -0.2683 0.9247
vn -0.0880 -0.1417 0.9860
vn -0.0879 -0.1417 0.9860
vn -0.2700 -0.2684 0.9247
vn -0.7458 -0.0010 0.6662
vn -0.7458 -0.0010 0.6661
vn -0.6022 0.0553 0.7964
vn -0.6022 0.0553 0.7965
vn -0.7457 -0.0012 0.6662
vn -0.6264 -0.2061 0.7517
vn -0.6021 0.0552 0.7965
vn -0.4654 -0.1403 0.8739
vn -0.6264 -0.2063 0.7517
vn -0.4584 -0.3622 0.8116
vn -0.2701 -0.2684 0.9247
vn -0.4584 -0.3623 0.8115
vn -0.2580 -0.4599 0.8497
vn -0.0844 -0.3285 0.9407
vn -0.0795 -0.5041 0.8600
vn -0.8011 0.1788 0.5712
vn -0.8632 -0.0654 0.5006
vn -0.8011 0.1787 0.5712
vn -0.8632 -0.0655 0.5006
vn -0.7459 -0.0010 0.6661
vn -0.7458 -0.0012 0.6661
vn -0.8632 -0.0656 0.5006
vn -0.7592 -0.2692 0.5926
vn -0.7591 -0.2692 0.5926
vn -0.6265 -0.2061 0.7517
vn -0.7591 -0.2694 0.5926
vn -0.6109 -0.4347 0.6617
vn -0.6108 -0.4348 0.6617
vn -0.4585 -0.3624 0.8115
vn -0.6108 -0.4349 0.6617
vn -0.4347 -0.5557 0.7087
vn -0.4584 -0.3624 0.8115
vn -0.4346 -0.5556 0.7088
vn -0.2580 -0.4599 0.8496
vn -0.4346 -0.5557 0.7087
vn -0.2410 -0.6303 0.7380
vn -0.2579 -0.4599 0.8497
vn -0.2409 -0.6303 0.7381
vn -0.2409 -0.6303 0.7380
vn -0.0736 -0.6628 0.7452
vn -0.9093 0.1025 0.4033
vn -0.9780 0.0157 0.2082
vn -0.9428 -0.1362 0.3044
vn -0.9093 0.1024 0.4033
vn -0.9427 -0.1362 0.3046
vn -0.8633 -0.0654 0.5005
vn -0.9427 -0.1362 0.3044
vn -0.8550 -0.3307 0.3995
vn -0.8550 -0.3308 0.3995
vn -0.8550 -0.3309 0.3994
vn -0.7266 -0.4955 0.4759
vn -0.7266 -0.4955 0.4760
vn -0.6109 -0.4348 0.6616
vn -0.6109 -0.4349 0.6616
vn -0.5715 -0.6243 0.5326
vn -0.5715 -0.6243 0.5327
vn -0.5713 -0.6244 0.5326
vn -0.4005 -0.7168 0.5708
vn -0.4004 -0.7168 0.5708
vn -0.4004 -0.7168 0.5709
vn -0.2201 -0.7740 0.5937
vn -0.2408 -0.6304 0.7380
vn -0.2200 -0.7740 0.5937
vn -0.9427 -0.1364 0.3044
vn -0.9749 -0.1629 0.1519
vn -0.9427 -0.1363 0.3044
vn -0.9049 -0.3470 0.2463
vn -0.8550 -0.3308 0.3994
vn -0.9049 -0.3471 0.2463
vn -0.7971 -0.5072 0.3277
vn -0.5714 -0.6244 0.5326
vn -0.5107 -0.7371 0.4426
vn -0.5106 -0.7372 0.4426
vn -0.2202 -0.7741 0.5936
vn -0.3492 -0.8067 0.4767
vn -0.1824 -0.8482 0.4972
vn -0.2200 -0.7741 0.5937
vn -0.1823 -0.8483 0.4972
vn -0.0668 -0.7981 0.5987
vn -0.0668 -0.7982 0.5987
vn 0.1779 -0.4998 -0.8477
vn 0.3436 -0.4844 -0.8046
vn 0.2442 -0.6325 -0.7351
vn 0.2441 -0.6325 -0.7351
vn 0.0794 -0.6025 -0.7942
vn 0.0875 -0.7514 -0.6540
vn 0.3437 -0.4843 -0.8045
vn 0.5039 -0.4508 -0.7368
vn 0.4302 -0.6149 -0.6609
vn 0.4301 -0.6149 -0.6610
vn 0.2442 -0.6326 -0.7350
vn 0.4301 -0.6150 -0.6609
vn 0.2713 -0.7868 -0.5544
vn 0.2441 -0.6327 -0.7349
vn 0.2712 -0.7868 -0.5545
vn 0.2712 -0.7868 -0.5544
vn 0.5040 -0.4508 -0.7367
vn 0.5966 -0.5675 -0.5674
vn 0.5966 -0.5676 -0.5673
vn 0.4302 -0.6150 -0.6609
vn 0.5966 -0.5677 -0.5673
vn 0.4691 -0.7637 -0.4436
vn 0.4689 -0.7638 -0.4436
vn 0.2714 -0.7868 -0.5543
vn 0.4690 -0.7638 -0.4435
vn 0.2730 -0.8936 -0.3563
vn 0.2712 -0.7869 -0.5543
vn 0.2728 -0.8937 -0.3563
vn 0.0873 -0.9505 -0.2982
vn 0.6554 -0.4005 -0.6404
vn 0.7437 -0.4975 -0.4465
vn 0.7437 -0.4976 -0.4465
vn 0.5967 -0.5676 -0.5673
vn 0.7436 -0.4977 -0.4464
vn 0.6366 -0.7025 -0.3183
vn 0.4691 -0.7637 -0.4435
vn 0.6364 -0.7026 -0.3183
vn 0.4695 -0.8567 -0.2138
vn 0.4690 -0.7638 -0.4434
vn 0.4695 -0.8567 -0.2139
vn 0.2730 -0.8937 -0.3561
vn 0.2635 -0.9536 -0.1456
vn 0.2728 -0.8937 -0.3562
vn 0.8638 -0.4066 -0.2975
vn 0.7911 -0.3331 -0.5130
vn 0.8638 -0.4067 -0.2974
vn 0.7438 -0.4975 -0.4464
vn 0.7437 -0.4976 -0.4463
vn 0.8638 -0.4067 -0.2973
vn 0.7725 -0.6113 -0.1721
vn 0.7724 -0.6113 -0.1722
vn 0.6366 -0.7024 -0.3183
vn 0.6366 -0.7025 -0.3181
vn 0.7724 -0.6114 -0.1721
vn 0.6279 -0.7757 -0.0642
vn 0.6365 -0.7026 -0.3181
vn 0.6278 -0.7757 -0.0642
vn 0.4695 -0.8567 -0.2137
vn 0.4479 -0.8939 0.0176
vn 0.4694 -0.8567 -0.2137
vn 0.4479 -0.8939 0.0174
vn 0.2635 -0.9536 -0.1455
vn 0.4478 -0.8939 0.0175
vn 0.2468 -0.9666 0.0691
vn 0.2634 -0.9536 -0.1455
vn 0.0780 -0.9905 0.1132
vn 0.9012 -0.2488 -0.3549
vn 0.9736 -0.1505 -0.1717
vn 0.9466 -0.2975 -0.1244
vn 0.9466 -0.2975 -0.1246
vn 0.8639 -0.4066 -0.2974
vn 0.9465 -0.2977 -0.1244
vn 0.8690 -0.4947 -0.0074
vn 0.8690 -0.4948 -0.0075
vn 0.8690 -0.4948 -0.0074
vn 0.7448 -0.6604 0.0957
vn 0.6279 -0.7757 -0.0641
vn 0.5885 -0.7885 0.1789
vn 0.6278 -0.7757 -0.0641
vn 0.5883 -0.7886 0.1789
vn 0.4123 -0.8790 0.2397
vn 0.4478 -0.8939 0.0176
vn 0.4123 -0.8790 0.2396
vn 0.2468 -0.9666 0.0692
vn 0.4121 -0.8790 0.2397
vn 0.2246 -0.9340 0.2777
vn 0.0779 -0.9905 0.1134
vn 0.0710 -0.9462 0.3156
vn 0.9971 -0.0672 -0.0364
vn 0.9817 -0.1898 0.0140
vn 0.9466 -0.2975 -0.1243
vn 0.9817 -0.1899 0.0140
vn 0.9465 -0.2976 -0.1244
vn 0.8690 -0.4947 -0.0073
vn 0.9185 -0.3761 0.1217
vn 0.8142 -0.5386 0.2167
vn 0.8690 -0.4948 -0.0073
vn 0.7448 -0.6604 0.0958
vn 0.8141 -0.5387 0.2167
vn 0.6802 -0.6711 0.2947
vn 0.5884 -0.7885 0.1790
vn 0.6801 -0.6712 0.2948
vn 0.5883 -0.7886 0.1790
vn 0.4123 -0.8789 0.2398
vn 0.3624 -0.8437 0.3960
vn 0.4122 -0.8790 0.2398
vn 0.3623 -0.8438 0.3960
vn 0.2248 -0.9340 0.2779
vn 0.2247 -0.9340 0.2778
vn 0.1912 -0.8870 0.4202
vn 0.2246 -0.9340 0.2779
vn 0.1911 -0.8871 0.4202
vn 0.0710 -0.9462 0.3157
vn 0.0597 -0.8961 0.4398
vn -0.0474 -0.4706 -0.8810
vn -0.0739 -0.5763 -0.8139
vn -0.1703 -0.4849 -0.8578
vn -0.1704 -0.4848 -0.8579
vn -0.2311 -0.6120 -0.7564
vn -0.3360 -0.4748 -0.8134
vn -0.1704 -0.4849 -0.8578
vn -0.0740 -0.5764 -0.8138
vn -0.0799 -0.7287 -0.6802
vn -0.2311 -0.6120 -0.7563
vn -0.3362 -0.4748 -0.8134
vn -0.4177 -0.6031 -0.6795
vn -0.4965 -0.4464 -0.7445
vn -0.2313 -0.6119 -0.7563
vn -0.4178 -0.6032 -0.6794
vn -0.2312 -0.6120 -0.7563
vn -0.2502 -0.7755 -0.5797
vn -0.4177 -0.6033 -0.6794
vn -0.2311 -0.6121 -0.7563
vn -0.2500 -0.7755 -0.5797
vn -0.0798 -0.8509 -0.5192
vn -0.5847 -0.5658 -0.5814
vn -0.6482 -0.4014 -0.6471
vn -0.4179 -0.6032 -0.6794
vn -0.5847 -0.5659 -0.5813
vn -0.4178 -0.6033 -0.6793
vn -0.4495 -0.7618 -0.4665
vn -0.5847 -0.5659 -0.5812
vn -0.4494 -0.7619 -0.4664
vn -0.2458 -0.8891 -0.3861
vn -0.4493 -0.7620 -0.4663
vn -0.2457 -0.8891 -0.3861
vn -0.0798 -0.8510 -0.5191
vn -0.0771 -0.9390 -0.3353
vn -0.2457 -0.8892 -0.3859
vn -0.7324 -0.5058 -0.4557
vn -0.7847 -0.3393 -0.5187
vn -0.6483 -0.4014 -0.6470
vn -0.5848 -0.5659 -0.5812
vn -0.7324 -0.5059 -0.4557
vn -0.6183 -0.7100 -0.3369
vn -0.4495 -0.7619 -0.4664
vn -0.6183 -0.7101 -0.3369
vn -0.4495 -0.7619 -0.4663
vn -0.4443 -0.8629 -0.2409
vn -0.4494 -0.7620 -0.4663
vn -0.2459 -0.8891 -0.3860
vn -0.2459 -0.8892 -0.3859
vn -0.2330 -0.9559 -0.1787
vn -0.2458 -0.8892 -0.3859
vn -0.0771 -0.9390 -0.3351
vn -0.2329 -0.9559 -0.1787
vn -0.2329 -0.9560 -0.1786
vn -0.8537 -0.4242 -0.3022
vn -0.8960 -0.2602 -0.3598
vn -0.7326 -0.5058 -0.4556
vn -0.7325 -0.5059 -0.4556
vn -0.7558 -0.6278 -0.1861
vn -0.8537 -0.4243 -0.3020
vn -0.7325 -0.5059 -0.4555
vn -0.6185 -0.7100 -0.3368
vn -0.7558 -0.6279 -0.1861
vn -0.6184 -0.7101 -0.3368
vn -0.6053 -0.7912 -0.0870
vn -0.7558 -0.6279 -0.1859
vn -0.6183 -0.7101 -0.3368
vn -0.4444 -0.8629 -0.2408
vn -0.4443 -0.8629 -0.2408
vn -0.4200 -0.9074 -0.0124
vn -0.6052 -0.7913 -0.0870
vn -0.2331 -0.9559 -0.1786
vn -0.2330 -0.9559 -0.1786
vn -0.2154 -0.9759 0.0343
vn -0.2153 -0.9760 0.0343
vn -0.0675 -0.9952 0.0716
vn -0.2152 -0.9760 0.0345
vn -0.8961 -0.2601 -0.3596
vn -0.9380 -0.3232 -0.1253
vn -0.8537 -0.4242 -0.3020
vn -0.8544 -0.5193 -0.0168
vn -0.9380 -0.3232 -0.1252
vn -0.7559 -0.6278 -0.1859
vn -0.8544 -0.5193 -0.0169
vn -0.7251 -0.6842 0.0777
vn -0.8544 -0.5194 -0.0168
vn -0.6053 -0.7912 -0.0869
vn -0.5643 -0.8111 0.1536
vn -0.7251 -0.6843 0.0778
vn -0.6052 -0.7913 -0.0869
vn -0.5642 -0.8112 0.1536
vn -0.3844 -0.8992 0.2090
vn -0.5643 -0.8111 0.1537
vn -0.4200 -0.9074 -0.0123
vn -0.2154 -0.9759 0.0345
vn -0.1947 -0.9502 0.2434
vn -0.2153 -0.9759 0.0345
vn -0.0675 -0.9951 0.0716
vn -0.1946 -0.9502 0.2434
vn -0.0613 -0.9596 0.2748
vn -0.1946 -0.9502 0.2435
vn -0.9755 -0.2190 0.0234
vn -0.9959 -0.0845 -0.0329
vn -0.9705 -0.1660 -0.1750
vn -0.9755 -0.2190 0.0233
vn -0.9380 -0.3232 -0.1251
vn -0.9754 -0.2191 0.0234
vn -0.8544 -0.5193 -0.0167
vn -0.9063 -0.4035 0.1260
vn -0.7970 -0.5642 0.2157
vn -0.9062 -0.4035 0.1262
vn -0.7252 -0.6842 0.0778
vn -0.7251 -0.6842 0.0779
vn -0.5643 -0.8111 0.1538
vn -0.3844 -0.8992 0.2091
vn -0.3844 -0.8992 0.2092
vn -0.3333 -0.8621 0.3818
vn -0.1948 -0.9501 0.2435
vn -0.1947 -0.9502 0.2435
vn -0.1597 -0.9013 0.4027
vn -0.0613 -0.9595 0.2748
vn -0.0471 -0.9084 0.4154
vn 0.0594 0.6277 0.7762
vn 0.1484 0.5236 0.8389
vn 0.2018 0.6886 0.6965
vn 0.1483 0.5236 0.8390
vn 0.2018 0.6887 0.6964
vn 0.0674 0.7713 0.6329
vn 0.3229 0.5125 0.7956
vn 0.4890 0.4814 0.7274
vn 0.4003 0.6812 0.6129
vn 0.3229 0.5126 0.7956
vn 0.4002 0.6812 0.6130
vn 0.4002 0.6814 0.6128
vn 0.2236 0.8241 0.5205
vn 0.2018 0.6888 0.6964
vn 0.2235 0.8241 0.5205
vn 0.0690 0.8836 0.4631
vn 0.4891 0.4814 0.7273
vn 0.6450 0.4328 0.6298
vn 0.5755 0.6367 0.5132
vn 0.4004 0.6813 0.6128
vn 0.4003 0.6814 0.6128
vn 0.5755 0.6368 0.5131
vn 0.4260 0.8108 0.4014
vn 0.2236 0.8241 0.5204
vn 0.2236 0.8242 0.5204
vn 0.4259 0.8109 0.4013
vn 0.2276 0.9187 0.3228
vn 0.2235 0.8242 0.5204
vn 0.2276 0.9187 0.3229
vn 0.0690 0.8837 0.4629
vn 0.0684 0.9596 0.2731
vn 0.6451 0.4328 0.6297
vn 0.7275 0.5661 0.3877
vn 0.7274 0.5662 0.3875
vn 0.5756 0.6367 0.5131
vn 0.7274 0.5663 0.3875
vn 0.6001 0.7530 0.2701
vn 0.5999 0.7531 0.2701
vn 0.4261 0.8108 0.4013
vn 0.4260 0.8109 0.4012
vn 0.6000 0.7531 0.2700
vn 0.4245 0.8881 0.1763
vn 0.4245 0.8881 0.1764
vn 0.2277 0.9187 0.3227
vn 0.2276 0.9187 0.3227
vn 0.4244 0.8881 0.1764
vn 0.2221 0.9684 0.1136
vn 0.2220 0.9684 0.1135
vn 0.0684 0.9596 0.2729
vn 0.0683 0.9596 0.2729
vn 0.0660 0.9953 0.0710
vn 0.8495 0.4722 0.2352
vn 0.8495 0.4722 0.2353
vn 0.7275 0.5661 0.3875
vn 0.7275 0.5662 0.3875
vn 0.8495 0.4723 0.2352
vn 0.7404 0.6614 0.1203
vn 0.7403 0.6614 0.1204
vn 0.6001 0.7530 0.2699
vn 0.6000 0.7531 0.2699
vn 0.7403 0.6614 0.1203
vn 0.5865 0.8096 0.0237
vn 0.5999 0.7531 0.2699
vn 0.5864 0.8097 0.0236
vn 0.4052 0.9129 -0.0494
vn 0.4052 0.9129 -0.0495
vn 0.2221 0.9684 0.1134
vn 0.4051 0.9129 -0.0496
vn 0.2098 0.9729 -0.0976
vn 0.2220 0.9684 0.1134
vn 0.0660 0.9953 0.0708
vn 0.9714 0.1809 0.1536
vn 0.9317 0.3580 0.0610
vn 0.9317 0.3581 0.0610
vn 0.8496 0.4722 0.2351
vn 0.8495 0.4723 0.2351
vn 0.8393 0.5418 -0.0453
vn 0.8393 0.5418 -0.0452
vn 0.8392 0.5419 -0.0454
vn 0.7068 0.6939 -0.1372
vn 0.7403 0.6615 0.1202
vn 0.7068 0.6940 -0.1371
vn 0.5865 0.8096 0.0236
vn 0.5865 0.8096 0.0235
vn 0.7068 0.6940 -0.1372
vn 0.5479 0.8095 -0.2108
vn 0.5864 0.8097 0.0235
vn 0.5479 0.8096 -0.2108
vn 0.4052 0.9129 -0.0496
vn 0.3740 0.8888 -0.2650
vn 0.3739 0.8888 -0.2650
vn 0.2099 0.9728 -0.0977
vn 0.2098 0.9729 -0.0977
vn 0.1928 0.9341 -0.3005
vn 0.1927 0.9341 -0.3005
vn 0.0623 0.9890 -0.1338
vn 0.0623 0.9890 -0.1339
vn 0.0575 0.9418 -0.3311
vn 0.9715 0.1809 0.1535
vn 0.9318 0.3579 0.0610
vn 0.9664 0.2511 -0.0544
vn 0.8913 0.4258 -0.1555
vn 0.9317 0.3581 0.0609
vn 0.8393 0.5418 -0.0454
vn 0.7796 0.5771 -0.2433
vn 0.7069 0.6939 -0.1372
vn 0.7068 0.6939 -0.1374
vn 0.6419 0.6992 -0.3149
vn 0.5480 0.8095 -0.2108
vn 0.5479 0.8095 -0.2109
vn 0.4879 0.7910 -0.3692
vn 0.3740 0.8888 -0.2651
vn 0.3739 0.8888 -0.2651
vn 0.1927 0.9341 -0.3006
vn 0.0575 0.9418 -0.3312
vn -0.0565 0.4877 0.8712
vn -0.1902 0.5110 0.8383
vn -0.1904 0.5110 0.8382
vn -0.2587 0.6593 0.7060
vn -0.2587 0.6592 0.7060
vn -0.0899 0.7555 0.6489
vn -0.2586 0.6593 0.7060
vn -0.4448 0.6504 0.6158
vn -0.5263 0.4631 0.7131
vn -0.2588 0.6592 0.7060
vn -0.2588 0.6594 0.7059
vn -0.2763 0.8033 0.5276
vn -0.4448 0.6505 0.6157
vn -0.2762 0.8033 0.5276
vn -0.2762 0.8034 0.5276
vn -0.5265 0.4631 0.7130
vn -0.6128 0.6052 0.5081
vn -0.5264 0.4631 0.7130
vn -0.4448 0.6504 0.6157
vn -0.6127 0.6054 0.5081
vn -0.4673 0.7872 0.4025
vn -0.6128 0.6054 0.5080
vn -0.4673 0.7872 0.4024
vn -0.2725 0.9037 0.3303
vn -0.4673 0.7873 0.4024
vn -0.2762 0.8034 0.5275
vn -0.0867 0.9520 0.2934
vn -0.2724 0.9038 0.3302
vn -0.6796 0.4109 0.6076
vn -0.7580 0.5345 0.3737
vn -0.6797 0.4109 0.6076
vn -0.6128 0.6053 0.5080
vn -0.7580 0.5345 0.3738
vn -0.6323 0.7285 0.2635
vn -0.7580 0.5346 0.3737
vn -0.4673 0.7872 0.4023
vn -0.6322 0.7286 0.2636
vn -0.4584 0.8709 0.1771
vn -0.6322 0.7287 0.2634
vn -0.2725 0.9037 0.3302
vn -0.4583 0.8710 0.1771
vn -0.2574 0.9586 0.1218
vn -0.4583 0.8710 0.1769
vn -0.0867 0.9521 0.2934
vn -0.2574 0.9586 0.1219
vn -0.0810 0.9925 0.0916
vn -0.8721 0.4406 0.2127
vn -0.8143 0.3408 0.4699
vn -0.7581 0.5345 0.3737
vn -0.8721 0.4407 0.2127
vn -0.7638 0.6368 0.1058
vn -0.8720 0.4408 0.2127
vn -0.7581 0.5346 0.3736
vn -0.6323 0.7285 0.2634
vn -0.7637 0.6368 0.1059
vn -0.6323 0.7286 0.2634
vn -0.6108 0.7916 0.0170
vn -0.7637 0.6368 0.1058
vn -0.6322 0.7286 0.2634
vn -0.4584 0.8709 0.1770
vn -0.6107 0.7917 0.0170
vn -0.4584 0.8710 0.1769
vn -0.4302 0.9015 -0.0484
vn -0.2575 0.9586 0.1218
vn -0.4301 0.9015 -0.0484
vn -0.2355 0.9678 -0.0886
vn -0.2354 0.9679 -0.0885
vn -0.9192 0.2533 0.3014
vn -0.9444 0.3274 0.0313
vn -0.9824 0.1515 0.1092
vn -0.9443 0.3275 0.0313
vn -0.8721 0.4408 0.2125
vn -0.8530 0.5176 -0.0667
vn -0.9443 0.3275 0.0312
vn -0.8721 0.4407 0.2126
vn -0.7638 0.6367 0.1058
vn -0.7216 0.6757 -0.1505
vn -0.8530 0.5176 -0.0668
vn -0.6107 0.7916 0.0168
vn -0.5636 0.7972 -0.2163
vn -0.7216 0.6758 -0.1506
vn -0.6107 0.7917 0.0169
vn -0.4302 0.9014 -0.0484
vn -0.5635 0.7973 -0.2163
vn -0.3900 0.8824 -0.2631
vn -0.5635 0.7973 -0.2164
vn -0.2355 0.9678 -0.0887
vn -0.2092 0.9335 -0.2913
vn -0.3899 0.8824 -0.2632
vn -0.2354 0.9679 -0.0887
vn -0.0737 0.9907 -0.1140
vn -0.0651 0.9476 -0.3128
vn -0.9824 0.1514 0.1091
vn -0.9444 0.3274 0.0312
vn -0.9716 0.2252 -0.0731
vn -0.9444 0.3274 0.0311
vn -0.8531 0.5175 -0.0668
vn -0.8989 0.4044 -0.1689
vn -0.8530 0.5175 -0.0668
vn -0.7893 0.5600 -0.2520
vn -0.7892 0.5600 -0.2520
vn -0.7216 0.6757 -0.1507
vn -0.6531 0.6866 -0.3194
vn -0.5636 0.7972 -0.2165
vn -0.5635 0.7973 -0.2165
vn -0.5002 0.7829 -0.3700
vn -0.3900 0.8824 -0.2633
vn -0.5001 0.7829 -0.3700
vn -0.2092 0.9335 -0.2914
vn -0.3377 0.8501 -0.4042
vn -0.1708 0.8900 -0.4229
vn -0.1707 0.8900 -0.4228
vn -0.1706 0.8900 -0.4228
vn 0.2366 -0.1704 -0.9566
vn 0.3507 -0.3202 -0.8800
vn 0.1821 -0.3507 -0.9186
vn 0.0786 -0.2559 -0.9635
vn 0.0825 -0.0686 -0.9942
vn 0.2365 -0.1703 -0.9566
vn 0.4177 -0.1079 -0.9022
vn 0.5125 -0.2827 -0.8108
vn 0.2366 -0.1704 -0.9565
vn 0.2366 -0.1703 -0.9566
vn 0.2480 0.0434 -0.9678
vn 0.4177 -0.1078 -0.9022
vn 0.0825 -0.0685 -0.9942
vn 0.2479 0.0435 -0.9678
vn 0.0824 -0.0685 -0.9942
vn 0.0807 0.1175 -0.9898
vn 0.5127 -0.2826 -0.8107
vn 0.5834 -0.0524 -0.8105
vn 0.5834 -0.0525 -0.8105
vn 0.4341 0.1290 -0.8916
vn 0.2480 0.0435 -0.9678
vn 0.4340 0.1290 -0.8916
vn 0.2410 0.2427 -0.9397
vn 0.4340 0.1291 -0.8916
vn 0.2479 0.0436 -0.9678
vn 0.2410 0.2426 -0.9397
vn 0.0807 0.1176 -0.9898
vn 0.0765 0.2986 -0.9513
vn 0.7302 0.0090 -0.6832
vn 0.8003 -0.1683 -0.5755
vn 0.6648 -0.2325 -0.7099
vn 0.7302 0.0089 -0.6832
vn 0.5986 0.2016 -0.7753
vn 0.7302 0.0091 -0.6832
vn 0.5834 -0.0523 -0.8105
vn 0.4341 0.1291 -0.8916
vn 0.5985 0.2016 -0.7753
vn 0.4243 0.3421 -0.8384
vn 0.5985 0.2017 -0.7753
vn 0.4242 0.3422 -0.8384
vn 0.2410 0.2428 -0.9397
vn 0.2268 0.4270 -0.8754
vn 0.4241 0.3422 -0.8385
vn 0.0765 0.2988 -0.9513
vn 0.2267 0.4270 -0.8754
vn 0.0765 0.2988 -0.9512
vn 0.0710 0.4705 -0.8795
vn 0.8004 -0.1682 -0.5754
vn 0.8505 0.0784 -0.5202
vn 0.9086 -0.0903 -0.4078
vn 0.7303 0.0090 -0.6831
vn 0.7358 0.2712 -0.6205
vn 0.8504 0.0785 -0.5202
vn 0.5986 0.2016 -0.7752
vn 0.7358 0.2713 -0.6205
vn 0.5986 0.2017 -0.7752
vn 0.5803 0.4232 -0.6958
vn 0.7357 0.2714 -0.6205
vn 0.5985 0.2018 -0.7753
vn 0.4242 0.3423 -0.8384
vn 0.4004 0.5304 -0.7472
vn 0.5802 0.4233 -0.6958
vn 0.2268 0.4270 -0.8753
vn 0.4004 0.5304 -0.7473
vn 0.2268 0.4271 -0.8753
vn 0.2084 0.5938 -0.7772
vn 0.4003 0.5305 -0.7472
vn 0.2267 0.4270 -0.8753
vn 0.2083 0.5938 -0.7772
vn 0.0710 0.4706 -0.8795
vn 0.0646 0.6279 -0.7756
vn 0.2082 0.5938 -0.7772
vn 0.9329 0.1535 -0.3258
vn 0.8505 0.0784 -0.5201
vn 0.8505 0.0785 -0.5201
vn 0.8366 0.3387 -0.4306
vn 0.9328 0.1537 -0.3258
vn 0.8365 0.3387 -0.4307
vn 0.7017 0.4921 -0.5153
vn 0.8365 0.3388 -0.4306
vn 0.7016 0.4922 -0.5153
vn 0.5803 0.4233 -0.6958
vn 0.5418 0.6094 -0.5788
vn 0.4004 0.5305 -0.7472
vn 0.3679 0.6908 -0.6224
vn 0.2084 0.5938 -0.7771
vn 0.3679 0.6908 -0.6225
vn 0.1873 0.7384 -0.6478
vn 0.3678 0.6908 -0.6225
vn 0.0646 0.6280 -0.7755
vn 0.1872 0.7384 -0.6479
vn 0.1872 0.7384 -0.6478
vn 0.9772 -0.0017 -0.2123
vn 0.9677 0.1864 -0.1695
vn 0.9329 0.1536 -0.3257
vn 0.9329 0.1537 -0.3258
vn 0.8917 0.3645 -0.2684
vn 0.9677 0.1865 -0.1695
vn 0.8366 0.3388 -0.4305
vn 0.7791 0.5177 -0.3535
vn 0.8365 0.3389 -0.4305
vn 0.7017 0.4921 -0.5152
vn 0.7790 0.5178 -0.3536
vn 0.6406 0.6411 -0.4227
vn 0.4859 0.7336 -0.4752
vn 0.3678 0.6909 -0.6224
vn 0.1873 0.7385 -0.6478
vn 0.3219 0.7964 -0.5120
vn 0.1536 0.8313 -0.5341
vn 0.3218 0.7964 -0.5119
vn 0.1872 0.7385 -0.6477
vn -0.0591 -0.2389 -0.9693
vn -0.1465 -0.3465 -0.9266
vn -0.3162 -0.3214 -0.8926
vn -0.1982 -0.1569 -0.9675
vn -0.1463 -0.3464 -0.9266
vn -0.1980 -0.1569 -0.9675
vn -0.0591 -0.2389 -0.9692
vn -0.0591 -0.2388 -0.9693
vn -0.1980 -0.1569 -0.9676
vn -0.4790 -0.2890 -0.8289
vn -0.3881 -0.1048 -0.9156
vn -0.3881 -0.1047 -0.9156
vn -0.1981 -0.1569 -0.9675
vn -0.3880 -0.1047 -0.9157
vn -0.2186 0.0523 -0.9744
vn -0.2185 0.0523 -0.9744
vn -0.0670 -0.0521 -0.9964
vn -0.2185 0.0524 -0.9744
vn -0.4791 -0.2889 -0.8289
vn -0.6332 -0.2444 -0.7344
vn -0.5586 -0.0593 -0.8273
vn -0.3882 -0.1047 -0.9156
vn -0.5585 -0.0593 -0.8274
vn -0.4126 0.1292 -0.9017
vn -0.4125 0.1292 -0.9017
vn -0.2187 0.0524 -0.9744
vn -0.2186 0.0525 -0.9744
vn -0.4125 0.1293 -0.9017
vn -0.2218 0.2498 -0.9426
vn -0.2185 0.0525 -0.9744
vn -0.2216 0.2498 -0.9426
vn -0.0689 0.1336 -0.9886
vn -0.6332 -0.2443 -0.7344
vn -0.7102 -0.0074 -0.7040
vn -0.5587 -0.0593 -0.8273
vn -0.7102 -0.0072 -0.7040
vn -0.5833 0.1925 -0.7891
vn -0.5586 -0.0592 -0.8273
vn -0.5833 0.1926 -0.7891
vn -0.4126 0.1293 -0.9017
vn -0.4122 0.3408 -0.8450
vn -0.4121 0.3409 -0.8450
vn -0.2218 0.2498 -0.9425
vn -0.2218 0.2499 -0.9425
vn -0.2170 0.4331 -0.8748
vn -0.2217 0.2498 -0.9426
vn -0.2169 0.4332 -0.8748
vn -0.0685 0.3140 -0.9470
vn -0.0669 0.4846 -0.8722
vn -0.7727 -0.1858 -0.6069
vn -0.8878 -0.1132 -0.4462
vn -0.8366 0.0540 -0.5451
vn -0.7728 -0.1858 -0.6069
vn -0.7102 -0.0072 -0.7039
vn -0.8365 0.0541 -0.5452
vn -0.7269 0.2537 -0.6382
vn -0.7268 0.2538 -0.6382
vn -0.5834 0.1925 -0.7890
vn -0.5834 0.1926 -0.7890
vn -0.7268 0.2539 -0.6382
vn -0.5747 0.4136 -0.7062
vn -0.5833 0.1927 -0.7891
vn -0.5746 0.4136 -0.7062
vn -0.4122 0.3409 -0.8449
vn -0.4122 0.3410 -0.8449
vn -0.5746 0.4137 -0.7062
vn -0.3973 0.5285 -0.7502
vn -0.4121 0.3410 -0.8449
vn -0.2171 0.4333 -0.8747
vn -0.2170 0.4333 -0.8747
vn -0.3973 0.5286 -0.7502
vn -0.2073 0.5991 -0.7734
vn -0.2169 0.4333 -0.8748
vn -0.2072 0.5991 -0.7734
vn -0.0669 0.4847 -0.8721
vn -0.9270 0.1230 -0.3542
vn -0.9270 0.1231 -0.3542
vn -0.8366 0.0542 -0.5451
vn -0.9270 0.1232 -0.3543
vn -0.8349 0.3147 -0.4516
vn -0.8348 0.3147 -0.4517
vn -0.7269 0.2537 -0.6381
vn -0.7269 0.2539 -0.6381
vn -0.8348 0.3149 -0.4516
vn -0.7027 0.4756 -0.5291
vn -0.7027 0.4757 -0.5291
vn -0.5747 0.4137 -0.7061
vn -0.5746 0.4138 -0.7061
vn -0.7026 0.4757 -0.5291
vn -0.5449 0.6003 -0.5854
vn -0.3974 0.5286 -0.7501
vn -0.3973 0.5286 -0.7501
vn -0.5448 0.6004 -0.5854
vn -0.3728 0.6886 -0.6220
vn -0.3727 0.6886 -0.6220
vn -0.2073 0.5991 -0.7733
vn -0.2073 0.5992 -0.7733
vn -0.3727 0.6887 -0.6220
vn -0.1936 0.7428 -0.6409
vn -0.2072 0.5992 -0.7733
vn -0.1935 0.7428 -0.6410
vn -0.9270 0.1232 -0.3542
vn -0.8975 0.3414 -0.2792
vn -0.9270 0.1233 -0.3542
vn -0.8349 0.3148 -0.4515
vn -0.8349 0.3149 -0.4515
vn -0.7027 0.4758 -0.5291
vn -0.7868 0.5006 -0.3611
vn -0.6495 0.6294 -0.4266
vn -0.7026 0.4758 -0.5291
vn -0.5449 0.6004 -0.5854
vn -0.5448 0.6004 -0.5853
vn -0.6494 0.6295 -0.4266
vn -0.4958 0.7267 -0.4755
vn -0.5448 0.6005 -0.5853
vn -0.3727 0.6887 -0.6219
vn -0.3330 0.7938 -0.5089
vn -0.3328 0.7939 -0.5089
vn -0.1937 0.7428 -0.6409
vn -0.1935 0.7428 -0.6409
vn -0.0603 0.7759 -0.6279
vn -0.0603 0.7760 -0.6279
vn 0.9966 0.0406 0.0722
vn 0.9950 -0.0711 0.0705
vn 0.9963 -0.0491 -0.0707
vn 0.9955 0.0636 -0.0699
vn -0.9967 0.0446 -0.0673
vn -0.9956 -0.0673 -0.0656
vn -0.9962 -0.0443 0.0750
vn -0.9949 0.0682 0.0744
vn -0.0585 0.9971 -0.0486
vn -0.0407 0.9966 0.0711
vn 0.0584 0.9968 0.0543
vn 0.0455 0.9965 -0.0694
vn -0.0574 -0.9969 0.0541
vn -0.0450 -0.9967 -0.0679
vn 0.0571 -0.9972 -0.0487
vn 0.0408 -0.9967 0.0699
vn -0.0471 0.0366 0.9982
vn -0.0462 -0.0562 0.9973
vn 0.0491 -0.0395 0.9980
vn 0.0488 0.0537 0.9974
vn 0.0498 0.0334 -0.9982
vn 0.0482 -0.0595 -0.9971
vn -0.0519 -0.0375 -0.9980
vn -0.0514 0.0566 -0.9971
vn 0.9715 -0.2193 0.0898
vn 0.9785 -0.1875 -0.0862
vn 0.9715 -0.2195 0.0898
vn 0.9013 -0.4218 0.0987
vn 0.9150 -0.3928 -0.0921
vn 0.9013 -0.4219 0.0988
vn 0.7939 -0.5988 0.1056
vn 0.8132 -0.5741 -0.0959
vn 0.9150 -0.3929 -0.0922
vn 0.7939 -0.5988 0.1057
vn 0.6589 -0.7441 0.1105
vn 0.6823 -0.7245 -0.0978
vn 0.8131 -0.5742 -0.0959
vn 0.5049 -0.8557 0.1131
vn 0.5316 -0.8414 -0.0974
vn 0.6822 -0.7246 -0.0978
vn 0.5049 -0.8558 0.1131
vn 0.3382 -0.9343 0.1125
vn 0.3673 -0.9253 -0.0944
vn 0.5314 -0.8415 -0.0974
vn 0.1617 -0.9813 0.1046
vn 0.1941 -0.9774 -0.0835
vn 0.0409 -0.9967 0.0700
vn 0.1939 -0.9775 -0.0835
vn -0.9956 -0.0674 -0.0656
vn -0.9728 -0.2155 -0.0848
vn -0.9796 -0.1794 0.0909
vn -0.9962 -0.0444 0.0750
vn -0.9036 -0.4179 -0.0937
vn -0.9173 -0.3861 0.0976
vn -0.9795 -0.1795 0.0909
vn -0.9036 -0.4180 -0.0936
vn -0.7973 -0.5951 -0.1006
vn -0.8160 -0.5689 0.1021
vn -0.9172 -0.3863 0.0976
vn -0.7972 -0.5953 -0.1007
vn -0.6631 -0.7410 -0.1057
vn -0.6853 -0.7207 0.1045
vn -0.8160 -0.5690 0.1021
vn -0.6630 -0.7411 -0.1057
vn -0.5100 -0.8533 -0.1085
vn -0.5341 -0.8389 0.1047
vn -0.6852 -0.7208 0.1045
vn -0.5099 -0.8533 -0.1085
vn -0.3442 -0.9326 -0.1082
vn -0.3691 -0.9238 0.1019
vn -0.5340 -0.8389 0.1048
vn -0.3441 -0.9327 -0.1081
vn -0.1693 -0.9804 -0.1006
vn -0.1947 -0.9766 0.0913
vn -0.1692 -0.9804 -0.1007
vn -0.0575 -0.9969 0.0541
vn -0.1946 -0.9766 0.0913
vn -0.9949 0.0683 0.0745
vn -0.9726 0.2131 0.0933
vn -0.9803 0.1784 -0.0845
vn -0.9967 0.0447 -0.0673
vn -0.9725 0.2132 0.0934
vn -0.9033 0.4165 0.1025
vn -0.9186 0.3847 -0.0905
vn -0.9803 0.1785 -0.0844
vn -0.9033 0.4167 0.1025
vn -0.7964 0.5948 0.1095
vn -0.8180 0.5674 -0.0947
vn -0.9185 0.3848 -0.0905
vn -0.7963 0.5949 0.1095
vn -0.6613 0.7413 0.1142
vn -0.6879 0.7193 -0.0968
vn -0.8179 0.5675 -0.0947
vn -0.6613 0.7414 0.1142
vn -0.5070 0.8540 0.1165
vn -0.5372 0.8379 -0.0971
vn -0.6878 0.7194 -0.0969
vn -0.5069 0.8541 0.1165
vn -0.3396 0.9335 0.1155
vn -0.3726 0.9232 -0.0945
vn -0.5371 0.8379 -0.0971
vn -0.3395 0.9335 0.1155
vn -0.1620 0.9810 0.1070
vn -0.1986 0.9765 -0.0841
vn -0.3725 0.9232 -0.0944
vn -0.1619 0.9810 0.1071
vn -0.1985 0.9765 -0.0841
vn 0.9741 0.2078 -0.0889
vn 0.9810 0.1721 0.0894
vn 0.9741 0.2079 -0.0889
vn 0.9061 0.4114 -0.0980
vn 0.9201 0.3796 0.0962
vn 0.9810 0.1722 0.0894
vn 0.9061 0.4115 -0.0981
vn 0.8004 0.5902 -0.1050
vn 0.8199 0.5636 0.1011
vn 0.9201 0.3797 0.0962
vn 0.8003 0.5903 -0.1050
vn 0.6664 0.7375 -0.1099
vn 0.6896 0.7167 0.1038
vn 0.8198 0.5636 0.1011
vn 0.6663 0.7376 -0.1099
vn 0.5129 0.8511 -0.1123
vn 0.5385 0.8362 0.1045
vn 0.5128 0.8511 -0.1123
vn 0.3465 0.9314 -0.1114
vn 0.3730 0.9222 0.1023
vn 0.5384 0.8362 0.1045
vn 0.3465 0.9314 -0.1115
vn 0.1709 0.9799 -0.1034
vn 0.1980 0.9759 0.0919
vn 0.3730 0.9222 0.1022
vn 0.1707 0.9799 -0.1034
vn 0.0456 0.9965 -0.0694
vn 0.1979 0.9759 0.0919
vn 0.0482 -0.0596 -0.9971
vn 0.0619 -0.1851 -0.9808
vn -0.0631 -0.1514 -0.9865
vn 0.0619 -0.1852 -0.9807
vn 0.0694 -0.3623 -0.9295
vn -0.0690 -0.3304 -0.9413
vn 0.0695 -0.3625 -0.9294
vn 0.0766 -0.5301 -0.8444
vn -0.0744 -0.5008 -0.8623
vn -0.0690 -0.3305 -0.9413
vn 0.0766 -0.5302 -0.8444
vn 0.0830 -0.6825 -0.7262
vn -0.0790 -0.6567 -0.7500
vn -0.0745 -0.5009 -0.8623
vn 0.0829 -0.6825 -0.7261
vn 0.0879 -0.8127 -0.5760
vn -0.0821 -0.7918 -0.6053
vn -0.0790 -0.6568 -0.7499
vn 0.0879 -0.8128 -0.5759
vn 0.0901 -0.9135 -0.3968
vn -0.0826 -0.8987 -0.4307
vn -0.0821 -0.7919 -0.6052
vn 0.0901 -0.9135 -0.3967
vn 0.0854 -0.9776 -0.1926
vn -0.0755 -0.9700 -0.2310
vn -0.0825 -0.8987 -0.4307
vn 0.0855 -0.9776 -0.1925
vn -0.0450 -0.9967 -0.0680
vn -0.0462 -0.0563 0.9973
vn -0.0600 -0.1799 0.9819
vn 0.0603 -0.1542 0.9862
vn 0.0491 -0.0396 0.9980
vn -0.0600 -0.1801 0.9818
vn -0.0677 -0.3568 0.9317
vn 0.0658 -0.3324 0.9408
vn 0.0603 -0.1543 0.9862
vn -0.0677 -0.3570 0.9317
vn -0.0750 -0.5245 0.8481
vn 0.0706 -0.5020 0.8620
vn -0.0751 -0.5247 0.8480
vn -0.0817 -0.6772 0.7313
vn 0.0745 -0.6572 0.7500
vn 0.0705 -0.5020 0.8620
vn -0.0817 -0.6772 0.7312
vn -0.0869 -0.8081 0.5827
vn 0.0770 -0.7917 0.6060
vn 0.0745 -0.6573 0.7500
vn -0.0869 -0.8081 0.5826
vn -0.0891 -0.9099 0.4051
vn 0.0769 -0.8984 0.4324
vn 0.0770 -0.7918 0.6059
vn -0.0891 -0.9100 0.4050
vn -0.0846 -0.9755 0.2030
vn 0.0695 -0.9697 0.2340
vn 0.0769 -0.8984 0.4323
vn -0.0847 -0.9756 0.2028
vn 0.0408 -0.9967 0.0700
vn 0.0696 -0.9697 0.2340
vn 0.0625 0.1747 0.9826
vn -0.0591 0.1481 0.9872
vn 0.0625 0.1748 0.9826
vn 0.0704 0.3522 0.9333
vn -0.0646 0.3267 0.9429
vn -0.0591 0.1482 0.9872
vn 0.0703 0.3524 0.9332
vn 0.0777 0.5207 0.8502
vn -0.0695 0.4967 0.8651
vn -0.0645 0.3267 0.9429
vn 0.0778 0.5208 0.8502
vn 0.0843 0.6743 0.7336
vn -0.0735 0.6528 0.7539
vn -0.0694 0.4969 0.8650
vn 0.0894 0.8061 0.5850
vn -0.0763 0.7884 0.6103
vn -0.0735 0.6529 0.7538
vn 0.0894 0.8062 0.5849
vn 0.0913 0.9089 0.4070
vn -0.0766 0.8963 0.4368
vn -0.0764 0.7885 0.6103
vn 0.0913 0.9089 0.4068
vn 0.0864 0.9752 0.2039
vn -0.0696 0.9688 0.2379
vn -0.0766 0.8963 0.4367
vn -0.0407 0.9966 0.0712
vn -0.0514 0.0567 -0.9971
vn -0.0648 0.1785 -0.9818
vn 0.0620 0.1434 -0.9877
vn -0.0648 0.1787 -0.9818
vn -0.0725 0.3567 -0.9314
vn 0.0682 0.3229 -0.9440
vn 0.0620 0.1436 -0.9877
vn -0.0726 0.3567 -0.9314
vn -0.0799 0.5254 -0.8471
vn 0.0738 0.4940 -0.8663
vn 0.0682 0.3230 -0.9439
vn -0.0799 0.5256 -0.8470
vn -0.0863 0.6789 -0.7291
vn 0.0788 0.6510 -0.7550
vn 0.0738 0.4941 -0.8663
vn -0.0863 0.6790 -0.7290
vn -0.0913 0.8104 -0.5788
vn 0.0824 0.7874 -0.6109
vn 0.0787 0.6511 -0.7549
vn -0.0913 0.8104 -0.5787
vn -0.0933 0.9123 -0.3988
vn 0.0833 0.8958 -0.4365
vn 0.0824 0.7875 -0.6108
vn -0.0933 0.9123 -0.3987
vn -0.0882 0.9772 -0.1932
vn 0.0768 0.9686 -0.2363
vn 0.0833 0.8959 -0.4364
vn -0.0882 0.9772 -0.1930
vn -0.0585 0.9971 -0.0487
vn 0.0768 0.9687 -0.2362
vn -0.1604 0.0468 0.9860
vn -0.1568 -0.0620 0.9857
vn -0.0462 -0.0562 0.9974
vn -0.1604 0.0468 0.9859
vn -0.3210 0.0492 0.9458
vn -0.3188 -0.0599 0.9459
vn -0.4797 0.0524 0.8758
vn -0.4788 -0.0587 0.8759
vn -0.3189 -0.0599 0.9459
vn -0.4799 0.0524 0.8757
vn -0.6328 0.0565 0.7722
vn -0.6327 -0.0580 0.7722
vn -0.4789 -0.0587 0.8759
vn -0.6330 0.0565 0.7721
vn -0.7729 0.0612 0.6315
vn -0.7733 -0.0575 0.6315
vn -0.6327 -0.0581 0.7722
vn -0.7730 0.0612 0.6314
vn -0.8890 0.0661 0.4531
vn -0.8896 -0.0573 0.4532
vn -0.7733 -0.0577 0.6314
vn -0.8891 0.0661 0.4530
vn -0.9675 0.0712 0.2426
vn -0.9685 -0.0568 0.2424
vn -0.8897 -0.0573 0.4530
vn -0.9676 0.0712 0.2424
vn -0.9686 -0.0568 0.2422
vn -0.0519 -0.0375 -0.9979
vn -0.1700 -0.0486 -0.9842
vn -0.1702 0.0597 -0.9836
vn -0.0514 0.0565 -0.9971
vn -0.3311 -0.0510 -0.9422
vn -0.3309 0.0579 -0.9419
vn -0.3312 -0.0510 -0.9422
vn -0.4901 -0.0543 -0.8700
vn -0.4898 0.0570 -0.8699
vn -0.3310 0.0579 -0.9418
vn -0.4902 -0.0543 -0.8699
vn -0.6431 -0.0586 -0.7635
vn -0.6427 0.0566 -0.7641
vn -0.4899 0.0570 -0.8699
vn -0.6432 -0.0586 -0.7635
vn -0.7826 -0.0636 -0.6193
vn -0.7817 0.0565 -0.6211
vn -0.6427 0.0566 -0.7640
vn -0.7827 -0.0637 -0.6192
vn -0.8970 -0.0689 -0.4366
vn -0.8960 0.0564 -0.4405
vn -0.7818 0.0565 -0.6209
vn -0.8971 -0.0689 -0.4365
vn -0.9723 -0.0740 -0.2216
vn -0.9720 0.0560 -0.2281
vn -0.8961 0.0564 -0.4403
vn -0.9724 -0.0740 -0.2215
vn -0.9967 0.0446 -0.0674
vn -0.9721 0.0560 -0.2279
vn 0.1637 -0.0509 0.9852
vn 0.1640 0.0581 0.9847
vn 0.3248 -0.0532 0.9443
vn 0.3250 0.0559 0.9441
vn 0.4839 -0.0565 0.8733
vn 0.4841 0.0546 0.8733
vn 0.3251 0.0560 0.9440
vn 0.4840 -0.0565 0.8733
vn 0.6372 -0.0607 0.7683
vn 0.6371 0.0538 0.7689
vn 0.4843 0.0547 0.8732
vn 0.6373 -0.0607 0.7682
vn 0.7773 -0.0655 0.6257
vn 0.7768 0.0531 0.6275
vn 0.6373 0.0538 0.7688
vn 0.7774 -0.0655 0.6256
vn 0.8928 -0.0707 0.4449
vn 0.8921 0.0525 0.4488
vn 0.7769 0.0531 0.6274
vn 0.8928 -0.0707 0.4448
vn 0.9699 -0.0758 0.2316
vn 0.9698 0.0515 0.2383
vn 0.9699 -0.0758 0.2315
vn 0.9950 -0.0711 0.0707
vn 0.9966 0.0406 0.0723
vn 0.9699 0.0515 0.2381
vn 0.1668 0.0428 -0.9851
vn 0.1605 -0.0645 -0.9849
vn 0.3271 0.0455 -0.9439
vn 0.3228 -0.0628 -0.9444
vn 0.1607 -0.0645 -0.9849
vn 0.3272 0.0455 -0.9438
vn 0.4857 0.0489 -0.8728
vn 0.4831 -0.0619 -0.8734
vn 0.3229 -0.0628 -0.9443
vn 0.4858 0.0489 -0.8727
vn 0.6383 0.0531 -0.7679
vn 0.6370 -0.0617 -0.7684
vn 0.4832 -0.0619 -0.8733
vn 0.6384 0.0531 -0.7679
vn 0.7778 0.0579 -0.6258
vn 0.7774 -0.0619 -0.6260
vn 0.6372 -0.0617 -0.7683
vn 0.7779 0.0579 -0.6257
vn 0.8929 0.0631 -0.4458
vn 0.8930 -0.0621 -0.4458
vn 0.7775 -0.0617 -0.6259
vn 0.8930 0.0631 -0.4456
vn 0.9699 0.0682 -0.2336
vn 0.9704 -0.0621 -0.2333
vn 0.9700 0.0681 -0.2335
vn 0.9955 0.0636 -0.0700
vn 0.9704 -0.0621 -0.2332
vn 0.0865 0.9752 0.2039
vn 0.1979 0.9759 0.0921
vn 0.1980 0.9759 0.0921
vn 0.2663 0.9214 0.2832
vn 0.3730 0.9222 0.1024
vn 0.2663 0.9213 0.2832
vn 0.0914 0.9089 0.4068
vn 0.2663 0.9213 0.2833
vn 0.3731 0.9221 0.1024
vn 0.4501 0.8359 0.3142
vn 0.4500 0.8359 0.3142
vn 0.2785 0.8197 0.5006
vn 0.0914 0.9089 0.4069
vn 0.2784 0.8197 0.5005
vn 0.0914 0.9089 0.4070
vn 0.6152 0.7201 0.3211
vn 0.5384 0.8361 0.1046
vn 0.4502 0.8358 0.3142
vn 0.4643 0.7037 0.5378
vn 0.6152 0.7200 0.3211
vn 0.4501 0.8359 0.3143
vn 0.2786 0.8196 0.5006
vn 0.2785 0.8196 0.5006
vn 0.2684 0.6873 0.6750
vn 0.2682 0.6873 0.6750
vn 0.2682 0.6872 0.6751
vn 0.7566 0.5722 0.3166
vn 0.6152 0.7200 0.3212
vn 0.6240 0.5603 0.5447
vn 0.6152 0.7199 0.3213
vn 0.4644 0.7037 0.5378
vn 0.6239 0.5603 0.5448
vn 0.4644 0.7036 0.5379
vn 0.4473 0.5449 0.7092
vn 0.4643 0.7036 0.5378
vn 0.2684 0.6872 0.6750
vn 0.4472 0.5449 0.7093
vn 0.2683 0.6871 0.6752
vn 0.2491 0.5328 0.8087
vn 0.4472 0.5448 0.7093
vn 0.2683 0.6872 0.6751
vn 0.0844 0.6743 0.7336
vn 0.2490 0.5328 0.8087
vn 0.0778 0.5209 0.8501
vn 0.2489 0.5328 0.8088
vn 0.8675 0.3941 0.3035
vn 0.9201 0.3797 0.0963
vn 0.7566 0.5721 0.3166
vn 0.8675 0.3941 0.3036
vn 0.7566 0.5720 0.3167
vn 0.7522 0.3891 0.5318
vn 0.6240 0.5602 0.5448
vn 0.7521 0.3892 0.5318
vn 0.5947 0.3799 0.7085
vn 0.7521 0.3891 0.5319
vn 0.5947 0.3798 0.7086
vn 0.4147 0.3704 0.8311
vn 0.4472 0.5448 0.7094
vn 0.2491 0.5328 0.8088
vn 0.4147 0.3705 0.8311
vn 0.2491 0.5327 0.8088
vn 0.2256 0.3637 0.9038
vn 0.2490 0.5328 0.8088
vn 0.0778 0.5207 0.8502
vn 0.2255 0.3638 0.9038
vn 0.0704 0.3523 0.9332
vn 0.2255 0.3637 0.9038
vn 0.9201 0.3796 0.0963
vn 0.9398 0.1921 0.2827
vn 0.8676 0.3939 0.3036
vn 0.8423 0.1945 0.5027
vn 0.9397 0.1921 0.2828
vn 0.8675 0.3939 0.3036
vn 0.8423 0.1946 0.5027
vn 0.7522 0.3890 0.5319
vn 0.7056 0.1936 0.6817
vn 0.8422 0.1945 0.5028
vn 0.7522 0.3891 0.5319
vn 0.7055 0.1936 0.6818
vn 0.5457 0.1911 0.8159
vn 0.5456 0.1911 0.8160
vn 0.4147 0.3704 0.8312
vn 0.3748 0.1882 0.9078
vn 0.3748 0.1883 0.9078
vn 0.2256 0.3636 0.9038
vn 0.2002 0.1861 0.9619
vn 0.2002 0.1862 0.9619
vn 0.9398 0.1920 0.2827
vn 0.9398 0.1920 0.2828
vn 0.8423 0.1945 0.5028
vn 0.7768 0.0533 0.6274
vn 0.7768 0.0533 0.6275
vn 0.7055 0.1934 0.6818
vn 0.6372 0.0538 0.7688
vn 0.7055 0.1935 0.6818
vn 0.5457 0.1909 0.8159
vn 0.4842 0.0547 0.8733
vn 0.3749 0.1882 0.9078
vn 0.3252 0.0560 0.9440
vn 0.2002 0.1860 0.9619
vn 0.3250 0.0560 0.9440
vn 0.3250 0.0560 0.9441
vn 0.2001 0.1860 0.9619
vn 0.0625 0.1746 0.9826
vn -0.1619 0.9810 0.1072
vn -0.0697 0.9688 0.2378
vn -0.1620 0.9810 0.1072
vn -0.3395 0.9335 0.1156
vn -0.2211 0.9197 0.3245
vn -0.2211 0.9196 0.3246
vn -0.0698 0.9688 0.2379
vn -0.0697 0.9688 0.2379
vn -0.2210 0.9196 0.3247
vn -0.0766 0.8964 0.4366
vn -0.3396 0.9334 0.1157
vn -0.4154 0.8398 0.3496
vn -0.2212 0.9196 0.3246
vn -0.2211 0.9196 0.3247
vn -0.4153 0.8398 0.3497
vn -0.2398 0.8142 0.5287
vn -0.2397 0.8143 0.5287
vn -0.2397 0.8142 0.5288
vn -0.5866 0.7305 0.3497
vn -0.5864 0.7306 0.3497
vn -0.4154 0.8397 0.3497
vn -0.4154 0.8397 0.3498
vn -0.5865 0.7306 0.3498
vn -0.4344 0.7039 0.5620
vn -0.4343 0.7039 0.5621
vn -0.2398 0.8142 0.5288
vn -0.2378 0.6781 0.6955
vn -0.2377 0.6781 0.6955
vn -0.0764 0.7884 0.6103
vn -0.0764 0.7884 0.6104
vn -0.2376 0.6781 0.6955
vn -0.0736 0.6529 0.7538
vn -0.6614 0.7413 0.1142
vn -0.7336 0.5896 0.3379
vn -0.7336 0.5895 0.3380
vn -0.7335 0.5896 0.3381
vn -0.6011 0.5670 0.5633
vn -0.5865 0.7305 0.3498
vn -0.6010 0.5670 0.5633
vn -0.4343 0.7038 0.5622
vn -0.6010 0.5669 0.5634
vn -0.4246 0.5418 0.7253
vn -0.4342 0.7038 0.5622
vn -0.4246 0.5419 0.7253
vn -0.4246 0.5418 0.7254
vn -0.2269 0.5206 0.8231
vn -0.2268 0.5206 0.8231
vn -0.0736 0.6529 0.7539
vn -0.0736 0.6528 0.7539
vn -0.2268 0.5206 0.8232
vn -0.0695 0.4968 0.8651
vn -0.8512 0.4178 0.3177
vn -0.7336 0.5895 0.3381
vn -0.8511 0.4178 0.3179
vn -0.7363 0.4021 0.5443
vn -0.7362 0.4022 0.5443
vn -0.6011 0.5669 0.5633
vn -0.6010 0.5668 0.5634
vn -0.7362 0.4021 0.5444
vn -0.5793 0.3831 0.7195
vn -0.5792 0.3831 0.7196
vn -0.4247 0.5418 0.7253
vn -0.5792 0.3830 0.7196
vn -0.4000 0.3645 0.8409
vn -0.4246 0.5417 0.7254
vn -0.2270 0.5205 0.8231
vn -0.2268 0.5205 0.8232
vn -0.3999 0.3645 0.8409
vn -0.2113 0.3490 0.9130
vn -0.2112 0.3490 0.9130
vn -0.9033 0.4166 0.1025
vn -0.9312 0.2205 0.2902
vn -0.8512 0.4177 0.3177
vn -0.8512 0.4177 0.3178
vn -0.9312 0.2205 0.2903
vn -0.8339 0.2128 0.5093
vn -0.8512 0.4176 0.3179
vn -0.8338 0.2129 0.5093
vn -0.7362 0.4020 0.5444
vn -0.8338 0.2127 0.5095
vn -0.6971 0.2023 0.6878
vn -0.5793 0.3829 0.7196
vn -0.5376 0.1907 0.8213
vn -0.5792 0.3829 0.7197
vn -0.5376 0.1909 0.8213
vn -0.4000 0.3644 0.8409
vn -0.4000 0.3643 0.8410
vn -0.5375 0.1907 0.8214
vn -0.3673 0.1797 0.9126
vn -0.4000 0.3644 0.8410
vn -0.2114 0.3489 0.9130
vn -0.2113 0.3488 0.9131
vn -0.3672 0.1796 0.9126
vn -0.1930 0.1695 0.9665
vn -0.1929 0.1695 0.9665
vn -0.0646 0.3266 0.9429
vn -0.1928 0.1695 0.9665
vn -0.0591 0.1483 0.9872
vn -0.9726 0.2131 0.0934
vn -0.9675 0.0712 0.2425
vn -0.8339 0.2127 0.5093
vn -0.8338 0.2127 0.5094
vn -0.6972 0.2022 0.6878
vn -0.6971 0.2022 0.6879
vn -0.6329 0.0565 0.7722
vn -0.5376 0.1907 0.8214
vn -0.4798 0.0525 0.8758
vn -0.3673 0.1795 0.9126
vn -0.4797 0.0525 0.8758
vn -0.3211 0.0493 0.9458
vn -0.3672 0.1795 0.9126
vn -0.1930 0.1694 0.9665
vn -0.1929 0.1694 0.9665
vn 0.0697 -0.9697 0.2340
vn 0.1617 -0.9813 0.1047
vn 0.2210 -0.9230 0.3151
vn 0.1617 -0.9813 0.1048
vn 0.2209 -0.9230 0.3151
vn 0.0770 -0.8984 0.4323
vn 0.3383 -0.9343 0.1126
vn 0.4145 -0.8448 0.3384
vn 0.3382 -0.9343 0.1127
vn 0.2211 -0.9230 0.3151
vn 0.2406 -0.8189 0.5211
vn 0.2209 -0.9230 0.3152
vn 0.2405 -0.8189 0.5211
vn 0.2405 -0.8189 0.5212
vn 0.0771 -0.7918 0.6059
vn 0.5050 -0.8557 0.1131
vn 0.6588 -0.7441 0.1106
vn 0.5853 -0.7373 0.3373
vn 0.5853 -0.7373 0.3374
vn 0.4146 -0.8447 0.3384
vn 0.4146 -0.8447 0.3385
vn 0.4352 -0.7100 0.5536
vn 0.4145 -0.8447 0.3385
vn 0.2406 -0.8189 0.5212
vn 0.4351 -0.7100 0.5537
vn 0.2389 -0.6843 0.6890
vn 0.2388 -0.6843 0.6890
vn 0.0745 -0.6573 0.7499
vn 0.6589 -0.7440 0.1106
vn 0.7939 -0.5988 0.1058
vn 0.7326 -0.5978 0.3254
vn 0.7326 -0.5979 0.3254
vn 0.6020 -0.5747 0.5544
vn 0.5853 -0.7373 0.3375
vn 0.6020 -0.5747 0.5543
vn 0.4353 -0.7100 0.5536
vn 0.4352 -0.7099 0.5537
vn 0.6020 -0.5746 0.5545
vn 0.4262 -0.5491 0.7189
vn 0.4351 -0.7099 0.5537
vn 0.4262 -0.5491 0.7190
vn 0.2390 -0.6842 0.6891
vn 0.2389 -0.6841 0.6891
vn 0.4262 -0.5490 0.7190
vn 0.2284 -0.5278 0.8181
vn 0.2388 -0.6842 0.6891
vn 0.2282 -0.5278 0.8181
vn 0.0707 -0.5020 0.8620
vn 0.8509 -0.4273 0.3055
vn 0.8509 -0.4274 0.3055
vn 0.7327 -0.5978 0.3254
vn 0.8509 -0.4273 0.3056
vn 0.7377 -0.4112 0.5354
vn 0.7326 -0.5978 0.3255
vn 0.6021 -0.5746 0.5543
vn 0.7377 -0.4112 0.5355
vn 0.5813 -0.3914 0.7133
vn 0.5813 -0.3915 0.7133
vn 0.4263 -0.5489 0.7190
vn 0.5813 -0.3914 0.7134
vn 0.4021 -0.3725 0.8364
vn 0.4262 -0.5489 0.7190
vn 0.4020 -0.3725 0.8364
vn 0.2283 -0.5277 0.8182
vn 0.2129 -0.3570 0.9095
vn 0.2282 -0.5277 0.8182
vn 0.2128 -0.3570 0.9095
vn 0.9013 -0.4218 0.0988
vn 0.9321 -0.2310 0.2789
vn 0.9321 -0.2310 0.2791
vn 0.8363 -0.2228 0.5010
vn 0.8362 -0.2228 0.5011
vn 0.7378 -0.4110 0.5355
vn 0.8362 -0.2228 0.5012
vn 0.7000 -0.2117 0.6820
vn 0.7000 -0.2117 0.6821
vn 0.6999 -0.2117 0.6821
vn 0.5404 -0.1995 0.8174
vn 0.5403 -0.1996 0.8175
vn 0.4021 -0.3724 0.8364
vn 0.3696 -0.1881 0.9099
vn 0.4020 -0.3724 0.8365
vn 0.3695 -0.1882 0.9100
vn 0.1947 -0.1780 0.9646
vn 0.2128 -0.3570 0.9096
vn 0.1946 -0.1780 0.9646
vn 0.1945 -0.1780 0.9646
vn 0.0604 -0.1543 0.9862
vn 0.9715 -0.2193 0.0899
vn 0.9699 -0.0759 0.2315
vn 0.9715 -0.2194 0.0898
vn 0.9322 -0.2309 0.2789
vn 0.9321 -0.2308 0.2790
vn 0.9698 -0.0759 0.2317
vn 0.9321 -0.2309 0.2791
vn 0.8363 -0.2227 0.5011
vn 0.8362 -0.2227 0.5012
vn 0.7773 -0.0656 0.6256
vn 0.7000 -0.2116 0.6821
vn 0.6999 -0.2116 0.6822
vn 0.5403 -0.1995 0.8175
vn 0.3696 -0.1880 0.9100
vn 0.3249 -0.0532 0.9443
vn 0.3695 -0.1881 0.9100
vn 0.1946 -0.1779 0.9646
vn 0.3247 -0.0532 0.9443
vn 0.1636 -0.0509 0.9852
vn 0.0604 -0.1542 0.9862
vn 0.0491 -0.0397 0.9980
vn -0.1947 -0.9766 0.0914
vn -0.2585 -0.9242 0.2812
vn -0.3691 -0.9238 0.1021
vn -0.1946 -0.9766 0.0914
vn -0.0847 -0.9755 0.2028
vn -0.0847 -0.9755 0.2029
vn -0.0891 -0.9100 0.4049
vn -0.2584 -0.9242 0.2812
vn -0.3692 -0.9237 0.1021
vn -0.4429 -0.8401 0.3130
vn -0.4429 -0.8401 0.3131
vn -0.2585 -0.9241 0.2813
vn -0.2698 -0.8240 0.4983
vn -0.4429 -0.8401 0.3132
vn -0.2585 -0.9241 0.2814
vn -0.0892 -0.9099 0.4050
vn -0.2696 -0.8241 0.4982
vn -0.0892 -0.9099 0.4051
vn -0.2696 -0.8240 0.4984
vn -0.5341 -0.8389 0.1048
vn -0.6084 -0.7260 0.3206
vn -0.4430 -0.8401 0.3130
vn -0.6083 -0.7260 0.3206
vn -0.4568 -0.7090 0.5372
vn -0.6083 -0.7260 0.3208
vn -0.2697 -0.8239 0.4984
vn -0.4568 -0.7091 0.5372
vn -0.2591 -0.6930 0.6727
vn -0.2590 -0.6931 0.6727
vn -0.2590 -0.6931 0.6728
vn -0.7506 -0.5798 0.3169
vn -0.8159 -0.5690 0.1022
vn -0.7505 -0.5799 0.3169
vn -0.6084 -0.7259 0.3207
vn -0.6174 -0.5671 0.5451
vn -0.6084 -0.7259 0.3208
vn -0.4569 -0.7090 0.5372
vn -0.6174 -0.5672 0.5451
vn -0.4396 -0.5516 0.7088
vn -0.6173 -0.5672 0.5452
vn -0.4396 -0.5517 0.7088
vn -0.2591 -0.6930 0.6728
vn -0.2399 -0.5399 0.8068
vn -0.4396 -0.5516 0.7089
vn -0.2590 -0.6930 0.6728
vn -0.0751 -0.5246 0.8481
vn -0.2398 -0.5399 0.8069
vn -0.8160 -0.5689 0.1022
vn -0.8629 -0.4033 0.3045
vn -0.9172 -0.3862 0.0977
vn -0.8160 -0.5690 0.1022
vn -0.8629 -0.4034 0.3045
vn -0.7506 -0.5797 0.3169
vn -0.7468 -0.3975 0.5331
vn -0.8629 -0.4033 0.3046
vn -0.7506 -0.5797 0.3171
vn -0.6174 -0.5671 0.5452
vn -0.7468 -0.3975 0.5332
vn -0.6175 -0.5670 0.5452
vn -0.5886 -0.3878 0.7094
vn -0.7467 -0.3975 0.5332
vn -0.6173 -0.5671 0.5453
vn -0.4396 -0.5515 0.7089
vn -0.5885 -0.3878 0.7094
vn -0.4075 -0.3783 0.8312
vn -0.2399 -0.5398 0.8069
vn -0.4075 -0.3784 0.8311
vn -0.2170 -0.3717 0.9026
vn -0.4074 -0.3783 0.8312
vn -0.0751 -0.5245 0.8481
vn -0.2169 -0.3717 0.9027
vn -0.0752 -0.5245 0.8481
vn -0.9173 -0.3861 0.0977
vn -0.9371 -0.2025 0.2843
vn -0.9173 -0.3861 0.0978
vn -0.8629 -0.4032 0.3045
vn -0.9371 -0.2024 0.2844
vn -0.8629 -0.4032 0.3046
vn -0.8387 -0.2041 0.5048
vn -0.8387 -0.2041 0.5049
vn -0.7469 -0.3974 0.5332
vn -0.7010 -0.2026 0.6837
vn -0.5886 -0.3877 0.7094
vn -0.7010 -0.2026 0.6838
vn -0.5402 -0.1998 0.8174
vn -0.7009 -0.2026 0.6838
vn -0.5885 -0.3877 0.7095
vn -0.4075 -0.3782 0.8312
vn -0.5401 -0.1998 0.8175
vn -0.3682 -0.1968 0.9087
vn -0.5401 -0.1997 0.8175
vn -0.1923 -0.1947 0.9618
vn -0.3681 -0.1968 0.9087
vn -0.9796 -0.1794 0.0911
vn -0.8896 -0.0574 0.4530
vn -0.8896 -0.0573 0.4531
vn -0.7733 -0.0577 0.6315
vn -0.6328 -0.0581 0.7721
vn -0.7009 -0.2026 0.6839
vn -0.5403 -0.1997 0.8175
vn -0.5402 -0.1997 0.8175
vn -0.4789 -0.0588 0.8759
vn -0.4788 -0.0588 0.8759
vn -0.1924 -0.1946 0.9618
vn -0.1923 -0.1946 0.9618
vn -0.0600 -0.1799 0.9818
vn -0.1567 -0.0620 0.9857
vn 0.0768 0.9686 -0.2362
vn 0.1708 0.9799 -0.1034
vn 0.2361 0.9180 -0.3187
vn 0.1707 0.9799 -0.1035
vn 0.2360 0.9180 -0.3188
vn 0.0769 0.9687 -0.2362
vn 0.0769 0.9686 -0.2363
vn 0.5129 0.8511 -0.1124
vn 0.4259 0.8378 -0.3415
vn 0.3465 0.9314 -0.1116
vn 0.4259 0.8378 -0.3416
vn 0.2361 0.9180 -0.3188
vn 0.2362 0.9179 -0.3188
vn 0.4258 0.8378 -0.3416
vn 0.2547 0.8113 -0.5262
vn 0.2546 0.8114 -0.5262
vn 0.0834 0.8959 -0.4364
vn 0.0834 0.8958 -0.4366
vn 0.5947 0.7281 -0.3411
vn 0.5946 0.7281 -0.3411
vn 0.4260 0.8377 -0.3417
vn 0.4460 0.7008 -0.5567
vn 0.4259 0.8378 -0.3417
vn 0.4459 0.7008 -0.5568
vn 0.2548 0.8113 -0.5262
vn 0.4459 0.7008 -0.5569
vn 0.2509 0.6744 -0.6944
vn 0.2547 0.8113 -0.5263
vn 0.2508 0.6743 -0.6945
vn 0.2509 0.6743 -0.6945
vn 0.0788 0.6511 -0.7549
vn 0.6663 0.7375 -0.1099
vn 0.8003 0.5903 -0.1051
vn 0.7401 0.5866 -0.3290
vn 0.5947 0.7280 -0.3411
vn 0.7400 0.5865 -0.3292
vn 0.6102 0.5635 -0.5569
vn 0.5946 0.7280 -0.3412
vn 0.4460 0.7007 -0.5568
vn 0.6101 0.5635 -0.5570
vn 0.4353 0.5378 -0.7220
vn 0.2509 0.6743 -0.6946
vn 0.2380 0.5160 -0.8229
vn 0.2379 0.5160 -0.8229
vn 0.0788 0.6510 -0.7549
vn 0.2380 0.5159 -0.8229
vn 0.0739 0.4941 -0.8663
vn 0.8004 0.5902 -0.1051
vn 0.9061 0.4116 -0.0981
vn 0.8562 0.4144 -0.3086
vn 0.7401 0.5865 -0.3291
vn 0.7401 0.5864 -0.3292
vn 0.8561 0.4143 -0.3088
vn 0.7434 0.3982 -0.5373
vn 0.7434 0.3984 -0.5373
vn 0.6102 0.5634 -0.5569
vn 0.7434 0.3983 -0.5374
vn 0.5878 0.3785 -0.7150
vn 0.6102 0.5634 -0.5570
vn 0.5877 0.3786 -0.7150
vn 0.4353 0.5377 -0.7221
vn 0.5877 0.3785 -0.7151
vn 0.4091 0.3594 -0.8387
vn 0.2380 0.5158 -0.8230
vn 0.2206 0.3435 -0.9129
vn 0.2379 0.5158 -0.8230
vn 0.2205 0.3435 -0.9129
vn 0.0739 0.4940 -0.8663
vn 0.2205 0.3434 -0.9129
vn 0.0683 0.3229 -0.9440
vn 0.9061 0.4114 -0.0981
vn 0.9741 0.2079 -0.0890
vn 0.9348 0.2171 -0.2810
vn 0.9348 0.2171 -0.2812
vn 0.8562 0.4143 -0.3086
vn 0.8562 0.4142 -0.3087
vn 0.8392 0.2087 -0.5021
vn 0.7434 0.3982 -0.5374
vn 0.8392 0.2087 -0.5022
vn 0.7037 0.1975 -0.6825
vn 0.7036 0.1975 -0.6826
vn 0.5448 0.1854 -0.8178
vn 0.5447 0.1854 -0.8179
vn 0.4091 0.3593 -0.8387
vn 0.3748 0.1737 -0.9107
vn 0.4091 0.3593 -0.8388
vn 0.3747 0.1737 -0.9107
vn 0.2206 0.3434 -0.9129
vn 0.2006 0.1631 -0.9660
vn 0.2005 0.1631 -0.9660
vn 0.2004 0.1631 -0.9660
vn 0.0621 0.1435 -0.9877
vn 0.9741 0.2077 -0.0890
vn 0.9955 0.0637 -0.0701
vn 0.9700 0.0682 -0.2335
vn 0.9741 0.2078 -0.0890
vn 0.9348 0.2170 -0.2810
vn 0.9348 0.2170 -0.2812
vn 0.8930 0.0631 -0.4457
vn 0.8393 0.2086 -0.5021
vn 0.7779 0.0580 -0.6257
vn 0.8392 0.2086 -0.5022
vn 0.7037 0.1974 -0.6826
vn 0.7778 0.0580 -0.6258
vn 0.6384 0.0532 -0.7679
vn 0.5448 0.1853 -0.8178
vn 0.5448 0.1853 -0.8179
vn 0.6383 0.0532 -0.7679
vn 0.4858 0.0490 -0.8727
vn 0.5447 0.1853 -0.8179
vn 0.4857 0.0491 -0.8728
vn 0.4857 0.0490 -0.8728
vn 0.3273 0.0455 -0.9438
vn 0.3747 0.1737 -0.9108
vn 0.3271 0.0456 -0.9439
vn 0.2006 0.1630 -0.9660
vn 0.2006 0.1629 -0.9660
vn 0.2004 0.1630 -0.9661
vn 0.0621 0.1434 -0.9877
vn -0.1984 0.9765 -0.0842
vn -0.1985 0.9765 -0.0842
vn -0.2710 0.9250 -0.2662
vn -0.3725 0.9232 -0.0946
vn -0.0882 0.9772 -0.1931
vn -0.2708 0.9251 -0.2662
vn -0.2708 0.9250 -0.2664
vn -0.3726 0.9232 -0.0946
vn -0.4527 0.8410 -0.2962
vn -0.2710 0.9250 -0.2664
vn -0.2846 0.8240 -0.4900
vn -0.4527 0.8410 -0.2964
vn -0.2709 0.9250 -0.2664
vn -0.2845 0.8239 -0.4901
vn -0.5372 0.8378 -0.0971
vn -0.6169 0.7259 -0.3043
vn -0.4528 0.8410 -0.2962
vn -0.6168 0.7259 -0.3043
vn -0.4528 0.8410 -0.2963
vn -0.4697 0.7091 -0.5258
vn -0.6168 0.7259 -0.3044
vn -0.2846 0.8239 -0.4901
vn -0.4696 0.7092 -0.5258
vn -0.2746 0.6914 -0.6682
vn -0.4696 0.7091 -0.5260
vn -0.2745 0.6915 -0.6682
vn -0.0913 0.8103 -0.5788
vn -0.0864 0.6790 -0.7290
vn -0.2745 0.6914 -0.6683
vn -0.7579 0.5786 -0.3014
vn -0.6879 0.7193 -0.0969
vn -0.6169 0.7258 -0.3044
vn -0.6286 0.5663 -0.5331
vn -0.7578 0.5786 -0.3015
vn -0.6168 0.7258 -0.3045
vn -0.4697 0.7091 -0.5260
vn -0.4533 0.5499 -0.7015
vn -0.4532 0.5500 -0.7015
vn -0.2553 0.5366 -0.8043
vn -0.4532 0.5499 -0.7016
vn -0.0865 0.6789 -0.7291
vn -0.0864 0.6789 -0.7291
vn -0.0799 0.5255 -0.8470
vn -0.8180 0.5673 -0.0947
vn -0.8689 0.4012 -0.2901
vn -0.9186 0.3847 -0.0907
vn -0.8688 0.4011 -0.2902
vn -0.7579 0.5786 -0.3015
vn -0.7563 0.3955 -0.5211
vn -0.8688 0.4011 -0.2903
vn -0.7579 0.5785 -0.3016
vn -0.7563 0.3956 -0.5211
vn -0.6285 0.5663 -0.5332
vn -0.6004 0.3852 -0.7008
vn -0.7562 0.3956 -0.5212
vn -0.6285 0.5662 -0.5332
vn -0.4534 0.5499 -0.7015
vn -0.4534 0.5498 -0.7015
vn -0.4210 0.3746 -0.8261
vn -0.6002 0.3852 -0.7009
vn -0.4532 0.5498 -0.7017
vn -0.4209 0.3747 -0.8261
vn -0.2318 0.3669 -0.9009
vn -0.9186 0.3846 -0.0907
vn -0.9415 0.1999 -0.2712
vn -0.9803 0.1785 -0.0845
vn -0.9186 0.3847 -0.0906
vn -0.8689 0.4011 -0.2901
vn -0.9415 0.1998 -0.2714
vn -0.8463 0.2013 -0.4933
vn -0.8462 0.2013 -0.4933
vn -0.7563 0.3955 -0.5212
vn -0.7108 0.1991 -0.6746
vn -0.8462 0.2013 -0.4934
vn -0.7108 0.1992 -0.6747
vn -0.6003 0.3852 -0.7009
vn -0.5515 0.1954 -0.8109
vn -0.7107 0.1991 -0.6747
vn -0.5515 0.1955 -0.8110
vn -0.3809 0.1914 -0.9046
vn -0.5515 0.1953 -0.8110
vn -0.4209 0.3746 -0.8262
vn -0.2065 0.1885 -0.9601
vn -0.3808 0.1914 -0.9046
vn -0.2318 0.3668 -0.9009
vn -0.0727 0.3567 -0.9314
vn -0.2064 0.1885 -0.9602
vn -0.2063 0.1885 -0.9602
vn -0.9720 0.0561 -0.2280
vn -0.9416 0.1997 -0.2712
vn -0.9415 0.1997 -0.2714
vn -0.8960 0.0564 -0.4404
vn -0.9720 0.0561 -0.2281
vn -0.8463 0.2012 -0.4933
vn -0.8960 0.0565 -0.4403
vn -0.8463 0.2011 -0.4933
vn -0.7818 0.0565 -0.6210
vn -0.8462 0.2011 -0.4934
vn -0.7818 0.0566 -0.6209
vn -0.7108 0.1991 -0.6747
vn -0.6427 0.0567 -0.7640
vn -0.6427 0.0567 -0.7641
vn -0.6426 0.0567 -0.7641
vn -0.4898 0.0571 -0.8699
vn -0.2064 0.1884 -0.9602
vn -0.1702 0.0598 -0.9836
vn -0.2063 0.1884 -0.9602
vn 0.2603 -0.9284 -0.2653
vn 0.3672 -0.9253 -0.0944
vn 0.1940 -0.9774 -0.0837
vn 0.2603 -0.9283 -0.2654
vn 0.4437 -0.8458 -0.2963
vn 0.5314 -0.8415 -0.0976
vn 0.2604 -0.9283 -0.2654
vn 0.2728 -0.8291 -0.4880
vn 0.4437 -0.8457 -0.2965
vn 0.2603 -0.9283 -0.2655
vn 0.0902 -0.9135 -0.3968
vn 0.2726 -0.8292 -0.4879
vn 0.0902 -0.9134 -0.3969
vn 0.0880 -0.8128 -0.5759
vn 0.2726 -0.8292 -0.4880
vn 0.5315 -0.8414 -0.0976
vn 0.6085 -0.7327 -0.3049
vn 0.4438 -0.8457 -0.2963
vn 0.6084 -0.7327 -0.3049
vn 0.4438 -0.8457 -0.2965
vn 0.4600 -0.7155 -0.5257
vn 0.6085 -0.7327 -0.3050
vn 0.2728 -0.8291 -0.4881
vn 0.2623 -0.6987 -0.6656
vn 0.2726 -0.8291 -0.4881
vn 0.0880 -0.8127 -0.5761
vn 0.2622 -0.6987 -0.6656
vn 0.0830 -0.6825 -0.7261
vn 0.2622 -0.6986 -0.6657
vn 0.7505 -0.5875 -0.3025
vn 0.8131 -0.5742 -0.0961
vn 0.6086 -0.7326 -0.3049
vn 0.7505 -0.5875 -0.3026
vn 0.6085 -0.7326 -0.3049
vn 0.6203 -0.5745 -0.5339
vn 0.6085 -0.7326 -0.3050
vn 0.4601 -0.7155 -0.5257
vn 0.6204 -0.5746 -0.5339
vn 0.4600 -0.7155 -0.5258
vn 0.4436 -0.5582 -0.7012
vn 0.6203 -0.5745 -0.5340
vn 0.2623 -0.6986 -0.6657
vn 0.4435 -0.5582 -0.7012
vn 0.2434 -0.5455 -0.8020
vn 0.4435 -0.5581 -0.7013
vn 0.2433 -0.5455 -0.8020
vn 0.2433 -0.5455 -0.8021
vn 0.8131 -0.5741 -0.0960
vn 0.8632 -0.4121 -0.2917
vn 0.9150 -0.3929 -0.0923
vn 0.8631 -0.4121 -0.2919
vn 0.7498 -0.4056 -0.5228
vn 0.6204 -0.5745 -0.5339
vn 0.7497 -0.4056 -0.5228
vn 0.6204 -0.5744 -0.5340
vn 0.5926 -0.3950 -0.7020
vn 0.7497 -0.4056 -0.5229
vn 0.4436 -0.5581 -0.7012
vn 0.5926 -0.3949 -0.7020
vn 0.4436 -0.5581 -0.7013
vn 0.4117 -0.3845 -0.8262
vn 0.2434 -0.5454 -0.8020
vn 0.2207 -0.3770 -0.8995
vn 0.4117 -0.3844 -0.8263
vn 0.2205 -0.3770 -0.8996
vn 0.9150 -0.3928 -0.0922
vn 0.9382 -0.2123 -0.2734
vn 0.9150 -0.3928 -0.0923
vn 0.8632 -0.4120 -0.2919
vn 0.8419 -0.2129 -0.4959
vn 0.9382 -0.2123 -0.2735
vn 0.8631 -0.4120 -0.2919
vn 0.8419 -0.2130 -0.4959
vn 0.7052 -0.2103 -0.6771
vn 0.8419 -0.2128 -0.4959
vn 0.5447 -0.2063 -0.8128
vn 0.3726 -0.2022 -0.9057
vn 0.5446 -0.2063 -0.8129
vn 0.3725 -0.2024 -0.9057
vn 0.2207 -0.3769 -0.8996
vn 0.1964 -0.1993 -0.9601
vn 0.3725 -0.2022 -0.9057
vn 0.2206 -0.3769 -0.8996
vn 0.0695 -0.3623 -0.9294
vn 0.1962 -0.1994 -0.9601
vn 0.0695 -0.3624 -0.9294
vn 0.0620 -0.1852 -0.9807
vn 0.1963 -0.1993 -0.9601
vn 0.9382 -0.2122 -0.2734
vn 0.9382 -0.2121 -0.2735
vn 0.8930 -0.0621 -0.4457
vn 0.9382 -0.2122 -0.2736
vn 0.7774 -0.0619 -0.6259
vn 0.7053 -0.2102 -0.6771
vn 0.7775 -0.0619 -0.6259
vn 0.7052 -0.2102 -0.6771
vn 0.6371 -0.0617 -0.7683
vn 0.6371 -0.0618 -0.7683
vn 0.5447 -0.2062 -0.8129
vn 0.4831 -0.0620 -0.8733
vn 0.5447 -0.2063 -0.8129
vn 0.4831 -0.0620 -0.8734
vn 0.3229 -0.0629 -0.9443
vn 0.3228 -0.0629 -0.9444
vn 0.1964 -0.1992 -0.9601
vn 0.1607 -0.0646 -0.9849
vn 0.1606 -0.0645 -0.9849
vn -0.1693 -0.9804 -0.1007
vn -0.3441 -0.9327 -0.1082
vn -0.2332 -0.9227 -0.3071
vn -0.1692 -0.9804 -0.1008
vn -0.0757 -0.9700 -0.2310
vn -0.0756 -0.9700 -0.2310
vn -0.2331 -0.9227 -0.3071
vn -0.5099 -0.8534 -0.1085
vn -0.4235 -0.8442 -0.3286
vn -0.4234 -0.8443 -0.3286
vn -0.2333 -0.9226 -0.3072
vn -0.4233 -0.8443 -0.3286
vn -0.2531 -0.8180 -0.5165
vn -0.2332 -0.9226 -0.3073
vn -0.2530 -0.8181 -0.5165
vn -0.0826 -0.8987 -0.4308
vn -0.2530 -0.8180 -0.5166
vn -0.0821 -0.7918 -0.6052
vn -0.5922 -0.7365 -0.3268
vn -0.5922 -0.7365 -0.3269
vn -0.5922 -0.7365 -0.3270
vn -0.4455 -0.7090 -0.5467
vn -0.4234 -0.8442 -0.3288
vn -0.4454 -0.7090 -0.5467
vn -0.2531 -0.8180 -0.5166
vn -0.4454 -0.7089 -0.5468
vn -0.2501 -0.6830 -0.6863
vn -0.0822 -0.7918 -0.6053
vn -0.2500 -0.6829 -0.6864
vn -0.6632 -0.7410 -0.1057
vn -0.7382 -0.5968 -0.3146
vn -0.5922 -0.7364 -0.3269
vn -0.5922 -0.7364 -0.3270
vn -0.7381 -0.5968 -0.3146
vn -0.6104 -0.5734 -0.5465
vn -0.4455 -0.7089 -0.5467
vn -0.4455 -0.7089 -0.5468
vn -0.6103 -0.5734 -0.5466
vn -0.4361 -0.5474 -0.7143
vn -0.4359 -0.5474 -0.7144
vn -0.2501 -0.6829 -0.6864
vn -0.2380 -0.5260 -0.8165
vn -0.0790 -0.6568 -0.7500
vn -0.0746 -0.5009 -0.8623
vn -0.7973 -0.5951 -0.1008
vn -0.9036 -0.4180 -0.0937
vn -0.8554 -0.4261 -0.2946
vn -0.7973 -0.5952 -0.1008
vn -0.7383 -0.5967 -0.3146
vn -0.7382 -0.5967 -0.3147
vn -0.7446 -0.4097 -0.5270
vn -0.6105 -0.5733 -0.5465
vn -0.5896 -0.3895 -0.7076
vn -0.5895 -0.3895 -0.7077
vn -0.4361 -0.5473 -0.7144
vn -0.4360 -0.5473 -0.7144
vn -0.4107 -0.3702 -0.8332
vn -0.4359 -0.5473 -0.7144
vn -0.4107 -0.3701 -0.8333
vn -0.2381 -0.5259 -0.8165
vn -0.2380 -0.5259 -0.8166
vn -0.2212 -0.3545 -0.9085
vn -0.0745 -0.5008 -0.8623
vn -0.0746 -0.5008 -0.8623
vn -0.2212 -0.3544 -0.9085
vn -0.0691 -0.3305 -0.9413
vn -0.9037 -0.4178 -0.0937
vn -0.9728 -0.2156 -0.0848
vn -0.9356 -0.2298 -0.2680
vn -0.8554 -0.4259 -0.2947
vn -0.9355 -0.2298 -0.2682
vn -0.8418 -0.2211 -0.4925
vn -0.8554 -0.4260 -0.2947
vn -0.7447 -0.4096 -0.5270
vn -0.7446 -0.4095 -0.5271
vn -0.8417 -0.2211 -0.4925
vn -0.7067 -0.2094 -0.6758
vn -0.7446 -0.4095 -0.5272
vn -0.5896 -0.3894 -0.7077
vn -0.5896 -0.3893 -0.7077
vn -0.5476 -0.1968 -0.8132
vn -0.5895 -0.3893 -0.7077
vn -0.5476 -0.1968 -0.8133
vn -0.4107 -0.3700 -0.8333
vn -0.5475 -0.1968 -0.8133
vn -0.3770 -0.1850 -0.9076
vn -0.3769 -0.1850 -0.9076
vn -0.3768 -0.1850 -0.9076
vn -0.2017 -0.1747 -0.9637
vn -0.2016 -0.1747 -0.9638
vn -0.0691 -0.3304 -0.9413
vn -0.9723 -0.0740 -0.2215
vn -0.9356 -0.2296 -0.2682
vn -0.8970 -0.0689 -0.4365
vn -0.9356 -0.2298 -0.2682
vn -0.8970 -0.0689 -0.4367
vn -0.7826 -0.0637 -0.6192
vn -0.7068 -0.2093 -0.6758
vn -0.7067 -0.2093 -0.6758
vn -0.7826 -0.0637 -0.6193
vn -0.6432 -0.0587 -0.7635
vn -0.7067 -0.2093 -0.6759
vn -0.6431 -0.0587 -0.7635
vn -0.4903 -0.0544 -0.8699
vn -0.4901 -0.0545 -0.8699
vn -0.3770 -0.1849 -0.9076
vn -0.3769 -0.1849 -0.9076
vn -0.4901 -0.0544 -0.8700
vn -0.3311 -0.0511 -0.9422
vn -0.2017 -0.1746 -0.9638
vn -0.2017 -0.1745 -0.9638
vn -0.1700 -0.0487 -0.9842
vn -0.0519 -0.0376 -0.9979
vn 0.9956 -0.0587 0.0726
vn 0.9949 -0.0932 -0.0396
vn 0.9979 0.0198 -0.0615
vn 0.9972 0.0547 0.0501
vn -0.9953 0.0805 0.0538
vn -0.9972 0.0476 -0.0575
vn -0.9974 -0.0712 -0.0123
vn -0.9944 -0.0372 0.0990
vn -0.0447 0.3206 0.9462
vn -0.0356 0.2282 0.9730
vn 0.0533 0.2380 0.9698
vn 0.0509 0.3364 0.9403
vn -0.0554 -0.3381 -0.9395
vn -0.0530 -0.2361 -0.9703
vn 0.0477 -0.2574 -0.9651
vn 0.0354 -0.3495 -0.9363
vn -0.0520 -0.9284 0.3679
vn -0.0530 -0.9610 0.2713
vn 0.0423 -0.9581 0.2834
vn 0.0426 -0.9243 0.3792
vn 0.0596 0.9605 -0.2718
vn 0.0596 0.9269 -0.3705
vn -0.0457 0.9368 -0.3469
vn -0.0441 0.9676 -0.2488
vn 0.9948 -0.0932 -0.0398
vn 0.9728 -0.1519 -0.1747
vn 0.9789 -0.0040 -0.2042
vn 0.9979 0.0197 -0.0616
vn 0.9728 -0.1520 -0.1747
vn 0.8995 -0.2214 -0.3767
vn 0.9101 -0.0638 -0.4096
vn 0.9789 -0.0040 -0.2044
vn 0.8994 -0.2214 -0.3769
vn 0.7866 -0.2795 -0.5507
vn 0.8012 -0.1166 -0.5869
vn 0.9100 -0.0637 -0.4098
vn 0.7865 -0.2795 -0.5508
vn 0.6468 -0.3244 -0.6902
vn 0.6644 -0.1600 -0.7301
vn 0.8012 -0.1166 -0.5870
vn 0.6467 -0.3244 -0.6903
vn 0.4905 -0.3563 -0.7953
vn 0.5100 -0.1932 -0.8382
vn 0.6643 -0.1600 -0.7301
vn 0.4904 -0.3564 -0.7953
vn 0.3244 -0.3752 -0.8683
vn 0.3456 -0.2176 -0.9128
vn 0.5099 -0.1932 -0.8383
vn 0.3243 -0.3752 -0.8683
vn 0.1506 -0.3784 -0.9133
vn 0.1759 -0.2374 -0.9554
vn 0.3455 -0.2176 -0.9128
vn 0.0355 -0.3494 -0.9363
vn 0.0478 -0.2574 -0.9651
vn 0.1758 -0.2373 -0.9554
vn -0.9972 0.0476 -0.0576
vn -0.9805 0.0241 -0.1949
vn -0.9828 -0.1273 -0.1334
vn -0.9974 -0.0713 -0.0124
vn -0.9805 0.0241 -0.1950
vn -0.9143 -0.0306 -0.4038
vn -0.9193 -0.1968 -0.3409
vn -0.9828 -0.1274 -0.1335
vn -0.9143 -0.0306 -0.4040
vn -0.8074 -0.0796 -0.5846
vn -0.8135 -0.2561 -0.5222
vn -0.9192 -0.1968 -0.3411
vn -0.6722 -0.1213 -0.7304
vn -0.6781 -0.3030 -0.6696
vn -0.8134 -0.2562 -0.5223
vn -0.6722 -0.1214 -0.7304
vn -0.5196 -0.1554 -0.8401
vn -0.5245 -0.3375 -0.7817
vn -0.6780 -0.3031 -0.6696
vn -0.5196 -0.1554 -0.8402
vn -0.3571 -0.1827 -0.9160
vn -0.3599 -0.3592 -0.8611
vn -0.5244 -0.3375 -0.7818
vn -0.1888 -0.2065 -0.9601
vn -0.1881 -0.3647 -0.9119
vn -0.3598 -0.3592 -0.8611
vn -0.1888 -0.2064 -0.9601
vn -0.1879 -0.3648 -0.9119
vn -0.9660 -0.0080 0.2584
vn -0.9664 0.1392 0.2160
vn -0.9953 0.0805 0.0540
vn -0.9660 -0.0079 0.2585
vn -0.8870 0.0450 0.4596
vn -0.8889 0.2010 0.4117
vn -0.8869 0.0450 0.4598
vn -0.7714 0.0905 0.6299
vn -0.7756 0.2519 0.5788
vn -0.7713 0.0905 0.6300
vn -0.6317 0.1275 0.7647
vn -0.6383 0.2910 0.7127
vn -0.7755 0.2520 0.5788
vn -0.4780 0.1558 0.8644
vn -0.4870 0.3183 0.8134
vn -0.4780 0.1557 0.8645
vn -0.3162 0.1769 0.9321
vn -0.3278 0.3342 0.8837
vn -0.4869 0.3183 0.8134
vn -0.3161 0.1770 0.9321
vn -0.1478 0.1956 0.9695
vn -0.1636 0.3369 0.9272
vn -0.3277 0.3342 0.8837
vn 0.9728 0.1145 0.2013
vn 0.9758 -0.0295 0.2167
vn 0.9728 0.1146 0.2014
vn 0.8992 0.1819 0.3979
vn 0.9055 0.0269 0.4235
vn 0.9758 -0.0294 0.2168
vn 0.8991 0.1819 0.3981
vn 0.7884 0.2395 0.5666
vn 0.7958 0.0769 0.6006
vn 0.9054 0.0269 0.4236
vn 0.6527 0.2854 0.7018
vn 0.6596 0.1187 0.7422
vn 0.7958 0.0769 0.6007
vn 0.6526 0.2854 0.7018
vn 0.5021 0.3196 0.8036
vn 0.5075 0.1519 0.8482
vn 0.5021 0.3197 0.8036
vn 0.3433 0.3423 0.8746
vn 0.3463 0.1777 0.9211
vn 0.1791 0.3516 0.9189
vn 0.1789 0.2013 0.9631
vn 0.3462 0.1777 0.9212
vn 0.1791 0.3515 0.9189
vn 0.0534 0.2380 0.9698
vn 0.1787 0.2013 0.9631
vn 0.0596 0.9269 -0.3706
vn 0.0723 0.8709 -0.4862
vn -0.0630 0.8888 -0.4540
vn -0.0457 0.9368 -0.3470
vn 0.0723 0.8708 -0.4863
vn 0.0777 0.7532 -0.6532
vn -0.0695 0.7769 -0.6258
vn 0.0777 0.7531 -0.6533
vn 0.0817 0.6070 -0.7905
vn -0.0751 0.6351 -0.7688
vn -0.0694 0.7769 -0.6258
vn 0.0817 0.6069 -0.7906
vn 0.0841 0.4394 -0.8943
vn -0.0797 0.4707 -0.8787
vn 0.0841 0.4393 -0.8944
vn 0.0848 0.2571 -0.9627
vn -0.0831 0.2902 -0.9534
vn -0.0797 0.4706 -0.8787
vn 0.0849 0.2570 -0.9627
vn 0.0832 0.0649 -0.9944
vn -0.0843 0.0986 -0.9915
vn -0.0831 0.2901 -0.9534
vn 0.0832 0.0648 -0.9944
vn 0.0754 -0.1341 -0.9881
vn -0.0794 -0.1010 -0.9917
vn -0.0844 0.0986 -0.9915
vn -0.0794 -0.1012 -0.9917
vn -0.0530 -0.9611 0.2712
vn -0.0675 -0.9873 0.1441
vn 0.0566 -0.9847 0.1648
vn -0.0756 -0.9953 -0.0607
vn 0.0614 -0.9973 -0.0391
vn 0.0566 -0.9847 0.1647
vn -0.0756 -0.9953 -0.0609
vn -0.0826 -0.9611 -0.2635
vn 0.0650 -0.9681 -0.2420
vn 0.0614 -0.9973 -0.0393
vn -0.0826 -0.9611 -0.2636
vn -0.0877 -0.8866 -0.4541
vn 0.0674 -0.8985 -0.4338
vn -0.0876 -0.8866 -0.4542
vn -0.0903 -0.7762 -0.6240
vn 0.0684 -0.7921 -0.6066
vn 0.0674 -0.8984 -0.4339
vn -0.0903 -0.7761 -0.6240
vn -0.0895 -0.6353 -0.7671
vn 0.0675 -0.6537 -0.7537
vn 0.0684 -0.7920 -0.6067
vn -0.0895 -0.6352 -0.7671
vn -0.0823 -0.4694 -0.8792
vn 0.0602 -0.4894 -0.8700
vn 0.0675 -0.6536 -0.7538
vn -0.0823 -0.4692 -0.8792
vn 0.0603 -0.4893 -0.8701
vn 0.0426 -0.9243 0.3793
vn 0.0565 -0.8620 0.5038
vn -0.0621 -0.8706 0.4880
vn 0.0565 -0.8619 0.5040
vn 0.0636 -0.7469 0.6619
vn -0.0661 -0.7580 0.6489
vn 0.0636 -0.7468 0.6620
vn 0.0698 -0.6059 0.7924
vn -0.0688 -0.6191 0.7823
vn -0.0661 -0.7579 0.6490
vn 0.0699 -0.6058 0.7925
vn 0.0752 -0.4455 0.8921
vn -0.0704 -0.4600 0.8851
vn -0.0688 -0.6190 0.7824
vn 0.0752 -0.4454 0.8922
vn 0.0793 -0.2711 0.9593
vn -0.0706 -0.2866 0.9554
vn -0.0704 -0.4599 0.8852
vn 0.0793 -0.2709 0.9593
vn 0.0808 -0.0874 0.9929
vn -0.0686 -0.1037 0.9922
vn -0.0706 -0.2866 0.9555
vn 0.0809 -0.0873 0.9929
vn 0.0769 0.1019 0.9918
vn -0.0605 0.0848 0.9946
vn -0.0685 -0.1035 0.9923
vn 0.0769 0.1020 0.9918
vn -0.0604 0.0849 0.9946
vn -0.0441 0.9676 -0.2487
vn -0.0574 0.9935 -0.0985
vn 0.0705 0.9885 -0.1340
vn 0.0596 0.9605 -0.2717
vn -0.0574 0.9935 -0.0983
vn -0.0627 0.9920 0.1097
vn 0.0774 0.9942 0.0745
vn 0.0705 0.9885 -0.1339
vn -0.0627 0.9920 0.1098
vn -0.0673 0.9479 0.3115
vn 0.0825 0.9568 0.2786
vn 0.0774 0.9942 0.0747
vn -0.0673 0.9478 0.3116
vn -0.0711 0.8647 0.4972
vn 0.0860 0.8794 0.4683
vn 0.0825 0.9568 0.2787
vn -0.0711 0.8646 0.4974
vn -0.0738 0.7477 0.6599
vn 0.0873 0.7668 0.6360
vn 0.0860 0.8793 0.4685
vn -0.0737 0.7477 0.6600
vn -0.0743 0.6028 0.7944
vn 0.0858 0.6247 0.7761
vn 0.0872 0.7667 0.6360
vn -0.0743 0.6027 0.7945
vn -0.0690 0.4338 0.8984
vn 0.0781 0.4572 0.8859
vn 0.0858 0.6247 0.7762
vn -0.0690 0.4337 0.8984
vn 0.0781 0.4571 0.8860
vn -0.0521 -0.9284 0.3679
vn -0.1699 -0.9108 0.3763
vn -0.1783 -0.9482 0.2629
vn -0.1700 -0.9108 0.3763
vn -0.3385 -0.8679 0.3636
vn -0.3457 -0.9042 0.2510
vn -0.1785 -0.9482 0.2629
vn -0.3386 -0.8678 0.3637
vn -0.5021 -0.7943 0.3420
vn -0.5081 -0.8305 0.2284
vn -0.3457 -0.9041 0.2510
vn -0.5022 -0.7942 0.3420
vn -0.6560 -0.6880 0.3102
vn -0.6606 -0.7250 0.1949
vn -0.5083 -0.8304 0.2284
vn -0.6561 -0.6880 0.3102
vn -0.7927 -0.5477 0.2676
vn -0.7954 -0.5872 0.1502
vn -0.6606 -0.7250 0.1947
vn -0.9019 -0.3751 0.2144
vn -0.9031 -0.4187 0.0951
vn -0.7954 -0.5872 0.1501
vn -0.9724 -0.1766 0.1522
vn -0.9738 -0.2254 0.0319
vn -0.9032 -0.4185 0.0951
vn -0.9944 -0.0373 0.0990
vn -0.9974 -0.0713 -0.0123
vn -0.9738 -0.2252 0.0319
vn -0.0458 0.9368 -0.3469
vn -0.1714 0.9237 -0.3426
vn -0.1548 0.9593 -0.2362
vn -0.1715 0.9237 -0.3426
vn -0.3442 0.8808 -0.3253
vn -0.3311 0.9171 -0.2218
vn -0.3442 0.8807 -0.3253
vn -0.5086 0.8064 -0.3018
vn -0.5014 0.8428 -0.1957
vn -0.3313 0.9171 -0.2218
vn -0.5087 0.8063 -0.3018
vn -0.6619 0.6993 -0.2698
vn -0.6600 0.7346 -0.1576
vn -0.5015 0.8428 -0.1957
vn -0.7974 0.5588 -0.2278
vn -0.7988 0.5919 -0.1079
vn -0.6601 0.7345 -0.1577
vn -0.7974 0.5588 -0.2277
vn -0.9053 0.3867 -0.1758
vn -0.9076 0.4172 -0.0473
vn -0.7989 0.5918 -0.1078
vn -0.9053 0.3866 -0.1758
vn -0.9752 0.1889 -0.1155
vn -0.9758 0.2178 0.0218
vn -0.9076 0.4171 -0.0473
vn -0.9752 0.1889 -0.1154
vn -0.9953 0.0807 0.0538
vn -0.9758 0.2176 0.0218
vn 0.1562 -0.9501 0.2700
vn 0.1516 -0.9109 0.3838
vn 0.0427 -0.9243 0.3792
vn 0.1563 -0.9501 0.2700
vn 0.3243 -0.9110 0.2547
vn 0.3218 -0.8723 0.3681
vn 0.1517 -0.9109 0.3838
vn 0.3244 -0.9110 0.2547
vn 0.4877 -0.8425 0.2289
vn 0.4871 -0.8033 0.3427
vn 0.3219 -0.8723 0.3681
vn 0.4878 -0.8424 0.2289
vn 0.6418 -0.7425 0.1918
vn 0.6424 -0.7022 0.3070
vn 0.4872 -0.8033 0.3426
vn 0.7792 -0.6101 0.1435
vn 0.7809 -0.5678 0.2605
vn 0.6426 -0.7020 0.3070
vn 0.7793 -0.6101 0.1433
vn 0.8906 -0.4469 0.0844
vn 0.8929 -0.4015 0.2037
vn 0.7809 -0.5677 0.2605
vn 0.9658 -0.2587 0.0166
vn 0.9682 -0.2088 0.1379
vn 0.8930 -0.4014 0.2036
vn 0.9658 -0.2586 0.0166
vn 0.9949 -0.0933 -0.0396
vn 0.9682 -0.2086 0.1379
vn 0.0597 0.9605 -0.2719
vn 0.1915 0.9480 -0.2541
vn 0.2086 0.9084 -0.3623
vn 0.3654 0.8998 -0.2384
vn 0.3800 0.8580 -0.3457
vn 0.2087 0.9084 -0.3623
vn 0.3655 0.8998 -0.2384
vn 0.5319 0.8203 -0.2101
vn 0.5420 0.7768 -0.3207
vn 0.5320 0.8203 -0.2101
vn 0.6858 0.7079 -0.1690
vn 0.6916 0.6636 -0.2852
vn 0.6859 0.7079 -0.1688
vn 0.8192 0.5618 -0.1150
vn 0.8217 0.5175 -0.2387
vn 0.8193 0.5617 -0.1150
vn 0.9220 0.3841 -0.0498
vn 0.9224 0.3409 -0.1816
vn 0.9220 0.3839 -0.0498
vn 0.9831 0.1816 0.0235
vn 0.9832 0.1411 -0.1161
vn 0.9224 0.3409 -0.1815
vn 0.9979 0.0199 -0.0616
vn 0.9832 0.1410 -0.1161
vn 0.1788 0.2013 0.9631
vn 0.2323 0.0213 0.9724
vn 0.3462 0.1776 0.9212
vn 0.2323 0.0212 0.9724
vn 0.3463 0.1776 0.9211
vn 0.4139 -0.0314 0.9098
vn 0.5075 0.1518 0.8482
vn 0.3463 0.1776 0.9212
vn 0.2324 0.0212 0.9724
vn 0.4138 -0.0314 0.9098
vn 0.2445 -0.1929 0.9503
vn 0.4139 -0.0315 0.9098
vn 0.0810 -0.0873 0.9929
vn 0.2445 -0.1928 0.9503
vn 0.0810 -0.0875 0.9929
vn 0.0793 -0.2710 0.9593
vn 0.2444 -0.1929 0.9503
vn 0.5800 -0.0714 0.8115
vn 0.6595 0.1187 0.7423
vn 0.5075 0.1517 0.8482
vn 0.5798 -0.0714 0.8116
vn 0.4323 -0.2655 0.8618
vn 0.5799 -0.0715 0.8116
vn 0.2382 -0.3869 0.8908
vn 0.2381 -0.3869 0.8909
vn 0.6596 0.1186 0.7422
vn 0.7275 -0.1119 0.6769
vn 0.7274 -0.1119 0.6770
vn 0.5800 -0.0716 0.8115
vn 0.5981 -0.3188 0.7353
vn 0.7274 -0.1120 0.6770
vn 0.4324 -0.2655 0.8617
vn 0.5980 -0.3189 0.7353
vn 0.4323 -0.2656 0.8617
vn 0.4237 -0.4700 0.7743
vn 0.2381 -0.3869 0.8908
vn 0.2244 -0.5610 0.7968
vn 0.0753 -0.4455 0.8921
vn 0.2243 -0.5610 0.7969
vn 0.0699 -0.6059 0.7925
vn 0.2242 -0.5610 0.7968
vn 0.8488 -0.1548 0.5055
vn 0.9054 0.0268 0.4236
vn 0.8488 -0.1548 0.5056
vn 0.7275 -0.1120 0.6769
vn 0.7362 -0.3632 0.5710
vn 0.5981 -0.3189 0.7353
vn 0.7362 -0.3632 0.5711
vn 0.5981 -0.3190 0.7352
vn 0.5813 -0.5276 0.6194
vn 0.5980 -0.3190 0.7353
vn 0.4238 -0.4700 0.7743
vn 0.4005 -0.6438 0.6520
vn 0.5813 -0.5277 0.6194
vn 0.4004 -0.6438 0.6521
vn 0.2244 -0.5611 0.7967
vn 0.2062 -0.7123 0.6709
vn 0.2242 -0.5612 0.7968
vn 0.0700 -0.6059 0.7924
vn 0.9325 -0.1984 0.3018
vn 0.9758 -0.0295 0.2169
vn 0.9054 0.0267 0.4236
vn 0.8489 -0.1548 0.5054
vn 0.8377 -0.3998 0.3721
vn 0.9325 -0.1985 0.3018
vn 0.7363 -0.3632 0.5710
vn 0.7035 -0.5668 0.4287
vn 0.5814 -0.5276 0.6194
vn 0.5434 -0.6949 0.4710
vn 0.7034 -0.5669 0.4287
vn 0.4006 -0.6438 0.6519
vn 0.5434 -0.6949 0.4711
vn 0.4005 -0.6439 0.6519
vn 0.3680 -0.7840 0.4999
vn 0.5433 -0.6950 0.4710
vn 0.2063 -0.7124 0.6708
vn 0.3680 -0.7840 0.5000
vn 0.2062 -0.7124 0.6708
vn 0.1852 -0.8360 0.5166
vn 0.1852 -0.8359 0.5167
vn 0.0566 -0.8619 0.5040
vn 0.9682 -0.2086 0.1380
vn 0.9758 -0.0295 0.2168
vn 0.9325 -0.1984 0.3017
vn 0.9682 -0.2088 0.1380
vn 0.9325 -0.1985 0.3017
vn 0.8377 -0.3998 0.3720
vn 0.8930 -0.4014 0.2037
vn 0.8377 -0.3999 0.3720
vn 0.8377 -0.3999 0.3721
vn 0.7035 -0.5669 0.4286
vn 0.7809 -0.5677 0.2606
vn 0.7035 -0.5670 0.4286
vn 0.5433 -0.6950 0.4709
vn 0.4872 -0.8033 0.3427
vn 0.6426 -0.7021 0.3070
vn 0.1853 -0.8360 0.5165
vn 0.1852 -0.8360 0.5165
vn 0.0566 -0.8620 0.5038
vn 0.0427 -0.9243 0.3793
vn -0.0605 0.0849 0.9945
vn -0.3161 0.1768 0.9321
vn -0.2007 0.0079 0.9796
vn -0.1478 0.1955 0.9695
vn -0.0686 -0.1036 0.9922
vn -0.3163 0.1768 0.9320
vn -0.4780 0.1556 0.8645
vn -0.3898 -0.0340 0.9203
vn -0.3162 0.1768 0.9321
vn -0.3898 -0.0341 0.9203
vn -0.2008 0.0079 0.9796
vn -0.2008 0.0078 0.9796
vn -0.3897 -0.0342 0.9203
vn -0.2222 -0.2017 0.9539
vn -0.2007 0.0078 0.9796
vn -0.0687 -0.1036 0.9922
vn -0.0687 -0.1037 0.9922
vn -0.0707 -0.2866 0.9555
vn -0.6317 0.1273 0.7647
vn -0.5600 -0.0639 0.8261
vn -0.5599 -0.0639 0.8261
vn -0.5599 -0.0640 0.8261
vn -0.4168 -0.2652 0.8694
vn -0.3898 -0.0342 0.9203
vn -0.4167 -0.2652 0.8695
vn -0.2223 -0.2018 0.9539
vn -0.2259 -0.3937 0.8910
vn -0.2222 -0.2018 0.9539
vn -0.2258 -0.3937 0.8911
vn -0.0707 -0.2866 0.9554
vn -0.2258 -0.3937 0.8910
vn -0.0705 -0.4600 0.8851
vn -0.7117 -0.0951 0.6960
vn -0.7116 -0.0951 0.6961
vn -0.5600 -0.0639 0.8260
vn -0.5600 -0.0640 0.8260
vn -0.7116 -0.0952 0.6961
vn -0.5880 -0.3091 0.7475
vn -0.5599 -0.0641 0.8261
vn -0.5879 -0.3091 0.7475
vn -0.4169 -0.2652 0.8694
vn -0.4169 -0.2653 0.8694
vn -0.5879 -0.3092 0.7475
vn -0.4177 -0.4681 0.7787
vn -0.4168 -0.2653 0.8694
vn -0.4176 -0.4681 0.7788
vn -0.2259 -0.3938 0.8910
vn -0.4176 -0.4682 0.7787
vn -0.2214 -0.5666 0.7937
vn -0.2258 -0.3939 0.8910
vn -0.2213 -0.5666 0.7937
vn -0.0689 -0.6189 0.7824
vn -0.8869 0.0449 0.4598
vn -0.8384 -0.1301 0.5292
vn -0.8384 -0.1301 0.5293
vn -0.7117 -0.0953 0.6960
vn -0.7318 -0.3451 0.5877
vn -0.7117 -0.0952 0.6961
vn -0.5880 -0.3092 0.7474
vn -0.5810 -0.5174 0.6283
vn -0.5879 -0.3093 0.7475
vn -0.4178 -0.4681 0.7787
vn -0.4177 -0.4682 0.7787
vn -0.5809 -0.5175 0.6283
vn -0.4033 -0.6411 0.6529
vn -0.4033 -0.6411 0.6530
vn -0.2214 -0.5667 0.7936
vn -0.2116 -0.7166 0.6646
vn -0.2213 -0.5667 0.7936
vn -0.2115 -0.7167 0.6646
vn -0.0689 -0.6191 0.7823
vn -0.0689 -0.6190 0.7823
vn -0.2115 -0.7167 0.6645
vn -0.8869 0.0449 0.4597
vn -0.9292 -0.1679 0.3292
vn -0.8385 -0.1301 0.5292
vn -0.9291 -0.1681 0.3293
vn -0.8397 -0.3754 0.3924
vn -0.8384 -0.1302 0.5292
vn -0.8396 -0.3754 0.3926
vn -0.7319 -0.3451 0.5876
vn -0.7318 -0.3452 0.5876
vn -0.7090 -0.5498 0.4416
vn -0.7317 -0.3452 0.5877
vn -0.5809 -0.5175 0.6282
vn -0.5514 -0.6850 0.4761
vn -0.5810 -0.5175 0.6283
vn -0.4034 -0.6411 0.6529
vn -0.3784 -0.7806 0.4975
vn -0.4033 -0.6412 0.6529
vn -0.2116 -0.7167 0.6645
vn -0.2116 -0.7168 0.6644
vn -0.1976 -0.8387 0.5074
vn -0.2115 -0.7168 0.6644
vn -0.1974 -0.8388 0.5074
vn -0.0621 -0.8706 0.4881
vn -0.9725 -0.1765 0.1522
vn -0.9292 -0.1680 0.3291
vn -0.9292 -0.1681 0.3291
vn -0.9724 -0.1766 0.1523
vn -0.7927 -0.5476 0.2678
vn -0.7927 -0.5477 0.2678
vn -0.6560 -0.6880 0.3103
vn -0.5515 -0.6851 0.4760
vn -0.5514 -0.6851 0.4760
vn -0.5022 -0.7942 0.3421
vn -0.3784 -0.7807 0.4974
vn -0.3784 -0.7807 0.4973
vn -0.5021 -0.7943 0.3421
vn -0.3385 -0.8678 0.3638
vn -0.1976 -0.8388 0.5073
vn -0.1975 -0.8389 0.5073
vn -0.3385 -0.8678 0.3637
vn -0.1974 -0.8389 0.5073
vn 0.0355 -0.3495 -0.9363
vn 0.1506 -0.3785 -0.9133
vn 0.0603 -0.4892 -0.8701
vn 0.1507 -0.3785 -0.9133
vn 0.3243 -0.3753 -0.8683
vn 0.2039 -0.5611 -0.8022
vn 0.2039 -0.5612 -0.8022
vn 0.0603 -0.4893 -0.8700
vn 0.3244 -0.3754 -0.8683
vn 0.4009 -0.5703 -0.7170
vn 0.3244 -0.3754 -0.8682
vn 0.2039 -0.5612 -0.8021
vn 0.4008 -0.5704 -0.7170
vn 0.2235 -0.7252 -0.6512
vn 0.2234 -0.7252 -0.6512
vn 0.2234 -0.7253 -0.6512
vn 0.4906 -0.3564 -0.7952
vn 0.6467 -0.3245 -0.6903
vn 0.5759 -0.5455 -0.6089
vn 0.5758 -0.5455 -0.6090
vn 0.4009 -0.5704 -0.7169
vn 0.5758 -0.5456 -0.6090
vn 0.4254 -0.7329 -0.5310
vn 0.4253 -0.7329 -0.5310
vn 0.2236 -0.7252 -0.6512
vn 0.2235 -0.7253 -0.6511
vn 0.4253 -0.7330 -0.5309
vn 0.2267 -0.8510 -0.4737
vn 0.2234 -0.7253 -0.6511
vn 0.2266 -0.8511 -0.4736
vn 0.6468 -0.3245 -0.6902
vn 0.7865 -0.2795 -0.5507
vn 0.7280 -0.4975 -0.4717
vn 0.7279 -0.4976 -0.4716
vn 0.5994 -0.6986 -0.3907
vn 0.5758 -0.5456 -0.6089
vn 0.5993 -0.6987 -0.3907
vn 0.4254 -0.7330 -0.5308
vn 0.4237 -0.8460 -0.3237
vn 0.2268 -0.8510 -0.4736
vn 0.2267 -0.8511 -0.4736
vn 0.4236 -0.8460 -0.3237
vn 0.2212 -0.9351 -0.2770
vn 0.2211 -0.9351 -0.2770
vn 0.2210 -0.9351 -0.2769
vn 0.7866 -0.2795 -0.5506
vn 0.8994 -0.2214 -0.3768
vn 0.8502 -0.4296 -0.3042
vn 0.8502 -0.4296 -0.3043
vn 0.7280 -0.4976 -0.4716
vn 0.8501 -0.4298 -0.3042
vn 0.7401 -0.6332 -0.2263
vn 0.7279 -0.4977 -0.4716
vn 0.7401 -0.6333 -0.2263
vn 0.7401 -0.6333 -0.2262
vn 0.5863 -0.7944 -0.1586
vn 0.5862 -0.7945 -0.1586
vn 0.4050 -0.9082 -0.1059
vn 0.2212 -0.9351 -0.2768
vn 0.4050 -0.9082 -0.1058
vn 0.2094 -0.9753 -0.0697
vn 0.2210 -0.9352 -0.2768
vn 0.2093 -0.9754 -0.0697
vn 0.8995 -0.2214 -0.3766
vn 0.9321 -0.3445 -0.1118
vn 0.8502 -0.4297 -0.3042
vn 0.9320 -0.3447 -0.1118
vn 0.8394 -0.5420 -0.0410
vn 0.8502 -0.4298 -0.3042
vn 0.8393 -0.5421 -0.0410
vn 0.7072 -0.7067 0.0214
vn 0.5863 -0.7944 -0.1585
vn 0.5863 -0.7945 -0.1585
vn 0.7072 -0.7067 0.0216
vn 0.5486 -0.8329 0.0727
vn 0.5862 -0.7945 -0.1585
vn 0.4051 -0.9081 -0.1057
vn 0.4050 -0.9082 -0.1057
vn 0.5485 -0.8329 0.0727
vn 0.3746 -0.9205 0.1115
vn 0.3745 -0.9205 0.1115
vn 0.2094 -0.9753 -0.0696
vn 0.1928 -0.9715 0.1381
vn 0.2093 -0.9754 -0.0695
vn 0.1928 -0.9715 0.1382
vn 0.0567 -0.9847 0.1647
vn 0.9948 -0.0933 -0.0397
vn 0.9659 -0.2585 0.0165
vn 0.9321 -0.3445 -0.1116
vn 0.8906 -0.4468 0.0842
vn 0.9321 -0.3446 -0.1118
vn 0.8906 -0.4469 0.0842
vn 0.8394 -0.5419 -0.0410
vn 0.8393 -0.5421 -0.0408
vn 0.8906 -0.4469 0.0843
vn 0.7072 -0.7066 0.0216
vn 0.7791 -0.6102 0.1433
vn 0.6419 -0.7425 0.1918
vn 0.6418 -0.7425 0.1917
vn 0.5486 -0.8329 0.0728
vn 0.4878 -0.8425 0.2287
vn 0.3746 -0.9205 0.1116
vn 0.3745 -0.9205 0.1116
vn 0.4877 -0.8425 0.2287
vn 0.3745 -0.9205 0.1117
vn 0.1928 -0.9714 0.1383
vn 0.3242 -0.9110 0.2547
vn 0.1562 -0.9501 0.2699
vn 0.0567 -0.9847 0.1648
vn 0.0567 -0.9847 0.1649
vn -0.1879 -0.3649 -0.9119
vn -0.1880 -0.3648 -0.9119
vn -0.2577 -0.5287 -0.8087
vn -0.3599 -0.3593 -0.8611
vn -0.1880 -0.3649 -0.9119
vn -0.2576 -0.5288 -0.8087
vn -0.0823 -0.4693 -0.8792
vn -0.0896 -0.6352 -0.7671
vn -0.3599 -0.3593 -0.8610
vn -0.4447 -0.5339 -0.7191
vn -0.2577 -0.5288 -0.8087
vn -0.2577 -0.5288 -0.8086
vn -0.2785 -0.7009 -0.6567
vn -0.4447 -0.5340 -0.7191
vn -0.2576 -0.5289 -0.8087
vn -0.0897 -0.6352 -0.7671
vn -0.2784 -0.7009 -0.6567
vn -0.0897 -0.6353 -0.7671
vn -0.0904 -0.7761 -0.6240
vn -0.6137 -0.5074 -0.6048
vn -0.6781 -0.3031 -0.6696
vn -0.4448 -0.5339 -0.7191
vn -0.6137 -0.5075 -0.6048
vn -0.4448 -0.5340 -0.7191
vn -0.4700 -0.7044 -0.5319
vn -0.6137 -0.5076 -0.6048
vn -0.2785 -0.7009 -0.6566
vn -0.4699 -0.7044 -0.5320
vn -0.2769 -0.8323 -0.4801
vn -0.4699 -0.7044 -0.5319
vn -0.2784 -0.7010 -0.6566
vn -0.0904 -0.7762 -0.6240
vn -0.0904 -0.7762 -0.6239
vn -0.0877 -0.8866 -0.4542
vn -0.2769 -0.8324 -0.4801
vn -0.6781 -0.3031 -0.6695
vn -0.7596 -0.4597 -0.4601
vn -0.8134 -0.2562 -0.5222
vn -0.6138 -0.5075 -0.6048
vn -0.6354 -0.6690 -0.3855
vn -0.7596 -0.4597 -0.4600
vn -0.6137 -0.5076 -0.6047
vn -0.6353 -0.6691 -0.3856
vn -0.4631 -0.8246 -0.3249
vn -0.6354 -0.6691 -0.3855
vn -0.2770 -0.8323 -0.4801
vn -0.2770 -0.8324 -0.4800
vn -0.2637 -0.9215 -0.2850
vn -0.4630 -0.8247 -0.3247
vn -0.0877 -0.8867 -0.4540
vn -0.2636 -0.9216 -0.2850
vn -0.8742 -0.3932 -0.2848
vn -0.9192 -0.1970 -0.3411
vn -0.7675 -0.6042 -0.2142
vn -0.8741 -0.3934 -0.2848
vn -0.7674 -0.6043 -0.2142
vn -0.6354 -0.6691 -0.3854
vn -0.6161 -0.7726 -0.1535
vn -0.7674 -0.6043 -0.2141
vn -0.4632 -0.8246 -0.3247
vn -0.6160 -0.7726 -0.1536
vn -0.4631 -0.8247 -0.3247
vn -0.4366 -0.8932 -0.1078
vn -0.6160 -0.7727 -0.1535
vn -0.2637 -0.9216 -0.2849
vn -0.2428 -0.9669 -0.0791
vn -0.4365 -0.8932 -0.1078
vn -0.2636 -0.9216 -0.2849
vn -0.0827 -0.9611 -0.2635
vn -0.2427 -0.9669 -0.0791
vn -0.0758 -0.9953 -0.0609
vn -0.9465 -0.3110 -0.0858
vn -0.9828 -0.1275 -0.1335
vn -0.8742 -0.3934 -0.2847
vn -0.8571 -0.5147 -0.0226
vn -0.8742 -0.3933 -0.2847
vn -0.7675 -0.6042 -0.2141
vn -0.8570 -0.5148 -0.0226
vn -0.7274 -0.6855 0.0325
vn -0.7273 -0.6855 0.0326
vn -0.6161 -0.7726 -0.1534
vn -0.5704 -0.8178 0.0766
vn -0.7273 -0.6856 0.0326
vn -0.6160 -0.7726 -0.1534
vn -0.4366 -0.8932 -0.1077
vn -0.3976 -0.9111 0.1084
vn -0.3974 -0.9112 0.1084
vn -0.2427 -0.9669 -0.0789
vn -0.2169 -0.9678 0.1279
vn -0.3974 -0.9112 0.1085
vn -0.0758 -0.9953 -0.0608
vn -0.2168 -0.9678 0.1279
vn -0.0758 -0.9953 -0.0607
vn -0.9828 -0.1274 -0.1334
vn -0.9466 -0.3109 -0.0857
vn -0.9738 -0.2252 0.0318
vn -0.9465 -0.3110 -0.0857
vn -0.9032 -0.4185 0.0950
vn -0.9738 -0.2253 0.0319
vn -0.9032 -0.4186 0.0950
vn -0.8570 -0.5148 -0.0225
vn -0.5704 -0.8178 0.0767
vn -0.6606 -0.7251 0.1947
vn -0.5704 -0.8178 0.0768
vn -0.5703 -0.8178 0.0767
vn -0.3975 -0.9112 0.1086
vn -0.5082 -0.8304 0.2284
vn -0.3457 -0.9042 0.2509
vn -0.3974 -0.9112 0.1086
vn -0.2169 -0.9678 0.1280
vn -0.0675 -0.9872 0.1442
vn -0.1784 -0.9482 0.2628
vn 0.0782 0.4572 0.8859
vn 0.1792 0.3516 0.9189
vn 0.2412 0.4928 0.8361
vn 0.2412 0.4928 0.8360
vn 0.2412 0.4929 0.8360
vn 0.0859 0.6247 0.7761
vn 0.3434 0.3424 0.8746
vn 0.4271 0.4862 0.7624
vn 0.3433 0.3424 0.8746
vn 0.2413 0.4928 0.8360
vn 0.4271 0.4863 0.7623
vn 0.2682 0.6746 0.6877
vn 0.0859 0.6248 0.7760
vn 0.2681 0.6747 0.6877
vn 0.0873 0.7666 0.6361
vn 0.5021 0.3197 0.8035
vn 0.6527 0.2855 0.7018
vn 0.5932 0.4547 0.6643
vn 0.5933 0.4548 0.6643
vn 0.5932 0.4548 0.6642
vn 0.4672 0.6700 0.5769
vn 0.4671 0.6700 0.5770
vn 0.2683 0.6747 0.6876
vn 0.4672 0.6701 0.5769
vn 0.2701 0.8133 0.5153
vn 0.2681 0.6747 0.6876
vn 0.2700 0.8133 0.5154
vn 0.0874 0.7667 0.6360
vn 0.7408 0.4061 0.5350
vn 0.6527 0.2856 0.7018
vn 0.5933 0.4548 0.6642
vn 0.7408 0.4062 0.5350
vn 0.6358 0.6307 0.4451
vn 0.6357 0.6307 0.4451
vn 0.4672 0.6701 0.5768
vn 0.6357 0.6307 0.4450
vn 0.4690 0.8019 0.3701
vn 0.4689 0.8019 0.3702
vn 0.4689 0.8020 0.3701
vn 0.2615 0.9099 0.3219
vn 0.2700 0.8134 0.5153
vn 0.2614 0.9100 0.3219
vn 0.0860 0.8793 0.4684
vn 0.0826 0.9568 0.2787
vn 0.7885 0.2395 0.5665
vn 0.8991 0.1820 0.3980
vn 0.8624 0.3416 0.3736
vn 0.8624 0.3417 0.3735
vn 0.7409 0.4061 0.5350
vn 0.7409 0.4062 0.5349
vn 0.7734 0.5656 0.2863
vn 0.7733 0.5657 0.2864
vn 0.6358 0.6306 0.4451
vn 0.6358 0.6307 0.4449
vn 0.7732 0.5658 0.2863
vn 0.6298 0.7480 0.2093
vn 0.6358 0.6308 0.4449
vn 0.4690 0.8019 0.3700
vn 0.4690 0.8020 0.3700
vn 0.6298 0.7481 0.2093
vn 0.4491 0.8807 0.1506
vn 0.4689 0.8020 0.3700
vn 0.4490 0.8808 0.1506
vn 0.2615 0.9100 0.3219
vn 0.2456 0.9626 0.1144
vn 0.2456 0.9626 0.1143
vn 0.0826 0.9569 0.2786
vn 0.8992 0.1821 0.3979
vn 0.9728 0.1147 0.2015
vn 0.9470 0.2632 0.1843
vn 0.8992 0.1820 0.3979
vn 0.8624 0.3416 0.3735
vn 0.9470 0.2632 0.1841
vn 0.8719 0.4786 0.1036
vn 0.8719 0.4787 0.1036
vn 0.7734 0.5656 0.2862
vn 0.8718 0.4788 0.1036
vn 0.7491 0.6617 0.0309
vn 0.7733 0.5658 0.2863
vn 0.7491 0.6618 0.0309
vn 0.6299 0.7480 0.2093
vn 0.5926 0.8050 -0.0284
vn 0.6298 0.7481 0.2092
vn 0.5925 0.8050 -0.0283
vn 0.4491 0.8807 0.1504
vn 0.5925 0.8050 -0.0284
vn 0.4145 0.9072 -0.0718
vn 0.4490 0.8808 0.1505
vn 0.2456 0.9626 0.1142
vn 0.2240 0.9696 -0.0982
vn 0.2239 0.9696 -0.0983
vn 0.2239 0.9697 -0.0981
vn 0.0706 0.9885 -0.1339
vn 0.9728 0.1147 0.2013
vn 0.9972 0.0548 0.0501
vn 0.9831 0.1816 0.0237
vn 0.9831 0.1817 0.0235
vn 0.9220 0.3840 -0.0497
vn 0.8719 0.4786 0.1034
vn 0.8719 0.4787 0.1034
vn 0.9220 0.3841 -0.0497
vn 0.8193 0.5618 -0.1150
vn 0.7491 0.6617 0.0308
vn 0.5926 0.8050 -0.0285
vn 0.6858 0.7079 -0.1688
vn 0.5320 0.8202 -0.2101
vn 0.5925 0.8050 -0.0285
vn 0.5320 0.8203 -0.2100
vn 0.4145 0.9072 -0.0719
vn 0.2241 0.9696 -0.0983
vn 0.2240 0.9696 -0.0983
vn 0.0706 0.9885 -0.1340
vn 0.0597 0.9605 -0.2717
vn -0.2204 0.4771 0.8508
vn -0.3277 0.3343 0.8837
vn -0.0691 0.4337 0.8984
vn -0.0691 0.4338 0.8984
vn -0.2203 0.4772 0.8507
vn -0.3278 0.3343 0.8836
vn -0.4078 0.4797 0.7769
vn -0.2205 0.4772 0.8507
vn -0.4077 0.4797 0.7770
vn -0.2205 0.4773 0.8507
vn -0.2382 0.6651 0.7077
vn -0.4077 0.4798 0.7769
vn -0.2204 0.4772 0.8507
vn -0.2381 0.6651 0.7077
vn -0.0738 0.7476 0.6600
vn -0.2381 0.6652 0.7077
vn -0.5749 0.4587 0.6775
vn -0.6382 0.2911 0.7127
vn -0.4078 0.4798 0.7769
vn -0.4394 0.6706 0.5976
vn -0.5749 0.4588 0.6775
vn -0.2337 0.8083 0.5404
vn -0.4394 0.6707 0.5976
vn -0.2335 0.8083 0.5404
vn -0.0712 0.8646 0.4974
vn -0.6383 0.2910 0.7126
vn -0.7239 0.4206 0.5469
vn -0.7755 0.2521 0.5788
vn -0.6383 0.2911 0.7127
vn -0.5750 0.4587 0.6775
vn -0.5750 0.4588 0.6775
vn -0.6103 0.6414 0.4648
vn -0.7239 0.4207 0.5468
vn -0.5750 0.4589 0.6774
vn -0.4395 0.6707 0.5975
vn -0.6103 0.6415 0.4648
vn -0.4354 0.8083 0.3964
vn -0.6102 0.6415 0.4648
vn -0.4394 0.6707 0.5975
vn -0.4352 0.8083 0.3965
vn -0.2336 0.8084 0.5404
vn -0.2217 0.9098 0.3510
vn -0.4352 0.8084 0.3964
vn -0.2335 0.8084 0.5404
vn -0.0712 0.8647 0.4973
vn -0.2216 0.9098 0.3510
vn -0.0712 0.8646 0.4973
vn -0.0673 0.9478 0.3115
vn -0.2215 0.9098 0.3510
vn -0.7756 0.2520 0.5788
vn -0.8475 0.3661 0.3843
vn -0.8888 0.2012 0.4117
vn -0.7239 0.4206 0.5468
vn -0.7506 0.5862 0.3049
vn -0.7505 0.5863 0.3049
vn -0.6103 0.6415 0.4647
vn -0.5998 0.7648 0.2351
vn -0.7505 0.5864 0.3049
vn -0.6103 0.6416 0.4647
vn -0.4353 0.8083 0.3963
vn -0.4130 0.8926 0.1809
vn -0.5998 0.7649 0.2351
vn -0.4352 0.8084 0.3963
vn -0.4129 0.8926 0.1809
vn -0.2217 0.9098 0.3509
vn -0.2057 0.9677 0.1457
vn -0.4129 0.8927 0.1809
vn -0.0674 0.9479 0.3115
vn -0.8889 0.2010 0.4115
vn -0.9353 0.2959 0.1940
vn -0.9664 0.1394 0.2160
vn -0.8889 0.2011 0.4115
vn -0.8476 0.3660 0.3841
vn -0.8476 0.3661 0.3841
vn -0.8529 0.5080 0.1207
vn -0.9353 0.2960 0.1938
vn -0.8476 0.3661 0.3842
vn -0.7506 0.5863 0.3048
vn -0.8528 0.5081 0.1207
vn -0.7506 0.5863 0.3047
vn -0.7238 0.6878 0.0551
vn -0.8528 0.5081 0.1205
vn -0.7505 0.5864 0.3047
vn -0.5998 0.7648 0.2350
vn -0.5998 0.7649 0.2349
vn -0.5620 0.8272 0.0010
vn -0.5998 0.7649 0.2350
vn -0.4130 0.8926 0.1808
vn -0.5619 0.8272 0.0010
vn -0.3800 0.9241 -0.0399
vn -0.4129 0.8926 0.1808
vn -0.3798 0.9242 -0.0399
vn -0.1874 0.9800 -0.0662
vn -0.3799 0.9242 -0.0399
vn -0.0627 0.9920 0.1096
vn -0.1873 0.9801 -0.0662
vn -0.0574 0.9935 -0.0984
vn -0.1873 0.9801 -0.0663
vn -0.9953 0.0807 0.0539
vn -0.9354 0.2958 0.1938
vn -0.9353 0.2959 0.1938
vn -0.9076 0.4172 -0.0472
vn -0.9757 0.2178 0.0218
vn -0.8529 0.5080 0.1205
vn -0.8529 0.5081 0.1205
vn -0.7988 0.5918 -0.1078
vn -0.9075 0.4173 -0.0472
vn -0.7239 0.6878 0.0551
vn -0.6600 0.7345 -0.1576
vn -0.7987 0.5919 -0.1078
vn -0.7238 0.6878 0.0550
vn -0.5619 0.8272 0.0009
vn -0.5619 0.8272 0.0008
vn -0.5015 0.8428 -0.1955
vn -0.5014 0.8428 -0.1956
vn -0.3800 0.9241 -0.0401
vn -0.3798 0.9242 -0.0401
vn -0.1874 0.9800 -0.0664
vn -0.1548 0.9593 -0.2361
vn -0.3311 0.9172 -0.2218
vn -0.1873 0.9801 -0.0664
vn -0.0575 0.9935 -0.0985
vn 0.1759 -0.2373 -0.9554
vn 0.2444 -0.0762 -0.9667
vn 0.2443 -0.0761 -0.9667
vn 0.4359 -0.0417 -0.8990
vn 0.3456 -0.2175 -0.9128
vn 0.2445 -0.0761 -0.9667
vn 0.2445 -0.0760 -0.9667
vn 0.2695 0.1614 -0.9494
vn 0.2444 -0.0760 -0.9667
vn 0.2694 0.1614 -0.9494
vn 0.0832 0.0650 -0.9944
vn 0.6052 -0.0069 -0.7960
vn 0.4360 -0.0417 -0.8990
vn 0.6052 -0.0068 -0.7961
vn 0.4360 -0.0416 -0.8990
vn 0.4724 0.2179 -0.8541
vn 0.6052 -0.0068 -0.7960
vn 0.4359 -0.0416 -0.8990
vn 0.4723 0.2180 -0.8540
vn 0.2724 0.3711 -0.8878
vn 0.2694 0.1616 -0.9494
vn 0.0849 0.2571 -0.9627
vn 0.2723 0.3711 -0.8878
vn 0.0842 0.4394 -0.8943
vn 0.7529 0.0354 -0.6571
vn 0.8011 -0.1166 -0.5870
vn 0.6053 -0.0068 -0.7960
vn 0.7529 0.0354 -0.6572
vn 0.6422 0.2633 -0.7199
vn 0.7529 0.0356 -0.6572
vn 0.6052 -0.0067 -0.7960
vn 0.4724 0.2180 -0.8540
vn 0.4730 0.4423 -0.7620
vn 0.6421 0.2635 -0.7199
vn 0.4729 0.4424 -0.7620
vn 0.2724 0.3711 -0.8877
vn 0.2667 0.5570 -0.7865
vn 0.0818 0.6069 -0.7906
vn 0.2666 0.5570 -0.7865
vn 0.8718 0.0843 -0.4825
vn 0.7530 0.0355 -0.6570
vn 0.8718 0.0844 -0.4825
vn 0.7530 0.0356 -0.6571
vn 0.7776 0.3072 -0.5486
vn 0.8718 0.0845 -0.4825
vn 0.7529 0.0356 -0.6571
vn 0.6422 0.2633 -0.7198
vn 0.6423 0.2635 -0.7198
vn 0.6335 0.4922 -0.5970
vn 0.7776 0.3073 -0.5486
vn 0.6422 0.2635 -0.7198
vn 0.6334 0.4922 -0.5971
vn 0.4730 0.4424 -0.7619
vn 0.4546 0.6300 -0.6296
vn 0.6334 0.4922 -0.5970
vn 0.4729 0.4425 -0.7620
vn 0.2668 0.5570 -0.7865
vn 0.2668 0.5571 -0.7865
vn 0.2553 0.7165 -0.6492
vn 0.2667 0.5571 -0.7865
vn 0.0818 0.6070 -0.7905
vn 0.2552 0.7164 -0.6493
vn 0.0818 0.6069 -0.7905
vn 0.0778 0.7531 -0.6533
vn 0.2552 0.7165 -0.6492
vn 0.9100 -0.0637 -0.4097
vn 0.9512 0.1361 -0.2769
vn 0.9789 -0.0040 -0.2043
vn 0.9512 0.1361 -0.2770
vn 0.8721 0.3475 -0.3445
vn 0.9512 0.1363 -0.2770
vn 0.8718 0.0846 -0.4825
vn 0.7777 0.3072 -0.5484
vn 0.7494 0.5290 -0.3982
vn 0.8721 0.3476 -0.3445
vn 0.7776 0.3074 -0.5486
vn 0.6336 0.4922 -0.5969
vn 0.6335 0.4923 -0.5969
vn 0.5965 0.6729 -0.4375
vn 0.6334 0.4923 -0.5970
vn 0.5964 0.6729 -0.4376
vn 0.4547 0.6301 -0.6295
vn 0.4235 0.7779 -0.4643
vn 0.5964 0.6730 -0.4376
vn 0.4546 0.6301 -0.6296
vn 0.4234 0.7779 -0.4643
vn 0.2386 0.8437 -0.4809
vn 0.0779 0.7532 -0.6532
vn 0.2385 0.8437 -0.4809
vn 0.0778 0.7531 -0.6532
vn 0.9789 -0.0039 -0.2042
vn 0.9512 0.1361 -0.2768
vn 0.9512 0.1363 -0.2769
vn 0.8721 0.3476 -0.3443
vn 0.8721 0.3477 -0.3443
vn 0.8218 0.5174 -0.2387
vn 0.9224 0.3410 -0.1816
vn 0.8721 0.3477 -0.3444
vn 0.8217 0.5175 -0.2388
vn 0.7494 0.5291 -0.3981
vn 0.5965 0.6730 -0.4374
vn 0.6916 0.6636 -0.2853
vn 0.5964 0.6730 -0.4374
vn 0.5964 0.6731 -0.4374
vn 0.4235 0.7779 -0.4642
vn 0.3800 0.8579 -0.3457
vn 0.4234 0.7780 -0.4642
vn 0.3799 0.8579 -0.3458
vn 0.2386 0.8437 -0.4808
vn 0.0724 0.8709 -0.4861
vn 0.2086 0.9084 -0.3624
vn 0.0723 0.8709 -0.4861
vn -0.0530 -0.2360 -0.9703
vn -0.1887 -0.2063 -0.9601
vn -0.0795 -0.1012 -0.9917
vn -0.1888 -0.2063 -0.9601
vn -0.2481 -0.0273 -0.9683
vn -0.2480 -0.0273 -0.9684
vn -0.0795 -0.1011 -0.9917
vn -0.5196 -0.1553 -0.8402
vn -0.4370 0.0241 -0.8991
vn -0.4370 0.0242 -0.8991
vn -0.2481 -0.0272 -0.9683
vn -0.2660 0.2031 -0.9423
vn -0.2480 -0.0271 -0.9684
vn -0.2659 0.2031 -0.9424
vn -0.0832 0.2900 -0.9534
vn -0.5196 -0.1552 -0.8402
vn -0.6045 0.0669 -0.7938
vn -0.6044 0.0669 -0.7939
vn -0.4371 0.0242 -0.8991
vn -0.4371 0.0243 -0.8991
vn -0.6044 0.0670 -0.7939
vn -0.4643 0.2736 -0.8424
vn -0.4643 0.2735 -0.8424
vn -0.2660 0.2032 -0.9423
vn -0.4642 0.2737 -0.8424
vn -0.2619 0.4085 -0.8744
vn -0.2659 0.2033 -0.9423
vn -0.2617 0.4086 -0.8744
vn -0.0832 0.2902 -0.9534
vn -0.2618 0.4086 -0.8744
vn -0.8074 -0.0796 -0.5847
vn -0.7503 0.1074 -0.6523
vn -0.6722 -0.1212 -0.7304
vn -0.7503 0.1075 -0.6523
vn -0.7503 0.1076 -0.6523
vn -0.6310 0.3256 -0.7041
vn -0.6045 0.0671 -0.7938
vn -0.6309 0.3256 -0.7042
vn -0.4643 0.2737 -0.8423
vn -0.6309 0.3257 -0.7041
vn -0.4578 0.4891 -0.7424
vn -0.4577 0.4892 -0.7425
vn -0.2619 0.4086 -0.8743
vn -0.4577 0.4892 -0.7424
vn -0.2500 0.5902 -0.7676
vn -0.2499 0.5902 -0.7676
vn -0.2498 0.5902 -0.7676
vn -0.8674 0.1475 -0.4752
vn -0.7504 0.1074 -0.6522
vn -0.8674 0.1475 -0.4753
vn -0.7644 0.3658 -0.5309
vn -0.6310 0.3257 -0.7041
vn -0.7644 0.3659 -0.5309
vn -0.6150 0.5420 -0.5728
vn -0.6150 0.5419 -0.5728
vn -0.4578 0.4892 -0.7424
vn -0.4577 0.4893 -0.7424
vn -0.6149 0.5420 -0.5728
vn -0.4339 0.6682 -0.6043
vn -0.4339 0.6682 -0.6044
vn -0.2499 0.5902 -0.7675
vn -0.4337 0.6683 -0.6043
vn -0.2334 0.7445 -0.6254
vn -0.2333 0.7445 -0.6255
vn -0.0751 0.6352 -0.7687
vn -0.0696 0.7769 -0.6258
vn -0.9143 -0.0304 -0.4038
vn -0.9805 0.0241 -0.1951
vn -0.9452 0.1875 -0.2673
vn -0.9143 -0.0304 -0.4039
vn -0.8675 0.1475 -0.4751
vn -0.8674 0.1476 -0.4751
vn -0.9452 0.1876 -0.2673
vn -0.8582 0.3964 -0.3262
vn -0.8581 0.3964 -0.3263
vn -0.7645 0.3658 -0.5308
vn -0.7644 0.3659 -0.5308
vn -0.7299 0.5727 -0.3732
vn -0.7644 0.3660 -0.5308
vn -0.7298 0.5727 -0.3733
vn -0.6149 0.5421 -0.5727
vn -0.7297 0.5728 -0.3733
vn -0.5735 0.7102 -0.4082
vn -0.6149 0.5421 -0.5728
vn -0.5735 0.7102 -0.4084
vn -0.4339 0.6683 -0.6043
vn -0.4339 0.6683 -0.6042
vn -0.5734 0.7103 -0.4082
vn -0.3991 0.8072 -0.4348
vn -0.4338 0.6683 -0.6043
vn -0.3991 0.8073 -0.4348
vn -0.2334 0.7446 -0.6254
vn -0.3990 0.8073 -0.4348
vn -0.2133 0.8655 -0.4533
vn -0.2333 0.7446 -0.6254
vn -0.2131 0.8655 -0.4533
vn -0.0631 0.8888 -0.4540
vn -0.9805 0.0242 -0.1949
vn -0.9805 0.0242 -0.1950
vn -0.9452 0.1875 -0.2672
vn -0.9752 0.1890 -0.1155
vn -0.9054 0.3865 -0.1758
vn -0.9452 0.1876 -0.2672
vn -0.7974 0.5587 -0.2278
vn -0.8581 0.3965 -0.3262
vn -0.7974 0.5588 -0.2279
vn -0.7299 0.5728 -0.3732
vn -0.7298 0.5728 -0.3732
vn -0.6619 0.6993 -0.2699
vn -0.5736 0.7102 -0.4082
vn -0.5086 0.8063 -0.3018
vn -0.5086 0.8064 -0.3019
vn -0.2133 0.8655 -0.4532
s 1
f 5//2 6//3 7//4
f 5//2 7//4 8//5
f 9//6 10//7 11//8
f 9//6 11//8 12//9
f 13//10 14//11 15//12
f 13//10 15//12 16//13
f 17//14 18//15 19//16
f 17//14 19//16 20//17
f 21//18 22//19 23//20
f 21//18 23//20 24//21
f 25//22 26//23 27//24
f 25//22 27//24 28//25
f 29//26 30//27 31//28
f 29//26 31//28 32//29
f 33//30 34//31 35//32
f 33//30 35//32 36//33
f 37//34 38//35 39//36
f 37//34 39//36 40//37
f 41//38 42//39 43//40
f 41//38 43//40 44//41
f 45//42 46//43 47//44
f 45//42 47//44 48//45
f 49//46 50//47 51//48
f 49//46 51//48 52//49
f 53//47 54//50 55//51
f 53//47 55//51 56//52
f 57//53 58//17 59//54
f 57//53 59//54 60//55
f 61//56 62//57 63//58
f 61//56 63//58 64//59
f 65//60 66//61 67//62
f 65//60 67//62 68//63
f 69//64 70//65 71//66
f 69//64 71//66 72//62
f 73//65 74//67 75//68
f 73//65 75//68 76//69
f 77//67 78//70 79//71
f 77//67 79//71 80//72
f 81//73 82//74 83//75
f 81//73 83//75 84//76
f 85//74 86//77 87//78
f 85//74 87//78 88//75
f 89//79 90//80 91//81
f 89//79 91//81 92//82
f 93//83 94//84 95//85
f 93//83 95//85 96//86
f 97//87 98//88 99//89
f 97//87 99//89 100//90
f 101//91 102//92 103//93
f 101//91 103//93 104//94
f 105//92 106//95 107//96
f 105//92 107//96 108//97
f 109//95 110//98 111//99
f 109//95 111//99 112//100
f 113//101 114//102 115//103
f 113//101 115//103 116//99
f 117//104 118//105 119//106
f 117//104 119//106 120//107
f 121//108 122//11 123//10
f 121//108 123//10 124//109
f 125//110 126//111 127//112
f 125//110 127//112 128//2
f 129//113 130//114 131//115
f 129//113 131//115 132//116
f 133//117 134//118 135//119
f 133//117 135//119 136//120
f 137//118 138//121 139//122
f 137//118 139//122 140//119
f 141//123 142//124 143//125
f 141//123 143//125 144//126
f 145//127 146//128 147//129
f 145//127 147//129 148//130
f 149//131 150//132 151//133
f 149//131 151//133 152//134
f 153//135 154//13 155//136
f 153//135 155//136 156//137
f 157//138 158//139 159//140
f 157//138 159//140 160//24
f 161//141 162//142 163//143
f 161//141 163//143 164//144
f 165//145 166//146 167//147
f 165//145 167//147 168//148
f 169//149 170//150 171//151
f 169//149 171//151 172//152
f 173//153 174//154 175//155
f 173//153 175//155 176//156
f 177//154 178//157 179//158
f 177//154 179//158 180//159
f 181//160 182//161 183//162
f 181//160 183//162 184//163
f 185//161 186//54 187//15
f 185//161 187//15 188//162
f 189//164 190//165 191//166
f 189//164 191//166 192//20
f 193//165 194//167 195//168
f 193//165 195//168 196//169
f 197//170 198//171 199//172
f 197//170 199//172 200//173
f 201//174 202//175 203//176
f 201//174 203//176 204//177
f 205//178 206//179 207//180
f 205//178 207//180 208//176
f 209//181 210//182 211//183
f 209//181 211//183 212//180
f 213//182 214//184 215//185
f 213//182 215//185 216//186
f 217//187 218//81 219//188
f 217//187 219//188 220//189
f 221//190 222//191 223//192
f 221//190 223//192 224//18
f 225//193 226//194 227//195
f 225//193 227//195 228//196
f 229//197 230//198 231//199
f 229//197 231//199 232//200
f 233//198 234//201 235//202
f 233//198 235//202 236//203
f 237//204 238//205 239//206
f 237//204 239//206 240//207
f 241//208 242//209 243//210
f 241//208 243//210 244//211
f 245//212 246//213 247//214
f 245//212 247//214 248//215
f 249//216 250//217 251//11
f 249//216 251//11 252//218
f 253//219 254//220 255//221
f 253//219 255//221 256//22
f 257//222 258//223 259//224
f 257//222 259//224 260//225
f 261//223 262//226 263//227
f 261//223 263//227 264//228
f 265//229 266//230 267//231
f 265//229 267//231 268//227
f 269//230 270//232 271//233
f 269//230 271//233 272//234
f 273//235 274//236 275//237
f 273//235 275//237 276//233
f 277//238 278//239 279//240
f 277//238 279//240 280//241
f 281//242 282//243 283//13
f 281//242 283//13 284//244
f 285//18 286//245 287//246
f 285//18 287//246 288//247
f 289//248 290//249 291//250
f 289//248 291//250 292//246
f 293//249 294//251 295//252
f 293//249 295//252 296//253
f 297//254 298//255 299//256
f 297//254 299//256 300//257
f 301//255 302//258 303//259
f 301//255 303//259 304//260
f 305//261 306//262 307//263
f 305//261 307//263 308//264
f 309//265 310//266 311//267
f 309//265 311//267 312//268
f 313//269 314//270 315//271
f 313//269 315//271 316//272
f 317//24 318//273 319//274
f 317//24 319//274 320//219
f 321//275 322//276 323//277
f 321//275 323//277 324//278
f 325//279 326//280 327//281
f 325//279 327//281 328//277
f 329//282 330//283 331//284
f 329//282 331//284 332//285
f 333//286 334//287 335//288
f 333//286 335//288 336//289
f 337//290 338//291 339//292
f 337//290 339//292 340//293
f 341//294 342//295 343//296
f 341//294 343//296 344//297
f 345//298 346//299 347//86
f 345//298 347//86 348//300
f 349//301 350//302 351//303
f 349//301 351//303 352//304
f 353//302 354//305 355//306
f 353//302 355//306 356//307
f 357//308 358//309 359//310
f 357//308 359//310 360//311
f 361//312 362//313 363//314
f 361//312 363//314 364//315
f 365//316 366//317 367//318
f 365//316 367//318 368//319
f 369//320 370//321 371//322
f 369//320 371//322 372//323
f 373//324 374//325 375//326
f 373//324 375//326 376//327
f 377//328 378//329 379//330
f 377//328 379//330 380//331
f 381//332 382//333 383//334
f 381//332 383//334 384//335
f 385//336 386//337 387//338
f 385//336 387//338 388//334
f 389//339 390//340 391//341
f 389//339 391//341 392//342
f 393//343 394//344 395//345
f 393//343 395//345 396//346
f 397//344 398//347 399//348
f 397//344 399//348 400//349
f 401//350 402//351 403//352
f 401//350 403//352 404//353
f 405//354 406//355 407//356
f 405//354 407//356 408//357
f 409//358 410//359 411//29
f 409//358 411//29 412//360
f 413//361 414//362 415//363
f 416//364 417//365 418//134
f 419//366 420//213 421//367
f 422//368 423//212 424//369
f 425//134 426//370 427//371
f 428//134 429//372 430//370
f 431//373 432//374 433//370
f 434//375 435//376 436//377
f 437//376 438//208 439//378
f 440//379 441//380 442//381
f 443//125 444//382 445//380
f 446//383 447//384 448//385
f 449//382 450//386 451//387
f 452//386 453//388 454//389
f 455//378 456//205 457//390
f 458//205 459//204 460//390
f 461//391 462//392 463//119
f 464//393 465//394 466//392
f 467//395 468//396 469//397
f 470//398 471//399 472//396
f 473//384 474//400 475//396
f 476//384 477//388 478//401
f 479//402 480//403 481//404
f 482//402 483//405 484//406
f 485//405 486//198 487//406
f 488//407 489//408 490//409
f 491//119 492//410 493//411
f 494//412 495//413 496//411
f 497//412 498//414 499//415
f 500//416 501//417 502//415
f 503//418 504//400 505//419
f 506//401 507//420 508//421
f 509//422 510//403 511//420
f 512//423 513//424 514//420
f 515//425 516//198 517//426
f 518//198 519//427 520//428
f 521//429 522//430 523//431
f 524//429 525//432 526//430
f 527//433 528//434 529//430
f 530//433 531//435 532//436
f 533//437 534//438 535//439
f 536//437 537//440 538//438
f 539//441 540//442 541//443
f 542//421 543//444 544//445
f 545//446 546//447 547//448
f 548//449 549//426 550//450
f 551//451 552//452 553//453
f 554//454 555//455 556//456
f 557//194 558//457 559//456
f 560//112 561//458 562//2
f 563//112 564//459 565//458
f 566//460 567//461 568//331
f 569//460 570//462 571//461
f 572//439 573//323 574//461
f 575//439 576//463 577//323
f 578//463 579//319 580//323
f 581//463 582//442 583//464
f 584//465 585//310 586//464
f 587//466 588//467 589//310
f 590//447 591//468 592//310
f 593//453 594//469 595//470
f 596//471 597//307 598//306
f 599//456 600//472 601//303
f 602//191 603//304 604//303
f 605//473 606//474 607//475
f 608//476 609//477 610//478
f 611//476 612//479 613//475
f 614//218 615//480 616//215
f 617//102 618//101 619//481
f 620//482 621//483 622//484
f 623//485 624//486 625//487
f 626//480 627//487 628//210
f 629//210 630//488 631//489
f 632//98 633//95 634//490
f 635//101 636//490 637//491
f 638//492 639//493 640//494
f 641//495 642//496 643//497
f 644//498 645//499 646//500
f 647//498 648//501 649//489
f 650//489 651//502 652//503
f 653//504 654//92 655//505
f 656//95 657//506 658//493
f 659//507 660//508 661//509
f 662//510 663//511 664//512
f 665//512 666//511 667//513
f 668//499 669//514 670//515
f 671//515 672//514 673//516
f 674//517 675//518 676//503
f 677//503 678//518 679//203
f 680//519 681//520 682//521
f 683//92 684//522 685//506
f 686//523 687//521 688//524
f 689//508 690//525 691//526
f 692//527 693//528 694//529
f 695//511 696//530 697//531
f 698//532 699//533 700//534
f 701//514 702//534 703//535
f 704//536 705//537 706//538
f 707//518 708//539 709//540
f 710//541 711//539 712//200
f 713//542 714//84 715//543
f 716//542 717//543 718//544
f 719//521 720//545 721//546
f 722//521 723//547 724//548
f 725//549 726//550 727//551
f 728//525 729//551 730//529
f 731//552 732//553 733//554
f 734//555 735//556 736//557
f 737//557 738//558 739//559
f 740//560 741//561 742//538
f 743//538 744//561 745//562
f 746//539 747//563 748//195
f 749//195 750//564 751//196
f 752//565 753//270 754//269
f 755//84 756//269 757//543
f 758//566 759//567 760//568
f 761//569 762//265 763//570
f 764//550 765//571 766//261
f 767//550 768//261 769//551
f 770//551 771//572 772//255
f 773//573 774//255 775//574
f 776//574 777//255 778//254
f 779//575 780//251 781//576
f 782//577 783//251 784//578
f 785//579 786//578 787//580
f 788//581 789//578 790//582
f 791//583 792//245 793//196
f 794//196 795//245 796//584
f 797//17 798//53 799//189
f 800//50 801//47 802//585
f 803//586 804//587 805//588
f 806//185 807//589 808//186
f 809//590 810//46 811//591
f 812//47 813//591 814//585
f 815//592 816//593 817//594
f 818//595 819//594 820//186
f 821//186 822//594 823//596
f 824//43 825//597 826//598
f 827//46 828//599 829//600
f 830//601 831//602 832//603
f 833//593 834//604 835//594
f 836//594 837//604 838//605
f 839//594 840//606 841//596
f 842//180 843//605 844//176
f 845//607 846//38 847//608
f 848//607 849//609 850//598
f 851//610 852//611 853//612
f 854//602 855//613 856//614
f 857//615 858//616 859//617
f 860//618 861//619 862//620
f 863//621 864//622 865//623
f 866//605 867//623 868//176
f 869//624 870//623 871//625
f 872//626 873//34 874//627
f 875//628 876//629 877//608
f 878//630 879//631 880//632
f 881//630 882//633 883//634
f 884//634 885//635 886//636
f 887//616 888//637 889//617
f 890//638 891//639 892//640
f 893//622 894//641 895//642
f 896//623 897//641 898//643
f 899//644 900//643 901//645
f 902//172 903//643 904//173
f 905//646 906//30 907//647
f 908//34 909//648 910//649
f 911//650 912//651 913//652
f 914//653 915//654 916//655
f 917//656 918//657 919//658
f 920//656 921//659 922//660
f 923//661 924//659 925//662
f 926//663 927//664 928//665
f 929//666 930//667 931//668
f 932//669 933//670 934//671
f 935//672 936//673 937//674
f 938//675 939//674 940//168
f 941//168 942//674 943//166
f 944//676 945//26 946//328
f 947//677 948//328 949//678
f 950//678 951//679 952//680
f 953//678 954//681 955//652
f 956//682 957//683 958//684
f 959//685 960//686 961//687
f 962//659 963//317 964//688
f 965//659 966//316 967//689
f 968//667 969//313 970//312
f 971//667 972//309 973//668
f 974//690 975//309 976//308
f 977//690 978//305 979//691
f 980//691 981//305 982//692
f 983//693 984//694 985//166
f 986//166 987//695 988//696
f 989//81 990//697 991//698
f 992//699 993//700 994//701
f 995//702 996//697 997//700
f 998//697 999//703 1000//704
f 1001//705 1002//706 1003//707
f 1004//708 1005//709 1006//706
f 1007//710 1008//711 1009//712
f 1010//710 1011//703 1012//713
f 1013//703 1014//714 1015//713
f 1016//715 1017//716 1018//717
f 1019//715 1020//718 1021//716
f 1022//718 1023//719 1024//720
f 1025//718 1026//721 1027//722
f 1028//721 1029//723 1030//724
f 1031//725 1032//179 1033//723
f 1034//714 1035//726 1036//727
f 1037//728 1038//729 1039//730
f 1040//68 1041//731 1042//729
f 1043//720 1044//732 1045//733
f 1046//720 1047//734 1048//735
f 1049//734 1050//736 1051//737
f 1052//724 1053//723 1054//738
f 1055//739 1056//740 1057//741
f 1058//739 1059//175 1060//740
f 1061//742 1062//743 1063//744
f 1064//66 1065//745 1066//746
f 1067//66 1068//747 1069//748
f 1070//749 1071//750 1072//751
f 1073//752 1074//753 1075//754
f 1076//737 1077//755 1078//756
f 1079//757 1080//758 1081//755
f 1082//758 1083//759 1084//755
f 1085//741 1086//760 1087//761
f 1088//762 1089//763 1090//761
f 1091//744 1092//764 1093//765
f 1094//764 1095//170 1096//765
f 1097//62 1098//766 1099//767
f 1100//62 1101//768 1102//766
f 1103//769 1104//770 1105//771
f 1106//772 1107//773 1108//774
f 1109//756 1110//775 1111//776
f 1112//756 1113//777 1114//778
f 1115//777 1116//779 1117//780
f 1118//781 1119//759 1120//782
f 1121//759 1122//783 1123//784
f 1124//761 1125//785 1126//783
f 1127//786 1128//787 1129//783
f 1130//788 1131//789 1132//787
f 1133//789 1134//790 1135//787
f 1136//58 1137//272 1138//271
f 1139//58 1140//791 1141//272
f 1142//792 1143//268 1144//793
f 1145//794 1146//770 1147//268
f 1148//770 1149//264 1150//263
f 1151//795 1152//796 1153//797
f 1154//796 1155//798 1156//799
f 1157//800 1158//779 1159//801
f 1160//802 1161//803 1162//256
f 1163//784 1164//804 1165//257
f 1166//805 1167//253 1168//257
f 1169//805 1170//787 1171//253
f 1172//806 1173//807 1174//250
f 1175//808 1176//790 1177//246
f 1178//809 1179//164 1180//810
f 1181//13 1182//811 1183//812
f 1184//813 1185//814 1186//815
f 1187//811 1188//816 1189//817
f 1190//818 1191//816 1192//819
f 1193//128 1194//127 1195//820
f 1196//814 1197//820 1198//815
f 1199//821 1200//822 1201//823
f 1202//815 1203//824 1204//825
f 1205//237 1206//824 1207//826
f 1208//827 1209//123 1210//828
f 1211//827 1212//829 1213//820
f 1214//830 1215//831 1216//832
f 1217//830 1218//832 1219//833
f 1220//833 1221//832 1222//834
f 1223//835 1224//836 1225//837
f 1226//837 1227//838 1228//839
f 1229//840 1230//841 1231//842
f 1232//843 1233//844 1234//845
f 1235//846 1236//847 1237//848
f 1238//831 1239//849 1240//850
f 1241//851 1242//852 1243//853
f 1244//854 1245//853 1246//855
f 1247//855 1248//853 1249//856
f 1250//857 1251//858 1252//859
f 1253//860 1254//858 1255//227
f 1256//861 1257//117 1258//862
f 1259//118 1260//863 1261//864
f 1262//865 1263//863 1264//866
f 1265//847 1266//866 1267//867
f 1268//868 1269//869 1270//870
f 1271//852 1272//871 1273//853
f 1274//853 1275//872 1276//873
f 1277//874 1278//875 1279//856
f 1280//876 1281//877 1282//878
f 1283//879 1284//880 1285//227
f 1286//227 1287//881 1288//882
f 1289//883 1290//884 1291//885
f 1292//883 1293//885 1294//886
f 1295//887 1296//888 1297//889
f 1298//887 1299//889 1300//890
f 1301//891 1302//889 1303//892
f 1304//893 1305//894 1306//870
f 1307//895 1308//894 1309//896
f 1310//895 1311//897 1312//873
f 1313//873 1314//898 1315//899
f 1316//877 1317//900 1318//878
f 1319//901 1320//902 1321//903
f 1322//904 1323//903 1324//905
f 1325//905 1326//903 1327//225
f 1328//906 1329//110 1330//907
f 1331//908 1332//909 1333//910
f 1334//911 1335//909 1336//354
f 1337//911 1338//912 1339//889
f 1340//889 1341//912 1342//913
f 1343//914 1344//915 1345//916
f 1346//917 1347//347 1348//918
f 1349//917 1350//919 1351//896
f 1352//920 1353//919 1354//921
f 1355//920 1356//340 1357//902
f 1358//902 1359//340 1360//922
f 1361//923 1362//337 1363//924
f 1364//924 1365//337 1366//336
f 1367//925 1368//333 1369//225
f 1370//225 1371//333 1372//332
f 1373//10 1374//926 1375//927
f 1376//928 1377//929 1378//930
f 1379//931 1380//932 1381//933
f 1382//932 1383//934 1384//933
f 1385//935 1386//936 1387//99
f 1388//930 1389//929 1390//936
f 1391//929 1392//937 1393//936
f 1394//938 1395//934 1396//937
f 1397//934 1398//232 1399//937
f 1400//99 1401//939 1402//100
f 1403//99 1404//940 1405//941
f 1406//942 1407//943 1408//944
f 1409//945 1410//937 1411//946
f 1412//947 1413//948 1414//949
f 1415//937 1416//232 1417//948
f 1418//950 1419//951 1420//952
f 1421//953 1422//954 1423//955
f 1424//100 1425//956 1426//954
f 1427//957 1428//958 1429//959
f 1430//960 1431//961 1432//958
f 1433//961 1434//962 1435//963
f 1436//964 1437//948 1438//965
f 1439//948 1440//966 1441//967
f 1442//968 1443//230 1444//969
f 1445//230 1446//970 1447//969
f 1448//93 1449//971 1450//972
f 1451//93 1452//973 1453//971
f 1454//974 1455//975 1456//976
f 1457//959 1458//977 1459//975
f 1460//978 1461//979 1462//980
f 1463//981 1464//967 1465//982
f 1466//983 1467//984 1468//985
f 1469//967 1470//986 1471//987
f 1472//988 1473//989 1474//990
f 1475//991 1476//992 1477//993
f 1478//226 1479//994 1480//993
f 1481//995 1482//996 1483//90
f 1484//995 1485//997 1486//998
f 1487//976 1488//999 1489//1000
f 1490//976 1491//980 1492//1001
f 1493//980 1494//1002 1495//1003
f 1496//980 1497//1004 1498//1005
f 1499//1006 1500//1007 1501//1008
f 1502//1009 1503//984 1504//1010
f 1505//1011 1506//1012 1507//1013
f 1508//1014 1509//989 1510//1012
f 1511//989 1512//1015 1513//1012
f 1514//1016 1515//1017 1516//1018
f 1517//994 1518//220 1519//1018
f 1520//90 1521//1019 1522//86
f 1523//1020 1524//1021 1525//1019
f 1526//1021 1527//1022 1528//300
f 1529//1000 1530//1023 1531//1022
f 1532//999 1533//288 1534//1024
f 1535//1025 1536//1026 1537//288
f 1538//1027 1539//1028 1540//288
f 1541//1008 1542//1029 1543//1030
f 1544//1031 1545//285 1546//1028
f 1547//1031 1548//1032 1549//1033
f 1550//1032 1551//1034 1552//1035
f 1553//1032 1554//1036 1555//1037
f 1556//1036 1557//1038 1558//1039
f 1559//1040 1560//220 1561//274
f 1562//220 1563//219 1564//274
f 1565//54 1566//161 1567//55
f 1568//1041 1569//1042 1570//1043
f 1571//55 1572//161 1573//1044
f 1574//1045 1575//157 1576//1044
f 1577//48 1578//1046 1579//1047
f 1580//48 1581//1048 1582//1049
f 1583//1050 1584//1051 1585//1049
f 1586//1044 1587//157 1588//1052
f 1589//157 1590//1053 1591//1054
f 1592//44 1593//1055 1594//1056
f 1595//1047 1596//1057 1597//1058
f 1598//1059 1599//1060 1600//1061
f 1601//1062 1602//1051 1603//1063
f 1604//1051 1605//1064 1606//1063
f 1607//1065 1608//1053 1609//1066
f 1610//1053 1611//1067 1612//1068
f 1613//1069 1614//1070 1615//1071
f 1616//1069 1617//1072 1618//1070
f 1619//1072 1620//1073 1621//1074
f 1622//1061 1623//1060 1624//1075
f 1625//1060 1626//1076 1627//1077
f 1628//1078 1629//1064 1630//1079
f 1631//1080 1632//1081 1633//1079
f 1634//1082 1635//1083 1636//1084
f 1637//1083 1638//1085 1639//1086
f 1640//1087 1641//1088 1642//1089
f 1643//1087 1644//1070 1645//1088
f 1646//1090 1647//1091 1648//1092
f 1649//1074 1650//1093 1651//1094
f 1652//1095 1653//1096 1654//1097
f 1655//1098 1656//1099 1657//1100
f 1658//1101 1659//1102 1660//1103
f 1661//1104 1662//1105 1663//1106
f 1664//1105 1665//1107 1666//1106
f 1667//1108 1668//146 1669//1107
f 1670//146 1671//145 1672//1107
f 1673//1109 1674//1110 1675//33
f 1676//1109 1677//1111 1678//1110
f 1679//1112 1680//1113 1681//1114
f 1682//1092 1683//1115 1684//1116
f 1685//1117 1686//1118 1687//1116
f 1688//1097 1689//1119 1690//1120
f 1691//1119 1692//1121 1693//1122
f 1694//1103 1695//1102 1696//1121
f 1697//1123 1698//1124 1699//1125
f 1700//1126 1701//1107 1702//1127
f 1703//1107 1704//1128 1705//1129
f 1706//1107 1707//1130 1708//1131
f 1709//142 1710//139 1711//1131
f 1712//33 1713//1132 1714//29
f 1715//33 1716//1133 1717//1134
f 1718//1135 1719//357 1720//356
f 1721//1135 1722//1116 1723//357
f 1724//1116 1725//1136 1726//357
f 1727//1116 1728//1137 1729//1138
f 1730//1139 1731//349 1732//1140
f 1733//1141 1734//1142 1735//349
f 1736//1143 1737//346 1738//349
f 1739//1125 1740//1124 1741//1144
f 1742//1124 1743//1145 1744//1144
f 1745//1129 1746//1131 1747//1146
f 1748//1131 1749//1147 1750//338
f 1751//1148 1752//139 1753//334
f 1754//139 1755//1149 1756//334
f 1757//80 1758//77 1759//1150
f 1760//77 1761//1151 1762//1152
f 1763//77 1764//1152 1765//162
f 1766//162 1767//1153 1768//1154
f 1769//1155 1770//73 1771//1156
f 1772//1155 1773//1156 1774//1152
f 1775//1152 1776//1157 1777//1158
f 1778//1159 1779//1160 1780//1161
f 1781//1161 1782//1160 1783//1162
f 1784//1163 1785//1164 1786//1165
f 1787//1166 1788//1165 1789//1156
f 1790//1167 1791//1165 1792//1168
f 1793//1157 1794//1168 1795//1158
f 1796//1169 1797//1170 1798//1171
f 1799//1172 1800//1173 1801//1162
f 1802//1174 1803//1175 1804//1176
f 1805//1177 1806//1178 1807//1179
f 1808//1164 1809//1180 1810//1181
f 1811//1182 1812//1183 1813//1184
f 1814//1182 1815//1185 1816//1168
f 1817//1186 1818//1187 1819//1188
f 1820//1170 1821//1188 1822//1189
f 1823//1175 1824//1188 1825//1190
f 1826//1191 1827//1190 1828//1192
f 1829//1192 1830//1193 1831//152
f 1832//1178 1833//64 1834//1194
f 1835//1195 1836//1194 1837//1179
f 1838//1196 1839//1197 1840//1198
f 1841//1199 1842//1200 1843//1184
f 1844//1201 1845//1202 1846//1203
f 1847//1204 1848//1205 1849//1206
f 1850//1207 1851//1208 1852//1209
f 1853//1210 1854//1211 1855//1212
f 1856//1213 1857//1211 1858//1214
f 1859//1213 1860//1215 1861//1216
f 1862//147 1863//1217 1864//1218
f 1865//1219 1866//60 1867//1220
f 1868//1219 1869//1221 1870//1222
f 1871//1197 1872//1223 1873//1224
f 1874//1225 1875//1226 1876//1198
f 1877//1227 1878//1228 1879//1229
f 1880//1230 1881//1231 1882//1232
f 1883//1233 1884//1234 1885//1235
f 1886//1205 1887//1236 1888//1237
f 1889//1238 1890//1236 1891//1239
f 1892//1240 1893//1241 1894//1214
f 1895//1242 1896//1239 1897//1243
f 1898//1217 1899//1244 1900//143
f 1901//1245 1902//1246 1903//1247
f 1904//57 1905//56 1906//298
f 1907//57 1908//298 1909//1220
f 1910//1220 1911//1248 1912//294
f 1913//1223 1914//1249 1915//1250
f 1916//1250 1917//291 1918//1251
f 1919//1250 1920//1252 1921//1253
f 1922//1254 1923//287 1924//1255
f 1925//1256 1926//283 1927//1235
f 1928//1257 1929//283 1930//1258
f 1931//1259 1932//280 1933//1260
f 1934//1260 1935//280 1936//279
f 1937//1260 1938//276 1939//1243
f 1940//1261 1941//1262 1942//273
f 1943//1246 1944//273 1945//1263
f 1946//1263 1947//273 1948//24
f 1949//1264 1950//1265 1951//1266
f 1949//1264 1951//1266 1952//1267
f 1953//1268 1954//1269 1955//1270
f 1953//1268 1955//1270 1956//1271
f 1957//1272 1958//1273 1959//1274
f 1957//1272 1959//1274 1960//1275
f 1961//1276 1962//1277 1963//1278
f 1961//1276 1963//1278 1964//1279
f 1965//1280 1966//1281 1967//1282
f 1965//1280 1967//1282 1968//1283
f 1969//1284 1970//1285 1971//1286
f 1969//1284 1971//1286 1972//1287
f 1973//1288 1974//1289 1975//1290
f 1973//1288 1975//1290 1976//1266
f 1977//1291 1978//1292 1979//1293
f 1977//1291 1979//1293 1980//1294
f 1981//1295 1982//1296 1983//1297
f 1981//1295 1983//1297 1984//1298
f 1985//1299 1986//1300 1987//1301
f 1985//1299 1987//1301 1988//1302
f 1989//1303 1990//1304 1991//1305
f 1989//1303 1991//1305 1992//1306
f 1993//1307 1994//1308 1995//1309
f 1993//1307 1995//1309 1996//1310
f 1997//1311 1998//1312 1999//1313
f 1997//1311 1999//1313 2000//1309
f 2001//1314 2002//1279 2003//1278
f 2001//1314 2003//1278 2004//1313
f 2005//1315 2006//1316 2007//1317
f 2005//1315 2007//1317 2008//1318
f 2009//1319 2010//1320 2011//1321
f 2009//1319 2011//1321 2012//1317
f 2013//1322 2014//1323 2015//1324
f 2013//1322 2015//1324 2016//1325
f 2017//1323 2018//1326 2019//1327
f 2017//1323 2019//1327 2020//1328
f 2021//1326 2022//1329 2023//1330
f 2021//1326 2023//1330 2024//1327
f 2025//1331 2026//1332 2027//1333
f 2025//1331 2027//1333 2028//1334
f 2029//1335 2030//1336 2031//1337
f 2029//1335 2031//1337 2032//1338
f 2033//1339 2034//1340 2035//1276
f 2033//1339 2035//1276 2036//1341
f 2037//1342 2038//1343 2039//1344
f 2037//1342 2039//1344 2040//1345
f 2041//1343 2042//1346 2043//1347
f 2041//1343 2043//1347 2044//1344
f 2045//1348 2046//1349 2047//1350
f 2045//1348 2047//1350 2048//1351
f 2049//1349 2050//1352 2051//1353
f 2049//1349 2051//1353 2052//1354
f 2053//1355 2054//1356 2055//1357
f 2053//1355 2055//1357 2056//1358
f 2057//1359 2058//1360 2059//1361
f 2057//1359 2059//1361 2060//1362
f 2061//1363 2062//1364 2063//1365
f 2061//1363 2063//1365 2064//1366
f 2065//1367 2066//1368 2067//1369
f 2065//1367 2067//1369 2068//1370
f 2069//1267 2070//1371 2071//1372
f 2069//1267 2071//1372 2072//1373
f 2073//1374 2074//1375 2075//1376
f 2073//1374 2075//1376 2076//1377
f 2077//1378 2078//1379 2079//1380
f 2077//1378 2079//1380 2080//1381
f 2081//1382 2082//1383 2083//1384
f 2081//1382 2083//1384 2084//1385
f 2085//1386 2086//1387 2087//1388
f 2085//1386 2087//1388 2088//1384
f 2089//1389 2090//1390 2091//1391
f 2089//1389 2091//1391 2092//1392
f 2093//1393 2094//1394 2095//1395
f 2093//1393 2095//1395 2096//1396
f 2097//1397 2098//1398 2099//1399
f 2097//1397 2099//1399 2100//1400
f 2101//1285 2102//1401 2103//1402
f 2101//1285 2103//1402 2104//1403
f 2105//1404 2106//1405 2107//1406
f 2105//1404 2107//1406 2108//1402
f 2109//1407 2110//1408 2111//1409
f 2109//1407 2111//1409 2112//1410
f 2113//1411 2114//1412 2115//1413
f 2113//1411 2115//1413 2116//1414
f 2117//1415 2118//1416 2119//1417
f 2117//1415 2119//1417 2120//1413
f 2121//1418 2122//1419 2123//1420
f 2121//1418 2123//1420 2124//1417
f 2125//1421 2126//1422 2127//1423
f 2125//1421 2127//1423 2128//1424
f 2129//1425 2130//1426 2131//1340
f 2129//1425 2131//1340 2132//1427
f 2133//1281 2134//1428 2135//1429
f 2133//1281 2135//1429 2136//1430
f 2137//1431 2138//1432 2139//1433
f 2137//1431 2139//1433 2140//1434
f 2141//1435 2142//1436 2143//1437
f 2141//1435 2143//1437 2144//1438
f 2145//1436 2146//1439 2147//1440
f 2145//1436 2147//1440 2148//1437
f 2149//1441 2150//1442 2151//1443
f 2149//1441 2151//1443 2152//1444
f 2153//1442 2154//1445 2155//1446
f 2153//1442 2155//1446 2156//1447
f 2157//1448 2158//1449 2159//1450
f 2157//1448 2159//1450 2160//1451
f 2161//1452 2162//1453 2163//1279
f 2161//1452 2163//1279 2164//1454
f 2165//1455 2166//1456 2167//1457
f 2165//1455 2167//1457 2168//1458
f 2169//1459 2170//1460 2171//1461
f 2169//1459 2171//1461 2172//1457
f 2173//1462 2174//1463 2175//1464
f 2173//1462 2175//1464 2176//1465
f 2177//1466 2178//1467 2179//1468
f 2177//1466 2179//1468 2180//1464
f 2181//1469 2182//1470 2183//1471
f 2181//1469 2183//1471 2184//1472
f 2185//1470 2186//1473 2187//1474
f 2185//1470 2187//1474 2188//1475
f 2189//1473 2190//1476 2191//1477
f 2189//1473 2191//1477 2192//1474
f 2193//1478 2194//1479 2195//1273
f 2193//1478 2195//1273 2196//1480
f 2197//1481 2198//1482 2199//1483
f 2197//1481 2199//1483 2200//1284
f 2201//1484 2202//1485 2203//1486
f 2201//1484 2203//1486 2204//1483
f 2205//1487 2206//1488 2207//1489
f 2205//1487 2207//1489 2208//1490
f 2209//1488 2210//1491 2211//1492
f 2209//1488 2211//1492 2212//1493
f 2213//1494 2214//1495 2215//1496
f 2213//1494 2215//1496 2216//1497
f 2217//1498 2218//1499 2219//1500
f 2217//1498 2219//1500 2220//1501
f 2221//1502 2222//1503 2223//1504
f 2221//1502 2223//1504 2224//1500
f 2225//1505 2226//1369 2227//1275
f 2225//1505 2227//1275 2228//1504
f 2229//1280 2230//1506 2231//1507
f 2229//1280 2231//1507 2232//1508
f 2233//1506 2234//1509 2235//1510
f 2233//1506 2235//1510 2236//1511
f 2237//1512 2238//1513 2239//1514
f 2237//1512 2239//1514 2240//1515
f 2241//1513 2242//1516 2243//1517
f 2241//1513 2243//1517 2244//1518
f 2245//1519 2246//1520 2247//1521
f 2245//1519 2247//1521 2248//1522
f 2249//1523 2250//1524 2251//1525
f 2249//1523 2251//1525 2252//1526
f 2253//1527 2254//1528 2255//1529
f 2253//1527 2255//1529 2256//1530
f 2257//1531 2258//1532 2259//1533
f 2257//1531 2259//1533 2260//1534
f 2261//1286 2262//1535 2263//1536
f 2261//1286 2263//1536 2264//1481
f 2265//1537 2266//1538 2267//1539
f 2265//1537 2267//1539 2268//1540
f 2269//1541 2270//1542 2271//1543
f 2269//1541 2271//1543 2272//1544
f 2273//1545 2274//1546 2275//1547
f 2273//1545 2275//1547 2276//1548
f 2277//1549 2278//1550 2279//1551
f 2277//1549 2279//1551 2280//1552
f 2281//1553 2282//1554 2283//1555
f 2281//1553 2283//1555 2284//1556
f 2285//1557 2286//1558 2287//1559
f 2285//1557 2287//1559 2288//1560
f 2289//1561 2290//1562 2291//1268
f 2289//1561 2291//1268 2292//1559
f 2293//1563 2294//1564 2295//1565
f 2293//1563 2295//1565 2296//1283
f 2297//1564 2298//1566 2299//1567
f 2297//1564 2299//1567 2300//1565
f 2301//1568 2302//1569 2303//1570
f 2301//1568 2303//1570 2304//1571
f 2305//1572 2306//1573 2307//1574
f 2305//1572 2307//1574 2308//1575
f 2309//1576 2310//1577 2311//1578
f 2309//1576 2311//1578 2312//1574
f 2313//1579 2314//1580 2315//1581
f 2313//1579 2315//1581 2316//1582
f 2317//1583 2318//1584 2319//1585
f 2317//1583 2319//1585 2320//1581
f 2321//1586 2322//1288 2323//1587
f 2321//1586 2323//1587 2324//1588
f 2325//1589 2326//1590 2327//1591
f 2325//1589 2327//1591 2328//1285
f 2329//1592 2330//1593 2331//1594
f 2329//1592 2331//1594 2332//1595
f 2333//1596 2334//1597 2335//1598
f 2333//1596 2335//1598 2336//1599
f 2337//1600 2338//1601 2339//1602
f 2337//1600 2339//1602 2340//1603
f 2341//1604 2342//1605 2343//1606
f 2341//1604 2343//1606 2344//1607
f 2345//1608 2346//1609 2347//1610
f 2345//1608 2347//1610 2348//1611
f 2349//1612 2350//1613 2351//1614
f 2349//1612 2351//1614 2352//1615
f 2353//1616 2354//1267 2355//1266
f 2353//1616 2355//1266 2356//1617
f 2357//1618 2358//1619 2359//1620
f 2360//1395 2361//1621 2362//1622
f 2363//1620 2364//1623 2365//1624
f 2366//1625 2367//1473 2368//1624
f 2369//1391 2370//1626 2371//1392
f 2372//1391 2373//1624 2374//1626
f 2375//1627 2376//1628 2377//1629
f 2378//1624 2379//1630 2380//1631
f 2381//1473 2382//1470 2383//1631
f 2384//1388 2385//1632 2386//1384
f 2387//1633 2388//1626 2389//1632
f 2390//1626 2391//1634 2392//1635
f 2393//1636 2394//1637 2395//1638
f 2396//1639 2397//1640 2398//1641
f 2399//1642 2400//1470 2401//1643
f 2402//1644 2403//1645 2404//1643
f 2405//1646 2406//1647 2407//1648
f 2408//1646 2409//1632 2410//1649
f 2411//1650 2412//1651 2413//1652
f 2414//1650 2415//1653 2416//1651
f 2417//1634 2418//1654 2419//1655
f 2420//1656 2421//1657 2422//1658
f 2423//1657 2424//1659 2425//1660
f 2426//1643 2427//1469 2428//1661
f 2429//1469 2430//1466 2431//1662
f 2432//1663 2433//1664 2434//1665
f 2435//1648 2436//1666 2437//1667
f 2438//1668 2439//1669 2440//1670
f 2441//1666 2442//1671 2443//1669
f 2444//1672 2445//1673 2446//1669
f 2447//1674 2448//1658 2449//1675
f 2450//1676 2451//1677 2452//1678
f 2453//1679 2454//1680 2455//1681
f 2456//1682 2457//1683 2458//1677
f 2459//1684 2460//1685 2461//1686
f 2462//1685 2463//1687 2464//1686
f 2465//1688 2466//1689 2467//1690
f 2468//1688 2469//1691 2470//1692
f 2471//1691 2472//1693 2473//1692
f 2474//1691 2475//1694 2476//1695
f 2477//1696 2478//1697 2479//1698
f 2480//1699 2481//1673 2482//1700
f 2483//1673 2484//1701 2485//1702
f 2486//1703 2487//1677 2488//1704
f 2489//1705 2490//1706 2491//1707
f 2492//1705 2493//1683 2494//1706
f 2495//1708 2496//1709 2497//1710
f 2498//1711 2499//1712 2500//1709
f 2501//1712 2502//1456 2503//1713
f 2504//1372 2505//1588 2506//1714
f 2507//1377 2508//1692 2509//1588
f 2510//1692 2511//1715 2512//1716
f 2513//1692 2514//1693 2515//1717
f 2516//1718 2517//1582 2518//1719
f 2519//1720 2520//1721 2521//1582
f 2522//1721 2523//1574 2524//1722
f 2525//1721 2526//1701 2527//1723
f 2528//1707 2529//1724 2530//1574
f 2531//1725 2532//1726 2533//1575
f 2534//1706 2535//1571 2536//1727
f 2537//1728 2538//1713 2539//1567
f 2540//1729 2541//1730 2542//1731
f 2543//1729 2544//1732 2545//1565
f 2546//1456 2547//1283 2548//1733
f 2549//1273 2550//1734 2551//1477
f 2552//1364 2553//1735 2554//1736
f 2555//1734 2556//1737 2557//1477
f 2558//1477 2559//1738 2560//1739
f 2561//1740 2562//1741 2563//1742
f 2564//1740 2565//1743 2566//1744
f 2567//1736 2568//1745 2569//1746
f 2570//1747 2571//1748 2572//1739
f 2573//1739 2574//1749 2575//1750
f 2576//1751 2577//1352 2578//1752
f 2579//1753 2580//1752 2581//1754
f 2582//1755 2583//1752 2584//1756
f 2585//1757 2586//1758 2587//1746
f 2588//1746 2589//1759 2590//1760
f 2591//1749 2592//1761 2593//1762
f 2594//1763 2595//1764 2596//1472
f 2597//1352 2598//1349 2599//1765
f 2600//1352 2601//1766 2602//1767
f 2603//1768 2604//1769 2605//1770
f 2606//1771 2607//1770 2608//1756
f 2609//1772 2610//1773 2611//1774
f 2612//1772 2613//1774 2614//1760
f 2615//1775 2616//1776 2617//1777
f 2618//1761 2619//1777 2620//1468
f 2621//1778 2622//1777 2623//1779
f 2624//1780 2625//1348 2626//1781
f 2627//1782 2628//1783 2629//1784
f 2630//1785 2631//1786 2632//1787
f 2633//1785 2634//1788 2635//1789
f 2636//1773 2637//1790 2638//1791
f 2639//1773 2640//1792 2641//1793
f 2642//1793 2643//1794 2644//1795
f 2645//1796 2646//1797 2647//1777
f 2648//1798 2649//1799 2650//1800
f 2651//1801 2652//1802 2653//1779
f 2654//1779 2655//1803 2656//1804
f 2657//1805 2658//1806 2659//1807
f 2660//1808 2661//1809 2662//1810
f 2663//1786 2664//1811 2665//1812
f 2666//1786 2667//1813 2668//1787
f 2669//1790 2670//1814 2671//1815
f 2672//1790 2673//1816 2674//1817
f 2675//1818 2676//1816 2677//1819
f 2678//1794 2679//1820 2680//1795
f 2681//1795 2682//1821 2683//1822
f 2684//1795 2685//1823 2686//1800
f 2687//1803 2688//1824 2689//1825
f 2690//1826 2691//1827 2692//1461
f 2693//1461 2694//1827 2695//1457
f 2696//1343 2697//1342 2698//1531
f 2699//1343 2700//1531 2701//1807
f 2702//1828 2703//1829 2704//1527
f 2705//1830 2706//1831 2707//1832
f 2708//1814 2709//1833 2710//1523
f 2711//1814 2712//1834 2713//1815
f 2714//1815 2715//1520 2716//1519
f 2717//1815 2718//1519 2719//1835
f 2720//1835 2721//1519 2722//1836
f 2723//1821 2724//1836 2725//1822
f 2726//1822 2727//1837 2728//1512
f 2729//1823 2730//1512 2731//1838
f 2732//1838 2733//1839 2734//1840
f 2735//1841 2736//1842 2737//1843
f 2738//1844 2739//1842 2740//1458
f 2741//1279 2742//1314 2743//1454
f 2744//1845 2745//1846 2746//1847
f 2747//1314 2748//1848 2749//1454
f 2750//1849 2751//1848 2752//1850
f 2753//1851 2754//1852 2755//1853
f 2756//1308 2757//1854 2758//1847
f 2759//1855 2760//1856 2761//1857
f 2762//1858 2763//1859 2764//1850
f 2765//1850 2766//1860 2767//1447
f 2768//1861 2769//1303 2770//1862
f 2771//1304 2772//1863 2773//1853
f 2774//1864 2775//1865 2776//1866
f 2777//1856 2778//1867 2779//1868
f 2780//1868 2781//1869 2782//1870
f 2783//1871 2784//1872 2785//1447
f 2786//1443 2787//1872 2788//1873
f 2789//1874 2790//1296 2791//1875
f 2792//1874 2793//1876 2794//1877
f 2795//1877 2796//1878 2797//1879
f 2798//1877 2799//1879 2800//1880
f 2801//1880 2802//1881 2803//1882
f 2804//1883 2805//1884 2806//1870
f 2807//1885 2808//1882 2809//1886
f 2810//1887 2811//1886 2812//1873
f 2813//1440 2814//1886 2815//1437
f 2816//1296 2817//1295 2818//1888
f 2819//1889 2820//1890 2821//1891
f 2822//1892 2823//1893 2824//1894
f 2825//1878 2826//1895 2827//1896
f 2828//1897 2829//1898 2830//1899
f 2831//1900 2832//1901 2833//1902
f 2834//1902 2835//1901 2836//1903
f 2837//1904 2838//1905 2839//1906
f 2840//1906 2841//1907 2842//1908
f 2843//1909 2844//1908 2845//1437
f 2846//1437 2847//1908 2848//1910
f 2849//1911 2850//1912 2851//1913
f 2852//1911 2853//1914 2854//1915
f 2855//1893 2856//1916 2857//1917
f 2858//1893 2859//1918 2860//1894
f 2861//1894 2862//1919 2863//1920
f 2864//1898 2865//1920 2866//1921
f 2867//1921 2868//1920 2869//1922
f 2870//1923 2871//1924 2872//1903
f 2873//1903 2874//1924 2875//1925
f 2876//1926 2877//1927 2878//1928
f 2879//1928 2880//1929 2881//1930
f 2882//1928 2883//1930 2884//1931
f 2885//1931 2886//1930 2887//1932
f 2888//1289 2889//1933 2890//1934
f 2891//1289 2892//1934 2893//1913
f 2894//1935 2895//1936 2896//1583
f 2897//1937 2898//1583 2899//1917
f 2900//1938 2901//1939 2902//1940
f 2903//1941 2904//1940 2905//1920
f 2906//1942 2907//1943 2908//1944
f 2909//1942 2910//1573 2911//1922
f 2912//1945 2913//1946 2914//1569
f 2915//1947 2916//1569 2917//1925
f 2918//1948 2919//1569 2920//1949
f 2921//1950 2922//1951 2923//1952
f 2924//1953 2925//1951 2926//1954
f 2927//1955 2928//1956 2929//1957
f 2930//1957 2931//1956 2932//1958
f 2933//1959 2934//1960 2935//1961
f 2936//1962 2937//1963 2938//1964
f 2939//1965 2940//1452 2941//1963
f 2942//1966 2943//1967 2944//1968
f 2945//1969 2946//1970 2947//1971
f 2948//1969 2949//1972 2950//1973
f 2951//1974 2952//1975 2953//1976
f 2954//1977 2955//1445 2956//1978
f 2957//1445 2958//1979 2959//1978
f 2960//1971 2961//1980 2962//1981
f 2963//1971 2964//1982 2965//1983
f 2966//1984 2967//1985 2968//1986
f 2969//1976 2970//1975 2971//1987
f 2972//1975 2973//1988 2974//1989
f 2975//1978 2976//1979 2977//1990
f 2978//1991 2979//1992 2980//1993
f 2981//1981 2982//1994 2983//1995
f 2984//1996 2985//1997 2986//1998
f 2987//1997 2988//1999 2989//1998
f 2990//1997 2991//2000 2992//2001
f 2993//2002 2994//2003 2995//2001
f 2996//2004 2997//2005 2998//2003
f 2999//2006 3000//2007 3001//2003
f 3002//2008 3003//2009 3004//2010
f 3005//2009 3006//1436 3007//2011
f 3008//1324 3009//2012 3010//2013
f 3011//1324 3012//2014 3013//2012
f 3014//2015 3015//2016 3016//2017
f 3017//2018 3018//2019 3019//2020
f 3020//2021 3021//2022 3022//2023
f 3023//2024 3024//2025 3025//2022
f 3026//2026 3027//2027 3028//2028
f 3029//2026 3030//2029 3031//2027
f 3032//2030 3033//2031 3034//2027
f 3035//2011 3036//1436 3037//2032
f 3038//1436 3039//2033 3040//2034
f 3041//2035 3042//2036 3043//1317
f 3044//2035 3045//2037 3046//2036
f 3047//2037 3048//2038 3049//2039
f 3050//2017 3051//2040 3052//2041
f 3053//2023 3054//2042 3055//2043
f 3056//2023 3057//2022 3058//2042
f 3059//2044 3060//2045 3061//2046
f 3062//2047 3063//2027 3064//2048
f 3065//2027 3066//2049 3067//2050
f 3068//2051 3069//2052 3070//2049
f 3071//2052 3072//2053 3073//2049
f 3074//2054 3075//2055 3076//2056
f 3077//2055 3078//2057 3079//2058
f 3080//1317 3081//2059 3082//2060
f 3083//2061 3084//2039 3085//2062
f 3086//2063 3087//1530 3088//2064
f 3089//2063 3090//2065 3091//2066
f 3092//2065 3093//2067 3094//2068
f 3095//2065 3096//2069 3097//1526
f 3098//2070 3099//1517 3100//1521
f 3101//2070 3102//2050 3103//1517
f 3104//2071 3105//1514 3106//1517
f 3107//2050 3108//2072 3109//1514
f 3110//2073 3111//2074 3112//1514
f 3113//2073 3114//2075 3115//1510
f 3116//2076 3117//2077 3118//1510
f 3119//2058 3120//2078 3121//1507
f 3122//2078 3123//2079 3124//1507
f 3125//1398 3126//1397 3127//2080
f 3128//2081 3129//1390 3130//2082
f 3131//2083 3132//2082 3133//2080
f 3134//2080 3135//2084 3136//2085
f 3137//2086 3138//2087 3139//2088
f 3140//2089 3141//2090 3142//2082
f 3143//2084 3144//2091 3145//2092
f 3146//2093 3147//2094 3148//2085
f 3149//2085 3150//2094 3151//2095
f 3152//2096 3153//2097 3154//2098
f 3155//2096 3156//2098 3157//2099
f 3158//2100 3159//2101 3160//2102
f 3161//2091 3162//2102 3163//2103
f 3164//2104 3165//2105 3166//2106
f 3167//2107 3168//2108 3169//1496
f 3170//2109 3171//2106 3172//2110
f 3173//2111 3174//1382 3175//2112
f 3176//1386 3177//2113 3178//2098
f 3179//2114 3180//2115 3181//2116
f 3182//2098 3183//2117 3184//2118
f 3185//2119 3186//2120 3187//2121
f 3188//2119 3189//2122 3190//2123
f 3191//2124 3192//2125 3193//2126
f 3194//2124 3195//2127 3196//2128
f 3197//2129 3198//2127 3199//2130
f 3200//1382 3201//1378 3202//2131
f 3203//1382 3204//2132 3205//2133
f 3206//2134 3207//2135 3208//2136
f 3209//2115 3210//2137 3211//2138
f 3212//2139 3213//2140 3214//2141
f 3215//2142 3216//2141 3217//2121
f 3218//2121 3219//2143 3220//2144
f 3221//2121 3222//2145 3223//2146
f 3224//2146 3225//2147 3226//2148
f 3227//2149 3228//2148 3229//2150
f 3230//2150 3231//2148 3232//1490
f 3233//1375 3234//2151 3235//2152
f 3236//1375 3237//2153 3238//2154
f 3239//2155 3240//2153 3241//2156
f 3242//2155 3243//2157 3244//2136
f 3245//2140 3246//2158 3247//2159
f 3248//2160 3249//2161 3250//2162
f 3251//2163 3252//2164 3253//2165
f 3254//2166 3255//2167 3256//2168
f 3257//2168 3258//2167 3259//2169
f 3260//2147 3261//2170 3262//2171
f 3263//2172 3264//2170 3265//2173
f 3266//2172 3267//2174 3268//2175
f 3269//2176 3270//2174 3271//2177
f 3272//2178 3273//1267 3274//1616
f 3275//2178 3276//1616 3277//2179
f 3278//2153 3279//2180 3280//2181
f 3281//2182 3282//1612 3283//2183
f 3284//2183 3285//1612 3286//2184
f 3287//2158 3288//2184 3289//2185
f 3290//2186 3291//1605 3292//2187
f 3293//2164 3294//2187 3295//2188
f 3296//2189 3297//2187 3298//2190
f 3299//2167 3300//2190 3301//2191
f 3302//2192 3303//2190 3304//1593
f 3305//2192 3306//1593 3307//2174
f 3308//2193 3309//1593 3310//1592
f 3311//2193 3312//1590 3313//2194
f 3314//1483 3315//1590 3316//1284
f 3317//2195 3318//1505 3319//2196
f 3320//2197 3321//2198 3322//1366
f 3323//2197 3324//1505 3325//2199
f 3326//1505 3327//2200 3328//2201
f 3329//1366 3330//2202 3331//2203
f 3332//1366 3333//2204 3334//2202
f 3335//2205 3336//2206 3337//2207
f 3338//2201 3339//1499 3340//2208
f 3341//1499 3342//1498 3343//2209
f 3344//2210 3345//2211 3346//1353
f 3347//2212 3348//2213 3349//2214
f 3350//2213 3351//2215 3352//2216
f 3353//2207 3354//2206 3355//2217
f 3356//2206 3357//2218 3358//2219
f 3359//2220 3360//1495 3361//2218
f 3362//1495 3363//2221 3364//2222
f 3365//2223 3366//2224 3367//1354
f 3368//2225 3369//2226 3370//2227
f 3371//2226 3372//2228 3373//2229
f 3374//2216 3375//2230 3376//2231
f 3377//2230 3378//2232 3379//2233
f 3380//2230 3381//2234 3382//2235
f 3383//2234 3384//2236 3385//2237
f 3386//2222 3387//2238 3388//2239
f 3389//2238 3390//2240 3391//2239
f 3392//1354 3393//2241 3394//1351
f 3395//2242 3396//2243 3397//2244
f 3398//2243 3399//2245 3400//2246
f 3401//2247 3402//2248 3403//2249
f 3404//2250 3405//2251 3406//2252
f 3407//2253 3408//2254 3409//2255
f 3410//2256 3411//2257 3412//2255
f 3413//2237 3414//2258 3415//2259
f 3416//2258 3417//2260 3418//2259
f 3419//2236 3420//1488 3421//2261
f 3422//1488 3423//1487 3424//2260
f 3425//2262 3426//2263 3427//2264
f 3428//2262 3429//2241 3430//2265
f 3431//2266 3432//2267 3433//2268
f 3434//2269 3435//2270 3436//2267
f 3437//2245 3438//2271 3439//2272
f 3440//2245 3441//2251 3442//2271
f 3443//2273 3444//2274 3445//2275
f 3446//2276 3447//2277 3448//2278
f 3449//2259 3450//2279 3451//2280
f 3452//2259 3453//2281 3454//2279
f 3455//2281 3456//2282 3457//2283
f 3458//2284 3459//2285 3460//2282
f 3461//2285 3462//2286 3463//2282
f 3464//2287 3465//1559 3466//1268
f 3467//1344 3468//2288 3469//2289
f 3470//2290 3471//1560 3472//1559
f 3473//2268 3474//2291 3475//2292
f 3476//2293 3477//2294 3478//1555
f 3479//2272 3480//2271 3481//2295
f 3482//2296 3483//2297 3484//1551
f 3485//2296 3486//2298 3487//2297
f 3488//2299 3489//2300 3490//1547
f 3491//2299 3492//2301 3493//2300
f 3494//2301 3495//1544 3496//2302
f 3497//2301 3498//2303 3499//2304
f 3500//2303 3501//2305 3502//2304
f 3503//2303 3504//1482 3505//2306
f 3506//1482 3507//1481 3508//2307
f 3509//1426 3510//1422 3511//1313
f 3512//1313 3513//2308 3514//2309
f 3515//2310 3516//2311 3517//2308
f 3518//1422 3519//2312 3520//2313
f 3521//2309 3522//2314 3523//2315
f 3524//2309 3525//2316 3526//2314
f 3527//2317 3528//2318 3529//2319
f 3530//2317 3531//2320 3532//2321
f 3533//2322 3534//2323 3535//2321
f 3536//2324 3537//2325 3538//1306
f 3539//1310 3540//2319 3541//2326
f 3542//2319 3543//2327 3544//2325
f 3545//2319 3546//2328 3547//2329
f 3548//2328 3549//2330 3550//2331
f 3551//2332 3552//2323 3553//2333
f 3554//2334 3555//2335 3556//2330
f 3557//1306 3558//2336 3559//2337
f 3560//2338 3561//2325 3562//2339
f 3563//2325 3564//2340 3565//2341
f 3566//2342 3567//2343 3568//2344
f 3569//2343 3570//2345 3571//2346
f 3572//2343 3573//2330 3574//2347
f 3575//2348 3576//2349 3577//2350
f 3578//2348 3579//2351 3580//2352
f 3581//2353 3582//2354 3583//2352
f 3584//2355 3585//2356 3586//2357
f 3587//2337 3588//2358 3589//2356
f 3590//2341 3591//2359 3592//2360
f 3593//2341 3594//2361 3595//2362
f 3596//2363 3597//2364 3598//2365
f 3599//2366 3600//2367 3601//2364
f 3602//2367 3603//2368 3604//2369
f 3605//2367 3606//2370 3607//2371
f 3608//2372 3609//2373 3610//2374
f 3611//2375 3612//2354 3613//2376
f 3614//2377 3615//2378 3616//2379
f 3617//1293 3618//2380 3619//1294
f 3620//1293 3621//2381 3622//2380
f 3623//2382 3624//2383 3625//2384
f 3626//2360 3627//2362 3628//2385
f 3629//2362 3630//2386 3631//2387
f 3632//2365 3633//2364 3634//2388
f 3635//2389 3636//2390 3637//2388
f 3638//2369 3639//2368 3640//2390
f 3641//2391 3642//2392 3643//2390
f 3644//2374 3645//2393 3646//2394
f 3647//2393 3648//2395 3649//2396
f 3650//2379 3651//2397 3652//2398
f 3653//2397 3654//1404 3655//2399
f 3656//2400 3657//2401 3658//1266
f 3659//2400 3660//2402 3661//1617
f 3662//2403 3663//2404 3664//2405
f 3665//2403 3666//2406 3667//2404
f 3668//2406 3669//2407 3670//1610
f 3671//2408 3672//2409 3673//1606
f 3674//2388 3675//1607 3676//2410
f 3677//2388 3678//2390 3679//2411
f 3680//2390 3681//2412 3682//1602
f 3683//2390 3684//2392 3685//1598
f 3686//2392 3687//1599 3688//1598
f 3689//2413 3690//2414 3691//2415
f 3692//2414 3693//2416 3694//2417
f 3695//2418 3696//1401 3697//1591
f 3698//1401 3699//1285 3700//1591
f 3701//1277 3702//1339 3703//2419
f 3704//2420 3705//2421 3706//2422
f 3707//2423 3708//2424 3709//2425
f 3710//2426 3711//2427 3712//1424
f 3713//2421 3714//2428 3715//2429
f 3716//2421 3717//2430 3718//2422
f 3719//2431 3720//2432 3721//2433
f 3722//2431 3723//2434 3724//2435
f 3725//1420 3726//2436 3727//1417
f 3728//2437 3729//2438 3730//2439
f 3731//1329 3732//2439 3733//2440
f 3734//2440 3735//2441 3736//2442
f 3737//2432 3738//2443 3739//2444
f 3740//2445 3741//2446 3742//2447
f 3743//2448 3744//2449 3745//2450
f 3746//1417 3747//2449 3748//1413
f 3749//2451 3750//1323 3751//2452
f 3752//2438 3753//2452 3754//2453
f 3755//2439 3756//2454 3757//2455
f 3758//2456 3759//2457 3760//2458
f 3761//2458 3762//2457 3763//2459
f 3764//2458 3765//2460 3766//2461
f 3767//2462 3768//2460 3769//2463
f 3770//2464 3771//2465 3772//2466
f 3773//2466 3774//2465 3775//2467
f 3776//2468 3777//2469 3778//2470
f 3779//2471 3780//2470 3781//2472
f 3782//2472 3783//2473 3784//2474
f 3785//2454 3786//2475 3787//2476
f 3788//2477 3789//2478 3790//2479
f 3791//2480 3792//2481 3793//2482
f 3794//2483 3795//2484 3796//2485
f 3797//2486 3798//2485 3799//2487
f 3800//2488 3801//2489 3802//2490
f 3803//2491 3804//2492 3805//2493
f 3806//2493 3807//2492 3808//1410
f 3809//1320 3810//1319 3811//2494
f 3812//1320 3813//2495 3814//2470
f 3815//2496 3816//2497 3817//2498
f 3818//2496 3819//2499 3820//2500
f 3821//2501 3822//2502 3823//2503
f 3824//2501 3825//2504 3826//2505
f 3827//2506 3828//2507 3829//2508
f 3830//2506 3831//2508 3832//2509
f 3833//2510 3834//2511 3835//2512
f 3836//2489 3837//2513 3838//2514
f 3839//2515 3840//2516 3841//2517
f 3842//2518 3843//2519 3844//1410
f 3845//1406 3846//2519 3847//1402
f 3848//1316 3849//1562 3850//1561
f 3851//1316 3852//1561 3853//2495
f 3854//2520 3855//1558 3856//2521
f 3857//2522 3858//1554 3859//2523
f 3860//2524 3861//1554 3862//1553
f 3863//2502 3864//1553 3865//2504
f 3866//2525 3867//2526 3868//2527
f 3869//2528 3870//2527 3871//2529
f 3872//2530 3873//2531 3874//2532
f 3875//2533 3876//1545 3877//2512
f 3878//2534 3879//1542 3880//2535
f 3881//2534 3882//2536 3883//2537
f 3884//2538 3885//2536 3886//1537
f 3887//2538 3888//1535 3889//2539
f 3890//2540 3891//1535 3892//1286
f 3893//2541 3894//2542 3895//2543
f 3893//2541 3895//2543 3896//2544
f 3897//2545 3898//2546 3899//2547
f 3897//2545 3899//2547 3900//2548
f 3901//2549 3902//2550 3903//2551
f 3901//2549 3903//2551 3904//2552
f 3905//2553 3906//2554 3907//2555
f 3905//2553 3907//2555 3908//2556
f 3909//2557 3910//2558 3911//2559
f 3909//2557 3911//2559 3912//2560
f 3913//2561 3914//2562 3915//2563
f 3913//2561 3915//2563 3916//2564
f 3917//2542 3918//2565 3919//2566
f 3917//2542 3919//2566 3920//2543
f 3921//2567 3922//2568 3923//2569
f 3921//2567 3923//2569 3924//2566
f 3925//2570 3926//2571 3927//2572
f 3925//2570 3927//2572 3928//2573
f 3929//2574 3930//2575 3931//2576
f 3929//2574 3931//2576 3932//2577
f 3933//2575 3934//2578 3935//2579
f 3933//2575 3935//2579 3936//2580
f 3937//2581 3938//2582 3939//2583
f 3937//2581 3939//2583 3940//2584
f 3941//2582 3942//2585 3943//2586
f 3941//2582 3943//2586 3944//2583
f 3945//2585 3946//2587 3947//2555
f 3945//2585 3947//2555 3948//2588
f 3949//2589 3950//2590 3951//2591
f 3949//2589 3951//2591 3952//2592
f 3953//2590 3954//2593 3955//2594
f 3953//2590 3955//2594 3956//2595
f 3957//2596 3958//2597 3959//2598
f 3957//2596 3959//2598 3960//2599
f 3961//2600 3962//2601 3963//2602
f 3961//2600 3963//2602 3964//2603
f 3965//2604 3966//2605 3967//2606
f 3965//2604 3967//2606 3968//2607
f 3969//2608 3970//2609 3971//2610
f 3969//2608 3971//2610 3972//2611
f 3973//2612 3974//2613 3975//2614
f 3973//2612 3975//2614 3976//2610
f 3977//2615 3978//2554 3979//2616
f 3977//2615 3979//2616 3980//2617
f 3981//2618 3982//2619 3983//2620
f 3981//2618 3983//2620 3984//2621
f 3985//2622 3986//2623 3987//2624
f 3985//2622 3987//2624 3988//2625
f 3989//2626 3990//2627 3991//2628
f 3989//2626 3991//2628 3992//2629
f 3993//2630 3994//2631 3995//2632
f 3993//2630 3995//2632 3996//2633
f 3997//2634 3998//2635 3999//2636
f 3997//2634 3999//2636 4000//2637
f 4001//2638 4002//2639 4003//2640
f 4001//2638 4003//2640 4004//2641
f 4005//2642 4006//2643 4007//2644
f 4005//2642 4007//2644 4008//2645
f 4009//2646 4010//2550 4011//2549
f 4009//2646 4011//2549 4012//2647
f 4013//2544 4014//2648 4015//2649
f 4013//2544 4015//2649 4016//2541
f 4017//2650 4018//2651 4019//2652
f 4017//2650 4019//2652 4020//2653
f 4021//2654 4022//2655 4023//2656
f 4021//2654 4023//2656 4024//2657
f 4025//2658 4026//2659 4027//2660
f 4025//2658 4027//2660 4028//2661
f 4029//2662 4030//2663 4031//2664
f 4029//2662 4031//2664 4032//2660
f 4033//2665 4034//2666 4035//2667
f 4033//2665 4035//2667 4036//2668
f 4037//2669 4038//2670 4039//2671
f 4037//2669 4039//2671 4040//2672
f 4041//2673 4042//2674 4043//2551
f 4041//2673 4043//2551 4044//2675
f 4045//2676 4046//2677 4047//2678
f 4045//2676 4047//2678 4048//2563
f 4049//2679 4050//2680 4051//2681
f 4049//2679 4051//2681 4052//2678
f 4053//2682 4054//2683 4055//2684
f 4053//2682 4055//2684 4056//2685
f 4057//2686 4058//2687 4059//2688
f 4057//2686 4059//2688 4060//2689
f 4061//2690 4062//2691 4063//2692
f 4061//2690 4063//2692 4064//2693
f 4065//2694 4066//2695 4067//2696
f 4065//2694 4067//2696 4068//2697
f 4069//2698 4070//2699 4071//2700
f 4069//2698 4071//2700 4072//2701
f 4073//2702 4074//2555 4075//2703
f 4073//2702 4075//2703 4076//2700
f 4077//2704 4078//2705 4079//2706
f 4077//2704 4079//2706 4080//2707
f 4081//2708 4082//2709 4083//2710
f 4081//2708 4083//2710 4084//2711
f 4085//2712 4086//2713 4087//2714
f 4085//2712 4087//2714 4088//2710
f 4089//2715 4090//2716 4091//2717
f 4089//2715 4091//2717 4092//2718
f 4093//2719 4094//2720 4095//2721
f 4093//2719 4095//2721 4096//2722
f 4097//2723 4098//2724 4099//2725
f 4097//2723 4099//2725 4100//2726
f 4101//2727 4102//2728 4103//2729
f 4101//2727 4103//2729 4104//2730
f 4105//2731 4106//2616 4107//2732
f 4105//2731 4107//2732 4108//2733
f 4109//2560 4110//2734 4111//2735
f 4109//2560 4111//2735 4112//2557
f 4113//2736 4114//2737 4115//2738
f 4113//2736 4115//2738 4116//2739
f 4117//2740 4118//2741 4119//2742
f 4117//2740 4119//2742 4120//2743
f 4121//2744 4122//2745 4123//2746
f 4121//2744 4123//2746 4124//2747
f 4125//2745 4126//2748 4127//2749
f 4125//2745 4127//2749 4128//2750
f 4129//2751 4130//2752 4131//2753
f 4129//2751 4131//2753 4132//2754
f 4133//2755 4134//2756 4135//2757
f 4133//2755 4135//2757 4136//2758
f 4137//2756 4138//2551 4139//2759
f 4137//2756 4139//2759 4140//2757
f 4141//2760 4142//2761 4143//2762
f 4141//2760 4143//2762 4144//2561
f 4145//2763 4146//2764 4147//2765
f 4145//2763 4147//2765 4148//2766
f 4149//2767 4150//2768 4151//2769
f 4149//2767 4151//2769 4152//2770
f 4153//2771 4154//2772 4155//2773
f 4153//2771 4155//2773 4156//2774
f 4157//2775 4158//2776 4159//2777
f 4157//2775 4159//2777 4160//2778
f 4161//2779 4162//2780 4163//2781
f 4161//2779 4163//2781 4164//2782
f 4165//2783 4166//2784 4167//2785
f 4165//2783 4167//2785 4168//2786
f 4169//2787 4170//2788 4171//2552
f 4169//2787 4171//2552 4172//2789
f 4173//2557 4174//2790 4175//2791
f 4173//2557 4175//2791 4176//2792
f 4177//2793 4178//2794 4179//2795
f 4177//2793 4179//2795 4180//2791
f 4181//2794 4182//2796 4183//2797
f 4181//2794 4183//2797 4184//2798
f 4185//2799 4186//2800 4187//2801
f 4185//2799 4187//2801 4188//2802
f 4189//2803 4190//2804 4191//2805
f 4189//2803 4191//2805 4192//2806
f 4193//2807 4194//2808 4195//2809
f 4193//2807 4195//2809 4196//2810
f 4197//2811 4198//2812 4199//2813
f 4197//2811 4199//2813 4200//2814
f 4201//2815 4202//2618 4203//2547
f 4201//2815 4203//2547 4204//2816
f 4205//2817 4206//2818 4207//2819
f 4205//2817 4207//2819 4208//2820
f 4209//2818 4210//2821 4211//2822
f 4209//2818 4211//2822 4212//2819
f 4213//2823 4214//2824 4215//2825
f 4213//2823 4215//2825 4216//2826
f 4217//2827 4218//2828 4219//2829
f 4217//2827 4219//2829 4220//2830
f 4221//2831 4222//2832 4223//2833
f 4221//2831 4223//2833 4224//2834
f 4225//2835 4226//2836 4227//2837
f 4225//2835 4227//2837 4228//2838
f 4229//2839 4230//2840 4231//2841
f 4229//2839 4231//2841 4232//2842
f 4233//2843 4234//2546 4235//2844
f 4233//2843 4235//2844 4236//2845
f 4237//2559 4238//2846 4239//2847
f 4237//2559 4239//2847 4240//2560
f 4241//2846 4242//2848 4243//2849
f 4241//2846 4243//2849 4244//2847
f 4245//2848 4246//2850 4247//2851
f 4245//2848 4247//2851 4248//2852
f 4249//2853 4250//2854 4251//2855
f 4249//2853 4251//2855 4252//2856
f 4253//2857 4254//2858 4255//2859
f 4253//2857 4255//2859 4256//2860
f 4257//2861 4258//2862 4259//2863
f 4257//2861 4259//2863 4260//2864
f 4261//2865 4262//2866 4263//2867
f 4261//2865 4263//2867 4264//2863
f 4265//2868 4266//2869 4267//2870
f 4265//2868 4267//2870 4268//2871
f 4269//2561 4270//2872 4271//2873
f 4269//2561 4271//2873 4272//2562
f 4273//2872 4274//2874 4275//2875
f 4273//2872 4275//2875 4276//2876
f 4277//2877 4278//2878 4279//2879
f 4277//2877 4279//2879 4280//2880
f 4281//2881 4282//2882 4283//2883
f 4281//2881 4283//2883 4284//2884
f 4285//2885 4286//2886 4287//2887
f 4285//2885 4287//2887 4288//2888
f 4289//2889 4290//2890 4291//2891
f 4289//2889 4291//2891 4292//2892
f 4293//2893 4294//2894 4295//2895
f 4293//2893 4295//2895 4296//2891
f 4297//2896 4298//2897 4299//2543
f 4297//2896 4299//2543 4300//2898
f 4301//2551 4302//2899 4303//2900
f 4304//2901 4305//2902 4306//2903
f 4307//2901 4308//2899 4309//2904
f 4310//2899 4311//2905 4312//2906
f 4313//2907 4314//2908 4315//2668
f 4316//2903 4317//2904 4318//2909
f 4319//2906 4320//2910 4321//2909
f 4322//2906 4323//2911 4324//2912
f 4325//2913 4326//2751 4327//2910
f 4328//2668 4329//2914 4330//2660
f 4331//2915 4332//2908 4333//2914
f 4334//2916 4335//2917 4336//2918
f 4337//2919 4338//2920 4339//2917
f 4340//2921 4341//2922 4342//2917
f 4343//2910 4344//2748 4345//2923
f 4346//2748 4347//2745 4348//2924
f 4349//2660 4350//2925 4351//2661
f 4352//2660 4353//2918 4354//2925
f 4355//2926 4356//2927 4357//2925
f 4358//2928 4359//2929 4360//2930
f 4361//2931 4362//2932 4363//2930
f 4364//2933 4365//2934 4366//2935
f 4367//2936 4368//2937 4369//2938
f 4370//2939 4371//2940 4372//2941
f 4373//2940 4374//2942 4375//2943
f 4376//2656 4377//2944 4378//2945
f 4379//2656 4380//2946 4381//2947
f 4382//2948 4383//2949 4384//2947
f 4385//2948 4386//2950 4387//2951
f 4388//2950 4389//2952 4390//2953
f 4391//2950 4392//2938 4393//2954
f 4394//2938 4395//2955 4396//2954
f 4397//2956 4398//2957 4399//2958
f 4400//2959 4401//2960 4402//2955
f 4403//2961 4404//2962 4405//2963
f 4406//2962 4407//2964 4408//2965
f 4409//2966 4410//2967 4411//2653
f 4412//2945 4413//2968 4414//2967
f 4415//2968 4416//2969 4417//2970
f 4418//2971 4419//2949 4420//2972
f 4421//2973 4422//2974 4423//2975
f 4424//2976 4425//2954 4426//2977
f 4427//2954 4428//2978 4429//2977
f 4430//2954 4431//2955 4432//2979
f 4433//2980 4434//2981 4435//2979
f 4436//2980 4437//2960 4438//2982
f 4439//2983 4440//2984 4441//2981
f 4442//2965 4443//2737 4444//2985
f 4445//2737 4446//2736 4447//2984
f 4448//2649 4449//2871 4450//2870
f 4451//2649 4452//2986 4453//2871
f 4454//2987 4455//2863 4456//2867
f 4457//2987 4458//2969 4459//2863
f 4460//2988 4461//2989 4462//2863
f 4463//2975 4464//2977 4465//2990
f 4466//2991 4467//2992 4468//2990
f 4469//2993 4470//2994 4471//2992
f 4472//2994 4473//2995 4474//2855
f 4475//2979 4476//2996 4477//2995
f 4478//2981 4479//2997 4480//2995
f 4481//2981 4482//2998 4483//2999
f 4484//2984 4485//2847 4486//3000
f 4487//3001 4488//3002 4489//2847
f 4490//2734 4491//2560 4492//2847
f 4493//2550 4494//3003 4495//3004
f 4496//3005 4497//3006 4498//3007
f 4499//3003 4500//3008 4501//3009
f 4502//3010 4503//3011 4504//3012
f 4505//3013 4506//2638 4507//3014
f 4508//3013 4509//3014 4510//3015
f 4511//3016 4512//3017 4513//3018
f 4514//3011 4515//3019 4516//2758
f 4517//2753 4518//3020 4519//2754
f 4520//2635 4521//2634 4522//3021
f 4523//2635 4524//3022 4525//3023
f 4526//3024 4527//3025 4528//3026
f 4529//3024 4530//3027 4531//3028
f 4532//3028 4533//3027 4534//3029
f 4535//3020 4536//3030 4537//3031
f 4538//3032 4539//3033 4540//3034
f 4541//3035 4542//2630 4543//3036
f 4544//2631 4545//3037 4546//3021
f 4547//3021 4548//3038 4549//3039
f 4550//3040 4551//3041 4552//3026
f 4553//3042 4554//3043 4555//3044
f 4556//3045 4557//3046 4558//3029
f 4559//3029 4560//3047 4561//3048
f 4562//3030 4563//3049 4564//3050
f 4565//3051 4566//3052 4567//3053
f 4568//2627 4569//2626 4570//3054
f 4571//2627 4572//3054 4573//3037
f 4574//3055 4575//3056 4576//3057
f 4577//3055 4578//3058 4579//3059
f 4580//3060 4581//3061 4582//3062
f 4583//3060 4584//3063 4585//3064
f 4586//3047 4587//3065 4588//3066
f 4589//3067 4590//3066 4591//3068
f 4592//3069 4593//3070 4594//3071
f 4595//3069 4596//3071 4597//3053
f 4598//2742 4599//3072 4600//2738
f 4601//3073 4602//2622 4603//3074
f 4604//3073 4605//3074 4606//3075
f 4607//3076 4608//3077 4609//3078
f 4610//3079 4611//3080 4612//3057
f 4613//3081 4614//3082 4615//3083
f 4616//3081 4617//3083 4618//3084
f 4619//3084 4620//3083 4621//3085
f 4622//3086 4623//3087 4624//3088
f 4625//3089 4626//3090 4627//3091
f 4628//3092 4629//3091 4630//3093
f 4631//3094 4632//3095 4633//3096
f 4634//3071 4635//3097 4636//3098
f 4637//2738 4638//3099 4639//3100
f 4640//3101 4641//2618 4642//2815
f 4643//2622 4644//2815 4645//3074
f 4646//3077 4647//3102 4648//2808
f 4649//3077 4650//2811 4651//3103
f 4652//3104 4653//2808 4654//2807
f 4655//3082 4656//2804 4657//3105
f 4658//3106 4659//2804 4660//3107
f 4661//3106 4662//3107 4663//3085
f 4664//3108 4665//2800 4666//3109
f 4667//3108 4668//3109 4669//3110
f 4670//3110 4671//3111 4672//3112
f 4673//3113 4674//2794 4675//3114
f 4676//3114 4677//2794 4678//2793
f 4679//3115 4680//2793 4681//2739
f 4682//2739 4683//2793 4684//2557
f 4685//2587 4686//2585 4687//3116
f 4688//3117 4689//2582 4690//3118
f 4691//3119 4692//3120 4693//3116
f 4694//3116 4695//3120 4696//3121
f 4697//3122 4698//2578 4699//3123
f 4700//3124 4701//3123 4702//3125
f 4703//3118 4704//3123 4705//3126
f 4706//3127 4707//3128 4708//2730
f 4709//3121 4710//3129 4711//3130
f 4712//3131 4713//3132 4714//3133
f 4715//2578 4716//3134 4717//3135
f 4718//3136 4719//3134 4720//3137
f 4721//3138 4722//3137 4723//3126
f 4724//3139 4725//3140 4726//3141
f 4727//3139 4728//3142 4729//3130
f 4730//3130 4731//3142 4732//3143
f 4733//3144 4734//3145 4735//3146
f 4736//3144 4737//3147 4738//3134
f 4739//3134 4740//3146 4741//3148
f 4742//3149 4743//3150 4744//3151
f 4745//3152 4746//3153 4747//3154
f 4748//3155 4749//3156 4750//3157
f 4751//3158 4752//3159 4753//3160
f 4754//3161 4755//3162 4756//2717
f 4757//2717 4758//3162 4759//3163
f 4760//3145 4761//2570 4762//3164
f 4763//3145 4764//3165 4765//3166
f 4766//3146 4767//3167 4768//3168
f 4769//3169 4770//3168 4771//3170
f 4772//3153 4773//3171 4774//3172
f 4775//3153 4776//3173 4777//3174
f 4778//3159 4779//3175 4780//3176
f 4781//3177 4782//3178 4783//3179
f 4784//3179 4785//3178 4786//3180
f 4787//3181 4788//3182 4789//3163
f 4790//2714 4791//3182 4792//2710
f 4793//3183 4794//2567 4795//3184
f 4796//3183 4797//3184 4798//3164
f 4799//3167 4800//3185 4801//3186
f 4802//3167 4803//3187 4804//3168
f 4805//3188 4806//3189 4807//3190
f 4808//3171 4809//3191 4810//3172
f 4811//3175 4812//3192 4813//3193
f 4814//3175 4815//3194 4816//3195
f 4817//3195 4818//3194 4819//3196
f 4820//3197 4821//3198 4822//3180
f 4823//3180 4824//3198 4825//3199
f 4826//3200 4827//3201 4828//2710
f 4829//2710 4830//3202 4831//3203
f 4832//3204 4833//2869 4834//3205
f 4835//3206 4836//3205 4837//3207
f 4838//3208 4839//3209 4840//2865
f 4841//3210 4842//2865 4843//3211
f 4844//3212 4845//2862 4846//2861
f 4847//3189 4848//3213 4849//3214
f 4850//3214 4851//2858 4852//2854
f 4853//3215 4854//2854 4855//3193
f 4856//3216 4857//2854 4858//2853
f 4859//3216 4860//2850 4861//3217
f 4862//3217 4863//2850 4864//3218
f 4865//3219 4866//2848 4867//3199
f 4868//3220 4869//3221 4870//2846
f 4871//3220 4872//3222 4873//3223
f 4874//3223 4875//3222 4876//3224
f 4877//2616 4878//2731 4879//2617
f 4880//3225 4881//3226 4882//3227
f 4883//3228 4884//3229 4885//3226
f 4886//3230 4887//3231 4888//3232
f 4889//3233 4890//3234 4891//2611
f 4892//3227 4893//3226 4894//3235
f 4895//3236 4896//3237 4897//3238
f 4898//3239 4899//3240 4900//3241
f 4901//3242 4902//2723 4903//3243
f 4904//3244 4905//3245 4906//2607
f 4907//3244 4908//3246 4909//3247
f 4910//3238 4911//3248 4912//3249
f 4913//3238 4914//3250 4915//3251
f 4916//3250 4917//3252 4918//3251
f 4919//3243 4920//2720 4921//3253
f 4922//2720 4923//2719 4924//3254
f 4925//2602 4926//3255 4927//3256
f 4928//2602 4929//3245 4930//3257
f 4931//3258 4932//3259 4933//3257
f 4934//3260 4935//3261 4936//3262
f 4937//3261 4938//3263 4939//3264
f 4940//3248 4941//3252 4942//3265
f 4943//3266 4944//3267 4945//3268
f 4946//3269 4947//2716 4948//3267
f 4949//2716 4950//3270 4951//3271
f 4952//3272 4953//3273 4954//3274
f 4955//3275 4956//3255 4957//3276
f 4958//3277 4959//3278 4960//3279
f 4961//3280 4962//3281 4963//3282
f 4964//3283 4965//3284 4966//3285
f 4967//3286 4968//3287 4969//3288
f 4970//3287 4971//3289 4972//3288
f 4973//3287 4974//3290 4975//3291
f 4976//3290 4977//3292 4978//3293
f 4979//3290 4980//3294 4981//3295
f 4982//3296 4983//2712 4984//3295
f 4985//3297 4986//3298 4987//2595
f 4988//3299 4989//3300 4990//3301
f 4991//3302 4992//3303 4993//3301
f 4994//3302 4995//3278 4996//3304
f 4997//3305 4998//3306 4999//3304
f 5000//3282 5001//3307 5002//3308
f 5003//3307 5004//3309 5005//3310
f 5006//3311 5007//3312 5008//3313
f 5009//3312 5010//3314 5011//3315
f 5012//3312 5013//3292 5014//3314
f 5015//3295 5016//3316 5017//3317
f 5018//3295 5019//2709 5020//3316
f 5021//2709 5022//2708 5023//3316
f 5024//3318 5025//2816 5026//2547
f 5027//3318 5028//3301 5029//2816
f 5030//3301 5031//2814 5032//2813
f 5033//3301 5034//3304 5035//3319
f 5036//3304 5037//2810 5038//3320
f 5039//3304 5040//3308 5041//3321
f 5042//3308 5043//3322 5044//3321
f 5045//3323 5046//3324 5047//2806
f 5048//3325 5049//3326 5050//2806
f 5051//3315 5052//3314 5053//3327
f 5054//3314 5055//2798 5056//2797
f 5057//3314 5058//3328 5059//2795
f 5060//3329 5061//2791 5062//2795
f 5063//3329 5064//3330 5065//3331
f 5066//3330 5067//2704 5068//2791
f 5069//2552 5070//2673 5071//3332
f 5072//3333 5073//2669 5074//3334
f 5075//3335 5076//3336 5077//3337
f 5078//3338 5079//3336 5080//2786
f 5081//2669 5082//3339 5083//3340
f 5084//3341 5085//3342 5086//3343
f 5087//3344 5088//3345 5089//3346
f 5090//3343 5091//3347 5092//3348
f 5093//3349 5094//3347 5095//2782
f 5096//3339 5097//2662 5098//3350
f 5099//3339 5100//3351 5101//3342
f 5102//3352 5103//3351 5104//3353
f 5105//3354 5106//3355 5107//3356
f 5108//3356 5109//3357 5110//3358
f 5111//3359 5112//3360 5113//2777
f 5114//2777 5115//3361 5116//3362
f 5117//3363 5118//3364 5119//3365
f 5120//3363 5121//3365 5122//3366
f 5123//3366 5124//3367 5125//3368
f 5126//3369 5127//3368 5128//3370
f 5129//3370 5130//3371 5131//3372
f 5132//3357 5133//3372 5134//3373
f 5135//3373 5136//3372 5137//3374
f 5138//3373 5139//3375 5140//2773
f 5141//3376 5142//3377 5143//3378
f 5144//3379 5145//3380 5146//3381
f 5147//3379 5148//3381 5149//3382
f 5150//3383 5151//3384 5152//3385
f 5153//3367 5154//3386 5155//3368
f 5156//3387 5157//3388 5158//3389
f 5159//3390 5160//3391 5161//3392
f 5162//3392 5163//3393 5164//3394
f 5165//3392 5166//3394 5167//3395
f 5168//3395 5169//3394 5170//3396
f 5171//3397 5172//3398 5173//3399
f 5174//3399 5175//3400 5176//3401
f 5177//3402 5178//3403 5179//3404
f 5180//2654 5181//3405 5182//3406
f 5183//3407 5184//3405 5185//3408
f 5186//3384 5187//3408 5188//3385
f 5189//3409 5190//3410 5191//3411
f 5192//3409 5193//3411 5194//3389
f 5195//3393 5196//3412 5197//3413
f 5198//3393 5199//3414 5200//3415
f 5201//3415 5202//3414 5203//3416
f 5204//3417 5205//3418 5206//3419
f 5207//3419 5208//3418 5209//3420
f 5210//3400 5211//3421 5212//2765
f 5213//2765 5214//3422 5215//3423
f 5216//3424 5217//3425 5218//3426
f 5219//3427 5220//3426 5221//3428
f 5222//3429 5223//2894 5224//3430
f 5225//3429 5226//3430 5227//3431
f 5228//3431 5229//2890 5230//3432
f 5231//3433 5232//3432 5233//3411
f 5234//3434 5235//3435 5236//3436
f 5237//3412 5238//3436 5239//3437
f 5240//3438 5241//3439 5242//3440
f 5243//3441 5244//3442 5245//3416
f 5246//3418 5247//3443 5248//3444
f 5249//3445 5250//3446 5251//3447
f 5252//3448 5253//3446 5254//2872
f 5255//3449 5256//2872 5257//3450
f 5258//3450 5259//2872 5260//2561
f 5261//2549 5262//2787 5263//3451
f 5264//3452 5265//3453 5266//3454
f 5267//3452 5268//3455 5269//3456
f 5270//2784 5271//2780 5272//3457
f 5273//3458 5274//3459 5275//2641
f 5276//3454 5277//3453 5278//3459
f 5279//3460 5280//3461 5281//3462
f 5282//3463 5283//2780 5284//3464
f 5285//2780 5286//2779 5287//3464
f 5288//3465 5289//3466 5290//2637
f 5291//2636 5292//3467 5293//3468
f 5294//3469 5295//3470 5296//3471
f 5297//3462 5298//3472 5299//3473
f 5300//3472 5301//3474 5302//3475
f 5303//3464 5304//2776 5305//3476
f 5306//3477 5307//3478 5308//3479
f 5309//2637 5310//3480 5311//2633
f 5312//3481 5313//3482 5314//3480
f 5315//3482 5316//3483 5317//3484
f 5318//3485 5319//3470 5320//3483
f 5321//3486 5322//3487 5323//3483
f 5324//3475 5325//3474 5326//3488
f 5327//3474 5328//3489 5329//3490
f 5330//3479 5331//3491 5332//3489
f 5333//3492 5334//3493 5335//3489
f 5336//3494 5337//3495 5338//3496
f 5339//2628 5340//3480 5341//3497
f 5342//3498 5343//3499 5344//3500
f 5345//3501 5346//3483 5347//3502
f 5348//3503 5349//3504 5350//3505
f 5351//3506 5352//3507 5353//3504
f 5354//3508 5355//3509 5356//3510
f 5357//3511 5358//3489 5359//3512
f 5360//3489 5361//3513 5362//3512
f 5363//3489 5364//2768 5365//3513
f 5366//2768 5367//2767 5368//3513
f 5369//3514 5370//3515 5371//3516
f 5372//3517 5373//3518 5374//3519
f 5375//3500 5376//3520 5377//3519
f 5378//3497 5379//3499 5380//3521
f 5381//3522 5382//3523 5383//3524
f 5384//3522 5385//3504 5386//3525
f 5387//3526 5388//3527 5389//3528
f 5390//3526 5391//3509 5392//3529
f 5393//3509 5394//3530 5395//3531
f 5396//3532 5397//3513 5398//3530
f 5399//3513 5400//3533 5401//3534
f 5402//3535 5403//3536 5404//3537
f 5405//3536 5406//2763 5407//3538
f 5408//2620 5409//3539 5410//2621
f 5411//2620 5412//3540 5413//3539
f 5414//3541 5415//3542 5416//3543
f 5417//3541 5418//3544 5419//3545
f 5420//3546 5421//3547 5422//2837
f 5423//3548 5424//3523 5425//3549
f 5426//3550 5427//3551 5428//2833
f 5429//3528 5430//3531 5431//3552
f 5432//3531 5433//2830 5434//3553
f 5435//3531 5436//3530 5437//3554
f 5438//3530 5439//2826 5440//2825
f 5441//3534 5442//3555 5443//2822
f 5444//3555 5445//3556 5446//2822
f 5447//3557 5448//2761 5449//2819
f 5450//2761 5451//2564 5452//3556
f 5453//2555 5454//2702 5455//2586
f 5456//2586 5457//3558 5458//3559
f 5459//3560 5460//2702 5461//3558
f 5462//2702 5463//2695 5464//3561
f 5465//2583 5466//3562 5467//3563
f 5468//2583 5469//3561 5470//3562
f 5471//3564 5472//3565 5473//3566
f 5474//3567 5475//3568 5476//3569
f 5477//3570 5478//3571 5479//3572
f 5480//3573 5481//3574 5482//2576
f 5483//3573 5484//3575 5485//3576
f 5486//3577 5487//3578 5488//3579
f 5489//3577 5490//3565 5491//3578
f 5492//3580 5493//3581 5494//3578
f 5495//3582 5496//3583 5497//3584
f 5498//3583 5499//3585 5500//3586
f 5501//2576 5502//3587 5503//3588
f 5504//2576 5505//3589 5506//3590
f 5507//3591 5508//3592 5509//3590
f 5510//3593 5511//3594 5512//3595
f 5513//3596 5514//3597 5515//3598
f 5516//3596 5517//3599 5518//3600
f 5519//3586 5520//3601 5521//3602
f 5522//3586 5523//2687 5524//3603
f 5525//2687 5526//2686 5527//3604
f 5528//3605 5529//3606 5530//3607
f 5531//3605 5532//3587 5533//3608
f 5534//3590 5535//3609 5536//3608
f 5537//3590 5538//3610 5539//3611
f 5540//3612 5541//3613 5542//3614
f 5543//3598 5544//3615 5545//3616
f 5546//3617 5547//3618 5548//3616
f 5549//3617 5550//3601 5551//3618
f 5552//3619 5553//3620 5554//3621
f 5555//3604 5556//2683 5557//3622
f 5558//2683 5559//2682 5560//3622
f 5561//3623 5562//3624 5563//2566
f 5564//3625 5565//3606 5566//3624
f 5567//3626 5568//3627 5569//3628
f 5570//3629 5571//3609 5572//3630
f 5573//3614 5574//3631 5575//3632
f 5576//3614 5577//3616 5578//3631
f 5579//3616 5580//3633 5581//3631
f 5582//3616 5583//3621 5584//3633
f 5585//3621 5586//3634 5587//3635
f 5588//3621 5589//3620 5590//3636
f 5591//3637 5592//3638 5593//3639
f 5594//3640 5595//3641 5596//3642
f 5597//3643 5598//3644 5599//3645
f 5600//2566 5601//2898 5602//2543
f 5603//2566 5604//3646 5605//2898
f 5606//3647 5607//3648 5608//2895
f 5609//3649 5610//3632 5611//3648
f 5612//3632 5613//3650 5614//2891
f 5615//3632 5616//3651 5617//3652
f 5618//3653 5619//3654 5620//2887
f 5621//3653 5622//3633 5623//3655
f 5624//3656 5625//3657 5626//2883
f 5627//3658 5628//3634 5629//3659
f 5630//3634 5631//3660 5632//3659
f 5633//3639 5634//3638 5635//3661
f 5636//3662 5637//3663 5638//2875
f 5639//3645 5640//2677 5641//3664
f 5642//2677 5643//2676 5644//3664
f 5645//2554 5646//2615 5647//2700
f 5648//3665 5649//3666 5650//3667
f 5651//3668 5652//3667 5653//3669
f 5654//3670 5655//3671 5656//2696
f 5657//2609 5658//3672 5659//3673
f 5660//2609 5661//3674 5662//3675
f 5663//3675 5664//3676 5665//3677
f 5666//3678 5667//3679 5668//2696
f 5669//3680 5670//3681 5671//3682
f 5672//2605 5673//2604 5674//3683
f 5675//2605 5676//3684 5677//3673
f 5678//3673 5679//3685 5680//3686
f 5681//3687 5682//3688 5683//3689
f 5684//3681 5685//3690 5686//3691
f 5687//3681 5688//3691 5689//2692
f 5690//3692 5691//3693 5692//2693
f 5693//3694 5694//2600 5695//3695
f 5696//3694 5697//3695 5698//3696
f 5699//3697 5700//3698 5701//3699
f 5702//3685 5703//3699 5704//3700
f 5705//3701 5706//3702 5707//3703
f 5708//3690 5709//3704 5710//3705
f 5711//3705 5712//3704 5713//3706
f 5714//3693 5715//3706 5716//3707
f 5717//2688 5718//3706 5719//3708
f 5720//3709 5721//3710 5722//3711
f 5723//3712 5724//3711 5725//3713
f 5726//3714 5727//3711 5728//3715
f 5729//3714 5730//3715 5731//3699
f 5732//3716 5733//3715 5734//3717
f 5735//3699 5736//3718 5737//3719
f 5738//3720 5739//3718 5740//3721
f 5741//3722 5742//3723 5743//3724
f 5744//3725 5745//3723 5746//3726
f 5747//3725 5748//3726 5749//3727
f 5750//3728 5751//3729 5752//3730
f 5753//3731 5754//3732 5755//3733
f 5756//2593 5757//3733 5758//3711
f 5759//3734 5760//3735 5761//3736
f 5762//3737 5763//3736 5764//3738
f 5765//3739 5766//3740 5767//3741
f 5768//3742 5769//3741 5770//3743
f 5771//3744 5772//3741 5773//3745
f 5774//3746 5775//3747 5776//3748
f 5777//3748 5778//3749 5779//3750
f 5780//3748 5781//3751 5782//3729
f 5783//3729 5784//3752 5785//3753
f 5786//3729 5787//3754 5788//3730
f 5789//3755 5790//3754 5791//2678
f 5792//2590 5793//2589 5794//2843
f 5795//2590 5796//3756 5797//3733
f 5798//3757 5799//3756 5800//3758
f 5801//3759 5802//3758 5803//3736
f 5804//3736 5805//3760 5806//3761
f 5807//3740 5808//3761 5809//3762
f 5810//3763 5811//3764 5812//3765
f 5813//3766 5814//3765 5815//3747
f 5816//3747 5817//3767 5818//3768
f 5819//3747 5820//3769 5821//3770
f 5822//3771 5823//3772 5824//2823
f 5825//3771 5826//3773 5827//3774
f 5828//3774 5829//3773 5830//2818
f 5831//3775 5832//2818 5833//2678
f 5834//2678 5835//3776 5836//3777
f 5837//3778 5838//3779 5839//3780
f 5837//3778 5839//3780 5840//3781
f 5841//3782 5842//3783 5843//3784
f 5841//3782 5843//3784 5844//3785
f 5845//3786 5846//3787 5847//3788
f 5845//3786 5847//3788 5848//3789
f 5849//3790 5850//3791 5851//3792
f 5849//3790 5851//3792 5852//3793
f 5853//3794 5854//3795 5855//3796
f 5853//3794 5855//3796 5856//3797
f 5857//3798 5858//3799 5859//3800
f 5857//3798 5859//3800 5860//3801
f 5861//3802 5862//3803 5863//3804
f 5861//3802 5863//3804 5864//3805
f 5865//3806 5866//3807 5867//3808
f 5865//3806 5867//3808 5868//3809
f 5869//3810 5870//3811 5871//3812
f 5869//3810 5871//3812 5872//3813
f 5873//3814 5874//3815 5875//3816
f 5873//3814 5875//3816 5876//3817
f 5877//3818 5878//3819 5879//3820
f 5877//3818 5879//3820 5880//3821
f 5881//3822 5882//3823 5883//3824
f 5881//3822 5883//3824 5884//3825
f 5885//3826 5886//3827 5887//3828
f 5885//3826 5887//3828 5888//3829
f 5889//3827 5890//3830 5891//3831
f 5889//3827 5891//3831 5892//3832
f 5893//3833 5894//3834 5895//3835
f 5893//3833 5895//3835 5896//3836
f 5897//3837 5898//3838 5899//3839
f 5897//3837 5899//3839 5900//3840
f 5901//3841 5902//3842 5903//3843
f 5901//3841 5903//3843 5904//3844
f 5905//3842 5906//3845 5907//3846
f 5905//3842 5907//3846 5908//3847
f 5909//3848 5910//3849 5911//3850
f 5909//3848 5911//3850 5912//3851
f 5913//3852 5914//3853 5915//3854
f 5913//3852 5915//3854 5916//3855
f 5917//3853 5918//3856 5919//3857
f 5917//3853 5919//3857 5920//3858
f 5921//3859 5922//3791 5923//3790
f 5921//3859 5923//3790 5924//3860
f 5925//3785 5926//3861 5927//3862
f 5925//3785 5927//3862 5928//3863
f 5929//3864 5930//3865 5931//3866
f 5929//3864 5931//3866 5932//3862
f 5933//3867 5934//3868 5935//3869
f 5933//3867 5935//3869 5936//3866
f 5937//3870 5938//3871 5939//3872
f 5937//3870 5939//3872 5940//3873
f 5941//3871 5942//3874 5943//3875
f 5941//3871 5943//3875 5944//3872
f 5945//3876 5946//3877 5947//3878
f 5945//3876 5947//3878 5948//3879
f 5949//3880 5950//3881 5951//3882
f 5949//3880 5951//3882 5952//3883
f 5953//3881 5954//3787 5955//3786
f 5953//3881 5955//3786 5956//3882
f 5957//3781 5958//3884 5959//3885
f 5957//3781 5959//3885 5960//3778
f 5961//3886 5962//3887 5963//3888
f 5961//3886 5963//3888 5964//3889
f 5965//3890 5966//3891 5967//3892
f 5965//3890 5967//3892 5968//3893
f 5969//3891 5970//3894 5971//3895
f 5969//3891 5971//3895 5972//3896
f 5973//3897 5974//3898 5975//3899
f 5973//3897 5975//3899 5976//3895
f 5977//3900 5978//3901 5979//3902
f 5977//3900 5979//3902 5980//3899
f 5981//3901 5982//3903 5983//3904
f 5981//3901 5983//3904 5984//3905
f 5985//3906 5986//3789 5987//3907
f 5985//3906 5987//3907 5988//3908
f 5989//3909 5990//3910 5991//3911
f 5989//3909 5991//3911 5992//3912
f 5993//3913 5994//3914 5995//3915
f 5993//3913 5995//3915 5996//3911
f 5997//3916 5998//3917 5999//3918
f 5997//3916 5999//3918 6000//3919
f 6001//3920 6002//3921 6003//3922
f 6001//3920 6003//3922 6004//3918
f 6005//3923 6006//3924 6007//3925
f 6005//3923 6007//3925 6008//3926
f 6009//3927 6010//3928 6011//3929
f 6009//3927 6011//3929 6012//3930
f 6013//3931 6014//3932 6015//3933
f 6013//3931 6015//3933 6016//3934
f 6017//3932 6018//3792 6019//3791
f 6017//3932 6019//3791 6020//3935
f 6021//3936 6022//3937 6023//3938
f 6021//3936 6023//3938 6024//3796
f 6025//3937 6026//3939 6027//3940
f 6025//3937 6027//3940 6028//3941
f 6029//3942 6030//3943 6031//3944
f 6029//3942 6031//3944 6032//3945
f 6033//3946 6034//3947 6035//3948
f 6033//3946 6035//3948 6036//3944
f 6037//3949 6038//3950 6039//3951
f 6037//3949 6039//3951 6040//3952
f 6041//3953 6042//3954 6043//3955
f 6041//3953 6043//3955 6044//3956
f 6045//3957 6046//3958 6047//3959
f 6045//3957 6047//3959 6048//3960
f 6049//3961 6050//3790 6051//3793
f 6049//3961 6051//3793 6052//3962
f 6053//3963 6054//3964 6055//3965
f 6053//3963 6055//3965 6056//3794
f 6057//3966 6058//3967 6059//3968
f 6057//3966 6059//3968 6060//3965
f 6061//3969 6062//3970 6063//3971
f 6061//3969 6063//3971 6064//3972
f 6065//3973 6066//3974 6067//3975
f 6065//3973 6067//3975 6068//3976
f 6069//3977 6070//3978 6071//3979
f 6069//3977 6071//3979 6072//3980
f 6073//3981 6074//3982 6075//3983
f 6073//3981 6075//3983 6076//3984
f 6077//3985 6078//3986 6079//3987
f 6077//3985 6079//3987 6080//3988
f 6081//3989 6082//3788 6083//3787
f 6081//3989 6083//3787 6084//3990
f 6085//3991 6086//3992 6087//3993
f 6085//3991 6087//3993 6088//3994
f 6089//3995 6090//3996 6091//3997
f 6089//3995 6091//3997 6092//3998
f 6093//3999 6094//4000 6095//4001
f 6093//3999 6095//4001 6096//4002
f 6097//4003 6098//4004 6099//4005
f 6097//4003 6099//4005 6100//4006
f 6101//4007 6102//4008 6103//4009
f 6101//4007 6103//4009 6104//4010
f 6105//4011 6106//4012 6107//4013
f 6105//4011 6107//4013 6108//4014
f 6109//4015 6110//4016 6111//4017
f 6109//4015 6111//4017 6112//4018
f 6113//4019 6114//3786 6115//3789
f 6113//4019 6115//3789 6116//4020
f 6117//4021 6118//4022 6119//4023
f 6117//4021 6119//4023 6120//3795
f 6121//4024 6122//4025 6123//4026
f 6121//4024 6123//4026 6124//4027
f 6125//4028 6126//4029 6127//4030
f 6125//4028 6127//4030 6128//4031
f 6129//4032 6130//4033 6131//4034
f 6129//4032 6131//4034 6132//4035
f 6133//4036 6134//4037 6135//4038
f 6133//4036 6135//4038 6136//4039
f 6137//4037 6138//4040 6139//4041
f 6137//4037 6139//4041 6140//4042
f 6141//4040 6142//4043 6143//4044
f 6141//4040 6143//4044 6144//4045
f 6145//4043 6146//4046 6147//4047
f 6145//4043 6147//4047 6148//4048
f 6149//4049 6150//4050 6151//4051
f 6149//4049 6151//4051 6152//3991
f 6153//4052 6154//4053 6155//4054
f 6153//4052 6155//4054 6156//4051
f 6157//4055 6158//4056 6159//4057
f 6157//4055 6159//4057 6160//4058
f 6161//4059 6162//4060 6163//4061
f 6161//4059 6163//4061 6164//4062
f 6165//4060 6166//4063 6167//4064
f 6165//4060 6167//4064 6168//4065
f 6169//4066 6170//4067 6171//4068
f 6169//4066 6171//4068 6172//4069
f 6173//4070 6174//4071 6175//4072
f 6173//4070 6175//4072 6176//4073
f 6177//4074 6178//3833 6179//4075
f 6177//4074 6179//4075 6180//4076
f 6181//3796 6182//4077 6183//4078
f 6181//3796 6183//4078 6184//4079
f 6185//4080 6186//4081 6187//4082
f 6185//4080 6187//4082 6188//4083
f 6189//4084 6190//4085 6191//4086
f 6189//4084 6191//4086 6192//4087
f 6193//4088 6194//4089 6195//4090
f 6193//4088 6195//4090 6196//4091
f 6197//4089 6198//4092 6199//4093
f 6197//4089 6199//4093 6200//4094
f 6201//4095 6202//4096 6203//4097
f 6201//4095 6203//4097 6204//4098
f 6205//4096 6206//4099 6207//4100
f 6205//4096 6207//4100 6208//4101
f 6209//4102 6210//4103 6211//3778
f 6209//4102 6211//3778 6212//4104
f 6213//4105 6214//4106 6215//4107
f 6213//4105 6215//4107 6216//3799
f 6217//4106 6218//4108 6219//4109
f 6217//4106 6219//4109 6220//4110
f 6221//4111 6222//4112 6223//4113
f 6221//4111 6223//4113 6224//4109
f 6225//4114 6226//4115 6227//4116
f 6225//4114 6227//4116 6228//4113
f 6229//4117 6230//4118 6231//4119
f 6229//4117 6231//4119 6232//4116
f 6233//4120 6234//4121 6235//4122
f 6233//4120 6235//4122 6236//4119
f 6237//4123 6238//4124 6239//4125
f 6237//4123 6239//4125 6240//4126
f 6241//4124 6242//3781 6243//4127
f 6241//4124 6243//4127 6244//4128
f 6245//3907 6246//3989 6247//3908
f 6248//4129 6249//4130 6250//4131
f 6251//4129 6252//3989 6253//4132
f 6254//3986 6255//3985 6256//4132
f 6257//4133 6258//4134 6259//4135
f 6260//4136 6261//4137 6262//4138
f 6263//4132 6264//4139 6265//4140
f 6266//4132 6267//4141 6268//4142
f 6269//4143 6270//4144 6271//4145
f 6272//4135 6273//4146 6274//4147
f 6275//4148 6276//4134 6277//4149
f 6278//4140 6279//4150 6280//4151
f 6281//4140 6282//4139 6283//4150
f 6284//4139 6285//4152 6286//4150
f 6287//4145 6288//3978 6289//4153
f 6290//3978 6291//3977 6292//4153
f 6293//4154 6294//4155 6295//3896
f 6296//3895 6297//4146 6298//4156
f 6299//4157 6300//4158 6301//4159
f 6302//4157 6303//4160 6304//4161
f 6305//4162 6306//4163 6307//4161
f 6308//4162 6309//4164 6310//4163
f 6311//4164 6312//4165 6313//4163
f 6314//4153 6315//4166 6316//4167
f 6317//4166 6318//4168 6319//4169
f 6320//3892 6321//4170 6322//4171
f 6323//3896 6324//4155 6325//4172
f 6326//4173 6327//4174 6328//4170
f 6329//4173 6330//4175 6331//4176
f 6332//4177 6333//4178 6334//4174
f 6335//4179 6336//4180 6337//4178
f 6338//4163 6339//4181 6340//4182
f 6341//4163 6342//4165 6343//4183
f 6344//4184 6345//4185 6346//4181
f 6347//4186 6348//4168 6349//4185
f 6350//4187 6351//3969 6352//4185
f 6353//4171 6354//4188 6355//4189
f 6356//4190 6357//4191 6358//4188
f 6359//4170 6360//4192 6361//4193
f 6362//4170 6363//4194 6364//4192
f 6365//4194 6366//4195 6367//4192
f 6368//4174 6369//4196 6370//4195
f 6371//4178 6372//4197 6373//4198
f 6374//4182 6375//4199 6376//4200
f 6377//4201 6378//4202 6379//4203
f 6380//4181 6381//4204 6382//4205
f 6383//4206 6384//4207 6385//4205
f 6386//4206 6387//3967 6388//4208
f 6389//3967 6390//4209 6391//4207
f 6392//3885 6393//4210 6394//3778
f 6395//4211 6396//4212 6397//4104
f 6398//4212 6399//4097 6400//4213
f 6401//4214 6402//4215 6403//4216
f 6404//4217 6405//4098 6406//4097
f 6407//4218 6408//4219 6409//4098
f 6410//4219 6411//4094 6412//4220
f 6413//4221 6414//4197 6415//4094
f 6416//4222 6417//4223 6418//4224
f 6419//4222 6420//4202 6421//4223
f 6422//4202 6423//4087 6424//4086
f 6425//4202 6426//4225 6427//4082
f 6428//4226 6429//4083 6430//4082
f 6431//4226 6432//4227 6433//4078
f 6434//4227 6435//4228 6436//4078
f 6437//3787 6438//3881 6439//4229
f 6440//3881 6441//4230 6442//4231
f 6443//4232 6444//4231 6445//3987
f 6446//3987 6447//4231 6448//4233
f 6449//4234 6450//4235 6451//4236
f 6452//4237 6453//4238 6454//4239
f 6455//4240 6456//4241 6457//4242
f 6458//4243 6459//4242 6460//4244
f 6461//4245 6462//4242 6463//4246
f 6464//4235 6465//4247 6466//4248
f 6467//4235 6468//4249 6469//4238
f 6470//4238 6471//4250 6472//4251
f 6473//4252 6474//4253 6475//4254
f 6476//4254 6477//4253 6478//4255
f 6479//4256 6480//4257 6481//4258
f 6482//4258 6483//4259 6484//4260
f 6485//4247 6486//3870 6487//4261
f 6488//4247 6489//4262 6490//4263
f 6491//4264 6492//4265 6493//4266
f 6494//4267 6495//4268 6496//4269
f 6497//4270 6498//4271 6499//4272
f 6500//4273 6501//4274 6502//4275
f 6503//4275 6504//4276 6505//4277
f 6506//4278 6507//4279 6508//4260
f 6509//4260 6510//4279 6511//4280
f 6512//3870 6513//4281 6514//4282
f 6515//3870 6516//4283 6517//4261
f 6518//4284 6519//4283 6520//4285
f 6521//4286 6522//4285 6523//4287
f 6524//4287 6525//4285 6526//4288
f 6527//4289 6528//4288 6529//4290
f 6530//4291 6531//4292 6532//4293
f 6533//4276 6534//4294 6535//4295
f 6536//4295 6537//4294 6538//4296
f 6539//4297 6540//4298 6541//4299
f 6542//4300 6543//4301 6544//3972
f 6545//4302 6546//3861 6547//4303
f 6548//4302 6549//4303 6550//4304
f 6551//4282 6552//4305 6553//4306
f 6554//4307 6555//4308 6556//4309
f 6557//4310 6558//4308 6559//4311
f 6560//4312 6561//4311 6562//4288
f 6563//4313 6564//4311 6565//4314
f 6566//4315 6567//4314 6568//4316
f 6569//4293 6570//4314 6571//4317
f 6572//4318 6573//4317 6574//4319
f 6575//4320 6576//4317 6577//4321
f 6578//4322 6579//4323 6580//3968
f 6581//3968 6582//4323 6583//4324
f 6584//3861 6585//3785 6586//4325
f 6587//3861 6588//4043 6589//4326
f 6590//4327 6591//4328 6592//4040
f 6593//4327 6594//4040 6595//4306
f 6596//4306 6597//4040 6598//4329
f 6599//4306 6600//4330 6601//4311
f 6602//4311 6603//4330 6604//4036
f 6605//4311 6606//4331 6607//4332
f 6608//4333 6609//4331 6610//4334
f 6611//4333 6612//4334 6613//4335
f 6614//4336 6615//4337 6616//4028
f 6617//4335 6618//4338 6619//4339
f 6620//4340 6621//4341 6622//4024
f 6623//4342 6624//4024 6625//3965
f 6626//3965 6627//4022 6628//4021
f 6629//4343 6630//4344 6631//4345
f 6632//4346 6633//4347 6634//4348
f 6635//4344 6636//4349 6637//4350
f 6638//4350 6639//4349 6640//3960
f 6641//4351 6642//3822 6643//4352
f 6644//4353 6645//4352 6646//4349
f 6647//4354 6648//4355 6649//4356
f 6650//4349 6651//4357 6652//3955
f 6653//3955 6654//4358 6655//3956
f 6656//4359 6657//4360 6658//4361
f 6659//4359 6660//4362 6661//4352
f 6662//4363 6663//4364 6664//4365
f 6665//4363 6666//4366 6667//4367
f 6668//4368 6669//4369 6670//4370
f 6671//4371 6672//4372 6673//3951
f 6674//3951 6675//4372 6676//3952
f 6677//4373 6678//4374 6679//4375
f 6680//4373 6681//4375 6682//4361
f 6683//4361 6684//4376 6685//4377
f 6686//4378 6687//4379 6688//4365
f 6689//4380 6690//4379 6691//4381
f 6692//4369 6693//4381 6694//4382
f 6695//4383 6696//4384 6697//4385
f 6698//4372 6699//4386 6700//3948
f 6701//3948 6702//4387 6703//3944
f 6704//4388 6705//4389 6706//4390
f 6707//4388 6708//4391 6709//4375
f 6710//4392 6711//4393 6712//4394
f 6713//4395 6714//4396 6715//4377
f 6716//4379 6717//4397 6718//4398
f 6719//4379 6720//4398 6721//4381
f 6722//4381 6723//4399 6724//4400
f 6725//4384 6726//4400 6727//4401
f 6728//4401 6729//4402 6730//4403
f 6731//4404 6732//4405 6733//3944
f 6734//3944 6735//4405 6736//3945
f 6737//4406 6738//3806 6739//4407
f 6740//3807 6741//4407 6742//4390
f 6743//4408 6744//4409 6745//4410
f 6746//4411 6747//4412 6748//4397
f 6749//4397 6750//4412 6751//4413
f 6752//4397 6753//4413 6754//4414
f 6755//4415 6756//4416 6757//4417
f 6758//4418 6759//4417 6760//4419
f 6761//4420 6762//4421 6763//4422
f 6764//4420 6765//4423 6766//4424
f 6767//4424 6768//4423 6769//4425
f 6770//4426 6771//4427 6772//3940
f 6773//3940 6774//4427 6775//4428
f 6776//3806 6777//4429 6778//4430
f 6779//3806 6780//4099 6781//4407
f 6782//4431 6783//4099 6784//4432
f 6785//4433 6786//4434 6787//4435
f 6788//4436 6789//4437 6790//4095
f 6791//4412 6792//4095 6793//4438
f 6794//4416 6795//4439 6796//4440
f 6797//4416 6798//4441 6799//4417
f 6800//4442 6801//4089 6802//4443
f 6803//4442 6804//4443 6805//4444
f 6806//4445 6807//4446 6808//4084
f 6809//4447 6810//4081 6811//4427
f 6812//4448 6813//4449 6814//4080
f 6815//4448 6816//4450 6817//4451
f 6818//4452 6819//4077 6820//3796
f 6821//3790 6822//3961 6823//4453
f 6824//4454 6825//4455 6826//4456
f 6827//4457 6828//3961 6829//4458
f 6830//4459 6831//4460 6832//4458
f 6833//4461 6834//4462 6835//3850
f 6836//4456 6837//4463 6838//4462
f 6839//4464 6840//4465 6841//4466
f 6842//4467 6843//4468 6844//4469
f 6845//4470 6846//4471 6847//4469
f 6848//3850 6849//4472 6850//4473
f 6851//3850 6852//4474 6853//4475
f 6854//4476 6855//4477 6856//4478
f 6857//4476 6858//4479 6859//4480
f 6860//4479 6861//4481 6862//4482
f 6863//4483 6864//4484 6865//4481
f 6866//4485 6867//4486 6868//4487
f 6869//4488 6870//4489 6871//4490
f 6872//4488 6873//4491 6874//4489
f 6875//4491 6876//4492 6877//4493
f 6878//4494 6879//4477 6880//4495
f 6881//4477 6882//4496 6883//4497
f 6884//4482 6885//4498 6886//4496
f 6887//4499 6888//4500 6889//4501
f 6890//4487 6891//4502 6892//4503
f 6893//4502 6894//3946 6895//4503
f 6896//4490 6897//4504 6898//4505
f 6899//4490 6900//4493 6901//4504
f 6902//4493 6903//4506 6904//4507
f 6905//4493 6906//4497 6907//4508
f 6908//4509 6909//4510 6910//4511
f 6911//4509 6912//4512 6913//4513
f 6914//4514 6915//4515 6916//4516
f 6917//4514 6918//4517 6919//4515
f 6920//4517 6921//4518 6922//4519
f 6923//4520 6924//4521 6925//4522
f 6926//3943 6927//4523 6928//4522
f 6929//3839 6930//4524 6931//4525
f 6932//3839 6933//4504 6934//4524
f 6935//4526 6936//4527 6937//4524
f 6938//4528 6939//4529 6940//4530
f 6941//4511 6942//4531 6943//4530
f 6944//4511 6945//4510 6946//4532
f 6947//4533 6948//4534 6949//4535
f 6950//4536 6951//4537 6952//4534
f 6953//4515 6954//4538 6955//4534
f 6956//4515 6957//4522 6958//4539
f 6959//4540 6960//4541 6961//4542
f 6962//4522 6963//4543 6964//4544
f 6965//4545 6966//3937 6967//4544
f 6968//4546 6969//4048 6970//4047
f 6971//4546 6972//4547 6973//4548
f 6974//4549 6975//4550 6976//4551
f 6977//4549 6978//4527 6979//4552
f 6980//4553 6981//4042 6982//4041
f 6983//4553 6984//4532 6985//4042
f 6986//4532 6987//4039 6988//4042
f 6989//4535 6990//4554 6991//4555
f 6992//4556 6993//4035 6994//4555
f 6995//4557 6996//4558 6997//4559
f 6998//4558 6999//4560 7000//4030
f 7001//4561 7002//4541 7003//4560
f 7004//4562 7005//4027 7006//4560
f 7007//4562 7008//4563 7009//4564
f 7010//3937 7011//3936 7012//4023
f 7013//3789 7014//3903 7015//4565
f 7016//4566 7017//3901 7018//4567
f 7019//3903 7020//4568 7021//4565
f 7022//4565 7023//4569 7024//4570
f 7025//4571 7026//3900 7027//4572
f 7028//4573 7029//4572 7030//4568
f 7031//4574 7032//4575 7033//4576
f 7034//4569 7035//4576 7036//4013
f 7037//4577 7038//4578 7039//4579
f 7040//4580 7041//4581 7042//4582
f 7043//4580 7044//4583 7045//4572
f 7046//4575 7047//4584 7048//4585
f 7049//4575 7050//4586 7051//4576
f 7052//4587 7053//4588 7054//4589
f 7055//4590 7056//4591 7057//4592
f 7058//4009 7059//4591 7060//4010
f 7061//4581 7062//3891 7063//4593
f 7064//4594 7065//4593 7066//4595
f 7067//4595 7068//4596 7069//4597
f 7070//4595 7071//4598 7072//4585
f 7073//4599 7074//4600 7075//4601
f 7076//4599 7077//4602 7078//4589
f 7079//4589 7080//4603 7081//4604
f 7082//4605 7083//4606 7084//4010
f 7085//4607 7086//4606 7087//4608
f 7088//4609 7089//4610 7090//4611
f 7091//4609 7092//4612 7093//4613
f 7094//4614 7095//4612 7096//4615
f 7097//4614 7098//4616 7099//4617
f 7100//4618 7101//4619 7102//4620
f 7103//4621 7104//4620 7105//4622
f 7106//4623 7107//4624 7108//4625
f 7109//4626 7110//4627 7111//4604
f 7112//4628 7113//4627 7114//4629
f 7115//4606 7116//4630 7117//4631
f 7118//4608 7119//4629 7120//4002
f 7121//4632 7122//4633 7123//4634
f 7124//4635 7125//4634 7126//4636
f 7127//4612 7128//4637 7129//4638
f 7130//4612 7131//4639 7132//4615
f 7133//4640 7134//4641 7135//4642
f 7136//4643 7137//4644 7138//4645
f 7139//4620 7140//4644 7141//4646
f 7142//4647 7143//4648 7144//4625
f 7145//4649 7146//4650 7147//4651
f 7148//4652 7149//4651 7150//4653
f 7151//4653 7152//4651 7153//4654
f 7154//4653 7155//4655 7156//3997
f 7157//3997 7158//4656 7159//4657
f 7160//4658 7161//4659 7162//4660
f 7163//4658 7164//4660 7165//4637
f 7166//4637 7167//4661 7168//4662
f 7169//4637 7170//4662 7171//4663
f 7172//4664 7173//4665 7174//4120
f 7175//4664 7176//4666 7177//4642
f 7178//4667 7179//4118 7180//4117
f 7181//4644 7182//4117 7183//4646
f 7184//4668 7185//4669 7186//4670
f 7187//4671 7188//4672 7189//4651
f 7190//4673 7191//4672 7192//4111
f 7193//4651 7194//4111 7195//4674
f 7196//4675 7197//4108 7198//4106
f 7199//4655 7200//4106 7201//4657
f 7202//4676 7203//4106 7204//4677
f 7205//3786 7206//4019 7207//3882
f 7208//3882 7209//4678 7210//4679
f 7211//3882 7212//4680 7213//4678
f 7214//4681 7215//4015 7216//4682
f 7217//4683 7218//4684 7219//3879
f 7220//4679 7221//4685 7222//4686
f 7223//4687 7224//4688 7225//4689
f 7226//4690 7227//4012 7228//4691
f 7229//4012 7230//4692 7231//4693
f 7232//3875 7233//4694 7234//4695
f 7235//3879 7236//4684 7237//4694
f 7238//4696 7239//4697 7240//4698
f 7241//4696 7242//4688 7243//4697
f 7244//4693 7245//4699 7246//4700
f 7247//4693 7248//4008 7249//4701
f 7250//4008 7251//4702 7252//4701
f 7253//4703 7254//4704 7255//4705
f 7256//4706 7257//4707 7258//4704
f 7259//4708 7260//4709 7261//4710
f 7262//4711 7263//4712 7264//4713
f 7265//4712 7266//4714 7267//4715
f 7268//4716 7269//4699 7270//4717
f 7271//4718 7272//4719 7273//4720
f 7274//4721 7275//4722 7276//4723
f 7277//4724 7278//4725 7279//4726
f 7280//4727 7281//4728 7282//4729
f 7283//4705 7284//4730 7285//4728
f 7286//4710 7287//4731 7288//4728
f 7289//4710 7290//4709 7291//4732
f 7292//4733 7293//4734 7294//4735
f 7295//4736 7296//4714 7297//4734
f 7298//4737 7299//4738 7300//4739
f 7301//4740 7302//4719 7303//4741
f 7304//4742 7305//4743 7306//4744
f 7307//4726 7308//4745 7309//4743
f 7310//4000 7311//3999 7312//4743
f 7313//4746 7314//4747 7315//4748
f 7316//4749 7317//4750 7318//4747
f 7319//4751 7320//4752 7321//4753
f 7322//4754 7323//4755 7324//4756
f 7325//4757 7326//4758 7327//4759
f 7328//4760 7329//4761 7330//4758
f 7331//4762 7332//4763 7333//4758
f 7334//4764 7335//4765 7336//4766
f 7337//4765 7338//4767 7339//4766
f 7340//4768 7341//4743 7342//4769
f 7343//4743 7344//4770 7345//4771
f 7346//4743 7347//4772 7348//4773
f 7349//3996 7350//4774 7351//4775
f 7352//3862 7353//4076 7354//4776
f 7355//3862 7356//4777 7357//4076
f 7358//4778 7359//4779 7360//4780
f 7361//4753 7362//4781 7363//4779
f 7364//4782 7365//4783 7366//4784
f 7367//4759 7368//4785 7369//4783
f 7370//4758 7371//4786 7372//4787
f 7373//4788 7374//4789 7375//4061
f 7376//4790 7377//4791 7378//4786
f 7379//4789 7380//4767 7381//4792
f 7382//4793 7383//4058 7384//4792
f 7385//4794 7386//4795 7387//4054
f 7388//4795 7389//4796 7390//4797
f 7391//4798 7392//3992 7393//4796
f 7394//4799 7395//3991 7396//4796
f 7397//3831 7398//3932 7399//3832
f 7400//4800 7401//4801 7402//3829
f 7403//3832 7404//3932 7405//4801
f 7406//3932 7407//3931 7408//4802
f 7409//3824 7410//4803 7411//3825
f 7412//4804 7413//4805 7414//4803
f 7415//4806 7416//4807 7417//4803
f 7418//4808 7419//3931 7420//4809
f 7421//4810 7422//3927 7423//4807
f 7424//3820 7425//4811 7426//3821
f 7427//3820 7428//4812 7429//4813
f 7430//4814 7431//4815 7432//4816
f 7433//4817 7434//4807 7435//4818
f 7436//4807 7437//4819 7438//4818
f 7439//4820 7440//4821 7441//4822
f 7442//4821 7443//4823 7444//4822
f 7445//3816 7446//4824 7447//4825
f 7448//3816 7449//4826 7450//4827
f 7451//4816 7452//4828 7453//4829
f 7454//4830 7455//4831 7456//4828
f 7457//4831 7458//4832 7459//4833
f 7460//4818 7461//4822 7462//4834
f 7463//4835 7464//4836 7465//4834
f 7466//4822 7467//4823 7468//4836
f 7469//4823 7470//4837 7471//4838
f 7472//3817 7473//4839 7474//3813
f 7475//3817 7476//4840 7477//4841
f 7478//4842 7479//4843 7480//4844
f 7481//4845 7482//4846 7483//4843
f 7484//4847 7485//4848 7486//4849
f 7487//4850 7488//4832 7489//4851
f 7490//4852 7491//4853 7492//4854
f 7493//4855 7494//4856 7495//4853
f 7496//4857 7497//4858 7498//4853
f 7499//4859 7500//4860 7501//4861
f 7502//4862 7503//4863 7504//4864
f 7505//4865 7506//4866 7507//4867
f 7508//4865 7509//4841 7510//4868
f 7511//4844 7512//4869 7513//4870
f 7514//4871 7515//4872 7516//4869
f 7517//4849 7518//4873 7519//4874
f 7520//4875 7521//4876 7522//4873
f 7523//4877 7524//4878 7525//4873
f 7526//4879 7527//4853 7528//4880
f 7529//4881 7530//4882 7531//4883
f 7532//4884 7533//4858 7534//4885
f 7535//4858 7536//4886 7537//4885
f 7538//4864 7539//4887 7540//4888
f 7541//4889 7542//3913 7543//4888
f 7544//4890 7545//4128 7546//4127
f 7547//4890 7548//4891 7549//4128
f 7550//4892 7551//4122 7552//4128
f 7553//4892 7554//4893 7555//4122
f 7556//4894 7557//4895 7558//4896
f 7559//4897 7560//4873 7561//4898
f 7562//4873 7563//4116 7564//4119
f 7565//4899 7566//4900 7567//4901
f 7568//4902 7569//4113 7570//4901
f 7571//4903 7572//4904 7573//4113
f 7574//4904 7575//4905 7576//4113
f 7577//4906 7578//4886 7579//4907
f 7580//4908 7581//4107 7582//4907
f 7583//4888 7584//4909 7585//4910
f 7586//4911 7587//3799 7588//4910
f 7589//4912 7590//4913 7591//4914
f 7592//4915 7593//3853 7594//4916
f 7595//4915 7596//4917 7597//4918
f 7598//4918 7599//4917 7600//3934
f 7601//3853 7602//4919 7603//4920
f 7604//3853 7605//4921 7606//4916
f 7607//4922 7608//4921 7609//4923
f 7610//4924 7611//4925 7612//3934
f 7613//3934 7614//4925 7615//4926
f 7616//4927 7617//3845 7618//4928
f 7619//4919 7620//4929 7621//4930
f 7622//4931 7623//4932 7624//4933
f 7625//4921 7626//4934 7627//4923
f 7628//4935 7629//4936 7630//4937
f 7631//4938 7632//4939 7633//4940
f 7634//4940 7635//4941 7636//3922
f 7637//3845 7638//4942 7639//4943
f 7640//4944 7641//4945 7642//4928
f 7643//4928 7644//4946 7645//4947
f 7646//4948 7647//4949 7648//4950
f 7649//4950 7650//4951 7651//4952
f 7652//4950 7653//4953 7654//4954
f 7655//4954 7656//4955 7657//4956
f 7658//4939 7659//4957 7660//3922
f 7661//3922 7662//4958 7663//3918
f 7664//3842 7665//3841 7666//4959
f 7667//3842 7668//4959 7669//4960
f 7670//4946 7671//4961 7672//4962
f 7673//4946 7674//4962 7675//4963
f 7676//4963 7677//4964 7678//4965
f 7679//4951 7680//4966 7681//4967
f 7682//4968 7683//4969 7684//4970
f 7685//4968 7686//4971 7687//4957
f 7688//4972 7689//4973 7690//4974
f 7691//4957 7692//4975 7693//3918
f 7694//4976 7695//4975 7696//4977
f 7697//4978 7698//4979 7699//4980
f 7700//4981 7701//4980 7702//4982
f 7703//4983 7704//4984 7705//4985
f 7706//4983 7707//4986 7708//4987
f 7709//4988 7710//4986 7711//4989
f 7712//4990 7713//4991 7714//4965
f 7715//4992 7716//4993 7717//4994
f 7718//4995 7719//4996 7720//4997
f 7721//4998 7722//4999 7723//5000
f 7724//5001 7725//5002 7726//5003
f 7727//5003 7728//5004 7729//5005
f 7730//5006 7731//5005 7732//3915
f 7733//3915 7734//5007 7735//5008
f 7736//5009 7737//3833 7738//4071
f 7739//5010 7740//4071 7741//5011
f 7742//5011 7743//5012 7744//5013
f 7745//5014 7746//5013 7747//4985
f 7748//4985 7749//4067 7750//5015
f 7751//5016 7752//5017 7753//5018
f 7754//5019 7755//5017 7756//4060
f 7757//5019 7758//5020 7759//5021
f 7760//4994 7761//5020 7762//5022
f 7763//4999 7764//5023 7765//5002
f 7766//5002 7767//4056 7768//4055
f 7769//5004 7770//4055 7771//5024
f 7772//5024 7773//4053 7774//4052
f 7775//5024 7776//4052 7777//5008
f 7778//5008 7779//4050 7780//3800
